,,Enrichment,Enrichment,Enrichment,Enrichment,Enrichment,Enrichment,Enrichment,Enrichment
,,AUC,NES,MotifSimilarityQvalue,OrthologousIdentity,Annotation,Context,TargetGenes,RankAtMax
TF,MotifID,,,,,,,,
CHD1,transfac_pro__M04787,0.07134795288414196,3.1409838205780156,7.4e-05,1.0,"motif similar to dbcorrdb__CHD1__ENCSR000EFC_1__m1 ('CHD1 (ENCSR000EFC-1, motif 1)'; q-value = 7.4e-05) which is directly annotated","frozenset({'activating', 'hg38__refseq-r80__10kb_up_and_down_tss.mc9nr.genes_vs_motifs.rankings', 'weight>75.0%'})","[('XRCC1', 4.4273635940705685), ('BIRC3', 0.9036299757881532), ('GADD45B', 1.75537111455261), ('DUSP2', 0.4105392792501079), ('CCL2', 3.5923241676992843), ('AKNA', 1.9083369843260656), ('ARHGEF2', 7.362579508894313), ('SOCS3', 7.958893267433009), ('CCL21', 1.019604863047059), ('FBXW4', 1.2432774553793606), ('LINC00959', 3.962790732377247), ('IL13', 0.0997499521567185), ('LTB', 2.159891122451276), ('ID3', 1.3120352002873543), ('PHF21A', 1.4551633909880324), ('CELF2', 3.1315653157208687), ('FAM107B', 1.71619616743864), ('ACVR1', 4.671173712732699), ('CXCL12', 0.0808766330270213), ('SLC25A28', 2.9244108264410524), ('FAM213B', 7.018556934218486), ('REL', 0.2843629180660125), ('MYB', 7.498724683494036), ('IL7R', 2.516483019163579), ('SOD3', 0.2187728827726495), ('NFATC2', 2.768251578208288), ('SEPT9', 0.4701481272477273), ('FYN', 0.5546483686378798), ('PTN', 3.676905168826025), ('BEX2', 2.565385504949316), ('THY1', 7.490995947513153), ('CCDC80', 0.4399137217863966)]",1634
ELF1,predrem__nrMotif2167,0.04944969513888118,3.0883645615729933,0.000785,1.0,"gene is annotated for similar motif dbcorrdb__ELF1__ENCSR000BMB_1__m1 ('ELF1 (ENCSR000BMB-1, motif 1)'; q-value = 0.000785)","frozenset({'activating', 'hg38__refseq-r80__10kb_up_and_down_tss.mc9nr.genes_vs_motifs.rankings', 'weight>75.0%'})","[('TBC1D23', 7.939686147352721), ('DHX40', 0.255945128176004), ('SEPT9', 1.031843382470483), ('ELF1', 1.0), ('MIR4435-2HG', 0.8017386730259465), ('LINC00152', 0.0536471098833511), ('ACVR1', 0.263504303306885), ('SPAG9', 1.6922799631652872), ('PLPP5', 0.1487972394808429), ('INTS6', 0.6116388945291437), ('LINC00936', 0.6517292142671111), ('FLCN', 2.663965594116891), ('MLLT10', 1.037679730017916), ('RBM15', 2.0520702767416603), ('TRAF5', 3.881511179964377), ('GOLGA8A', 12.547389886305108), ('KCNAB2', 0.181909018884325), ('COL1A1', 10.206535797398416), ('GDPD5', 5.5797381109906015), ('CASK', 0.7060508782006982), ('DCAF12', 1.9512708440283528), ('CCR6', 0.7439299023598107), ('CXCL14', 0.4254982908194096), ('CDKN1B', 1.2352323851592828), ('PTPRE', 10.362488364774435), ('ZNF800', 11.859176534979946), ('MAPKAPK2', 10.216454486650422), ('VAMP4', 0.1655871403836137), ('EFHC1', 0.2111566078836935), ('ZC3H18', 1.1851676667275155), ('XRCC4', 0.3561958317170264)]",999
ELF1,dbcorrdb__RBBP5__ENCSR000AQC_1__m5,0.05520448092165421,3.928609057991084,0.000625,1.0,"motif similar to dbcorrdb__ELF1__ENCSR000BPT_1__m2 ('ELF1 (ENCSR000BPT-1, motif 2)'; q-value = 0.000625) which is directly annotated","frozenset({'activating', 'hg38__refseq-r80__10kb_up_and_down_tss.mc9nr.genes_vs_motifs.rankings', 'weight>75.0%'})","[('EPSTI1', 0.8879742709729483), ('SOCS1', 3.112202874344705), ('RNF213', 3.2987827706328394), ('ACVR1', 0.263504303306885), ('ZCCHC6', 4.501371077328933), ('IFITM3', 4.35925262083578), ('CASK', 0.7060508782006982), ('GPRIN3', 0.5572175807776962), ('ARL8A', 2.8226564039011093), ('RUNX3', 0.0678665370244281), ('COL6A3', 2.550023613625493), ('PARP8', 2.2120008929769748), ('BIRC3', 0.1885858250837698), ('LINC00936', 0.6517292142671111), ('SIAH1', 3.4696854037638407), ('SLC25A28', 0.077901056824201), ('DDX60L', 9.923153428372618), ('TRAF5', 3.881511179964377), ('ZFP36', 8.555023990514247), ('TOR3A', 0.1179610148165852), ('ANKH', 1.3562172862199933), ('TSPAN2', 1.56227758815256), ('ELK3', 0.1530061869230466), ('FNBP1', 5.088264201940717), ('APOL3', 0.5937962302839701), ('WHAMM', 1.3882149706056408), ('PXN', 0.724551002978681), ('TRERF1', 9.579857120567487), ('SCML4', 1.0872325518160637), ('THUMPD3-AS1', 0.336047727603751), ('SIN3A', 1.1267053187899465), ('FSTL1', 11.285227525630702), ('FURIN', 0.5688825446245447), ('ZNFX1', 0.5172342888719991)]",905
ELF1,cisbp__M0714,0.05252792246495115,3.5378102346329108,0.000533,1.0,motif similar to homer__AACCGGAAGT_ELF1 ('ELF1(ETS)/Jurkat-ELF1-ChIP-Seq(SRA014231)/Homer'; q-value = 0.000533) which is directly annotated,"frozenset({'activating', 'hg38__refseq-r80__10kb_up_and_down_tss.mc9nr.genes_vs_motifs.rankings', 'weight>75.0%'})","[('BGN', 36.33053933496579), ('IDNK', 5.70242681596282), ('TMEM161B', 4.610789360120839), ('PRKACB', 0.8024590584083221), ('TNXB', 22.519439999366377), ('GNAQ', 0.8748795511282663), ('SPECC1L', 6.340157452682249), ('PTPRE', 10.362488364774435), ('SEPT9', 1.031843382470483), ('SULF2', 1.5002572085831256), ('BIN1', 0.1661704423133999), ('SLC39A10', 0.2373289609335127), ('MESDC1', 4.477990504656902), ('GOLGA8A', 12.547389886305108), ('EHMT1', 2.595690442146072), ('SEC24C', 2.298587451403364), ('SLC2A6', 3.690407294434076), ('FURIN', 0.5688825446245447), ('PLXNA1', 23.486053545623093), ('RAB3IP', 0.2264721845812286)]",495
ELF1,transfac_public__M00007,0.05057695938516898,3.2529541075101487,0.000524,1.0,motif similar to homer__AACCGGAAGT_ELF1 ('ELF1(ETS)/Jurkat-ELF1-ChIP-Seq(SRA014231)/Homer'; q-value = 0.000524) which is directly annotated,"frozenset({'activating', 'hg38__refseq-r80__10kb_up_and_down_tss.mc9nr.genes_vs_motifs.rankings', 'weight>75.0%'})","[('TRIM41', 0.8116456896818949), ('ARHGAP30', 0.3993154495888978), ('SH2D3C', 0.4559676233310149), ('NUMB', 0.7556849128139482), ('TRERF1', 9.579857120567487), ('TMEM161B', 4.610789360120839), ('SEPT9', 1.031843382470483), ('PTGDR2', 0.2325291850480521), ('PRKACB', 0.8024590584083221), ('BGN', 36.33053933496579), ('RGS14', 0.9945659398620436), ('ELK3', 0.1530061869230466), ('IL2', 0.4180049446538177), ('ZCCHC6', 4.501371077328933), ('FLI1', 3.4516006498011564), ('ZAP70', 2.3873094646085566), ('PXN', 0.724551002978681), ('CD247', 0.7088632364357995), ('AAK1', 0.4204387570656171), ('TMEM71', 0.5631780162862581), ('PIEZO1', 3.3261845266776966), ('BAG4', 2.4215176864000565)]",506
ELF1,taipale_cyt_meth__ERG_NACAGGAARTN_eDBD_meth,0.049575563724673574,3.1067423762260744,0.000469,1.0,"gene is annotated for similar motif cisbp__M6203 ('ELF1[gene ID: ""ENSG00000120690"" species: ""Homo sapiens"" TF status: ""direct"" TF family: ""Ets"" DBDs: ""Ets""]; Elf1[gene ID: ""ENSMUSG00000036461"" species: ""Mus musculus"" TF status: ""inferred"" TF family: ""Ets"" DBDs: ""Ets""]'; q-value = 0.000469)","frozenset({'activating', 'hg38__refseq-r80__10kb_up_and_down_tss.mc9nr.genes_vs_motifs.rankings', 'weight>75.0%'})","[('DKFZP434I0714', 2.352084000667514), ('FOSB', 0.5742777457812122), ('FYN', 0.2224739332762476), ('FURIN', 0.5688825446245447), ('PTPN9', 0.5940593608828639), ('RC3H2', 4.037377300446277), ('PIAS3', 8.223384579706007), ('PTPRE', 10.362488364774435), ('CXCL14', 0.4254982908194096), ('VPS45', 0.3644179589939266), ('C3', 20.287545306040062), ('SULF2', 1.5002572085831256), ('FLJ37453', 4.736572436351562), ('PPM1B', 0.8693551369963913), ('SLC20A1', 0.2820839930862264), ('SH2D3C', 0.4559676233310149), ('MESDC1', 4.477990504656902), ('AAK1', 0.4204387570656171), ('DCAF12', 1.9512708440283528), ('OXNAD1', 1.833612573457285)]",452
ELF1,taipale_cyt_meth__ERG_NACMGGAARTN_FL_meth,0.05189487751875997,3.4453806374071188,0.000362,1.0,motif similar to transfac_pro__M07417 ('V$ELF1_Q4: Elf-1'; q-value = 0.000362) which is directly annotated,"frozenset({'activating', 'hg38__refseq-r80__10kb_up_and_down_tss.mc9nr.genes_vs_motifs.rankings', 'weight>75.0%'})","[('ACVR1', 0.263504303306885), ('MESDC1', 4.477990504656902), ('COL1A1', 10.206535797398416), ('CLK4', 1.0079867349529796), ('KCNAB2', 0.181909018884325), ('DPF2', 0.9616777884017236), ('CLIP4', 0.8855867018516348), ('MAPKAPK2', 10.216454486650422), ('CASK', 0.7060508782006982), ('LBR', 1.0513419429614772), ('FBXW4', 1.5254311138169687), ('GPRIN3', 0.5572175807776962), ('CELF2', 0.3416351233676832), ('PRIM2', 0.0917662861501723), ('CSTA', 2.630168275386029), ('SIAH1', 3.4696854037638407), ('PLAC9', 1.1847031326023678), ('IKZF3', 0.3175249291687885), ('TRAF5', 3.881511179964377), ('ALDH1B1', 0.6229443642098337), ('ELK3', 0.1530061869230466)]",497
ELF1,cisbp__M0689,0.05083054756536837,3.2899799987965035,0.000339,1.0,motif similar to homer__AACCGGAAGT_ELF1 ('ELF1(ETS)/Jurkat-ELF1-ChIP-Seq(SRA014231)/Homer'; q-value = 0.000339) which is directly annotated,"frozenset({'activating', 'hg38__refseq-r80__10kb_up_and_down_tss.mc9nr.genes_vs_motifs.rankings', 'weight>75.0%'})","[('TRERF1', 9.579857120567487), ('FLI1', 3.4516006498011564), ('NUMB', 0.7556849128139482), ('TMEM161B', 4.610789360120839), ('PTPRE', 10.362488364774435), ('TNXB', 22.519439999366377), ('SH2D3C', 0.4559676233310149), ('XRCC4', 0.3561958317170264), ('ARHGAP30', 0.3993154495888978), ('ZFP36', 8.555023990514247), ('CTSK', 6.308793482382279), ('TMEM87B', 7.82403080179588), ('ELK3', 0.1530061869230466), ('ABI3', 3.178389610349159), ('BAG4', 2.4215176864000565)]",283
ELF1,dbcorrdb__MXI1__ENCSR000EIA_1__m4,0.0522613772244496,3.4988925094852092,0.000292,1.0,"motif similar to dbcorrdb__ELF1__ENCSR000BMB_1__m1 ('ELF1 (ENCSR000BMB-1, motif 1)'; q-value = 0.000292) which is directly annotated","frozenset({'activating', 'hg38__refseq-r80__10kb_up_and_down_tss.mc9nr.genes_vs_motifs.rankings', 'weight>75.0%'})","[('ID3', 0.5246652891522817), ('ELK3', 0.1530061869230466), ('PLK3', 1.0222630840429223), ('HERC4', 0.9022159390266652), ('SOCS3', 0.14793357330584), ('AQR', 1.782007290201725), ('FYN', 0.2224739332762476), ('ELF1', 1.0), ('FNBP1', 5.088264201940717), ('RUNX2', 0.713322950782671), ('CLIP4', 0.8855867018516348), ('NUMB', 0.7556849128139482), ('RAB3GAP2', 1.491942684020278), ('FURIN', 0.5688825446245447), ('AAK1', 0.4204387570656171), ('TRAF5', 3.881511179964377), ('GRK5', 0.3332662938120324), ('PXN', 0.724551002978681), ('ITGAL', 0.1139696399687405), ('PPM1B', 0.8693551369963913), ('RNF2', 2.541118982858629), ('FBXW4', 1.5254311138169687), ('MYB', 3.010917685824852), ('RUNX3', 0.0678665370244281), ('PRPF39', 0.0790562865257307), ('WDTC1', 5.447915626869458), ('FLJ37453', 4.736572436351562), ('STK11', 0.2878145917294435), ('SLC17A5', 7.297851303146687), ('DCAF12', 1.9512708440283528), ('SPAG9', 1.6922799631652872), ('INTS6', 0.6116388945291437), ('SIAH1', 3.4696854037638407), ('METTL21A', 0.2482639987199658), ('PTPN9', 0.5940593608828639), ('PIEZO1', 3.3261845266776966), ('RFTN1', 1.1509951096402231), ('PLAC9', 1.1847031326023678), ('ITGB7', 1.5437475458097372), ('VCAN', 0.9370453222995908), ('ZBTB43', 1.6102637082494005), ('SCML4', 1.0872325518160637), ('SEPT9', 1.031843382470483), ('KDM5B', 1.511286544082956), ('JARID2', 5.906774356974608), ('BAG4', 2.4215176864000565), ('PLEKHO2', 0.3507178807126519), ('ATL2', 0.7123126250770964), ('SELL', 2.732962211356352), ('ZNF791', 2.0422929275985138), ('FNTB', 8.480713899251962), ('RGCC', 1.2001969824270198), ('LINC00649', 1.01313575736128), ('ZAP70', 2.3873094646085566), ('LINC01184', 3.716841052351076), ('FLCN', 2.663965594116891), ('SIN3A', 1.1267053187899465), ('FLI1', 3.4516006498011564), ('LGALS1', 0.3793041738264135), ('COL3A1', 3.908294852152782), ('ACVR1', 0.263504303306885), ('CCNG2', 0.8337999770082372), ('MAP3K8', 0.2896713422292093), ('GPRIN3', 0.5572175807776962), ('ZC3H18', 1.1851676667275155), ('LPP', 1.0423363093901354), ('SULF2', 1.5002572085831256), ('ARHGAP30', 0.3993154495888978), ('PDPK1', 1.398451888141433), ('SNX25', 0.1275071319644183), ('AKAP10', 0.3671470252620705), ('AHSA2', 0.4264596672058437), ('RIPK3', 2.972135576451876), ('ATXN7L3B', 0.3566631067423793), ('SLC20A1', 0.2820839930862264), ('CEP164', 5.28500563981647), ('TRERF1', 9.579857120567487), ('SPECC1L', 6.340157452682249), ('SUN2', 0.8905952504243912), ('CORO7', 0.2404011940742587), ('GOLGA8A', 12.547389886305108), ('TBC1D23', 7.939686147352721)]",3037
ELF1,transfac_pro__M08824,0.05024007581731285,3.2037664271151365,5.2e-05,1.0,"motif similar to taipale_cyt_meth__ELF1_NACCMGGAAGTN_eDBD_meth ('ELF1 [ETS, CpG-meth]'; q-value = 5.18e-05) which is directly annotated","frozenset({'activating', 'hg38__refseq-r80__10kb_up_and_down_tss.mc9nr.genes_vs_motifs.rankings', 'weight>75.0%'})","[('SLC2A6', 3.690407294434076), ('ACVR1', 0.263504303306885), ('C3', 20.287545306040062), ('MAP2K3', 0.3488281099589609), ('ZNF800', 11.859176534979946), ('FURIN', 0.5688825446245447), ('RAB3IP', 0.2264721845812286), ('CELF2', 0.3416351233676832), ('FYN', 0.2224739332762476), ('CCND3', 2.2936771197173584), ('RGCC', 1.2001969824270198), ('TTC39B', 5.54400828265382), ('TRAF5', 3.881511179964377), ('PLK3', 1.0222630840429223), ('VCAN', 0.9370453222995908), ('CLU', 1.6262821561691256), ('SIAH1', 3.4696854037638407), ('TRERF1', 9.579857120567487), ('SOCS3', 0.14793357330584), ('CCNG2', 0.8337999770082372), ('ZAP70', 2.3873094646085566), ('CLIP4', 0.8855867018516348), ('LPIN1', 6.377687742099075), ('TNXB', 22.519439999366377), ('PTPN9', 0.5940593608828639), ('MESDC1', 4.477990504656902), ('SNX25', 0.1275071319644183), ('FNTB', 8.480713899251962), ('IFITM3', 4.35925262083578)]",882
ELF1,homer__ACAGGAAGTG_ERG,0.05200223601840643,3.4610558322582765,4.4e-05,1.0,"gene is annotated for similar motif cisbp__M6203 ('ELF1[gene ID: ""ENSG00000120690"" species: ""Homo sapiens"" TF status: ""direct"" TF family: ""Ets"" DBDs: ""Ets""]; Elf1[gene ID: ""ENSMUSG00000036461"" species: ""Mus musculus"" TF status: ""inferred"" TF family: ""Ets"" DBDs: ""Ets""]'; q-value = 4.43e-05)","frozenset({'activating', 'hg38__refseq-r80__10kb_up_and_down_tss.mc9nr.genes_vs_motifs.rankings', 'weight>75.0%'})","[('ARHGAP15', 2.5582728082513237), ('TRAF5', 3.881511179964377), ('PTPRC', 1.0622052415303855), ('CAMK2G', 2.4328111317192262), ('DHX40', 0.255945128176004), ('CELF2', 0.3416351233676832), ('C7orf31', 3.3121886533822877), ('SEPT9', 1.031843382470483), ('TRERF1', 9.579857120567487), ('KCNAB2', 0.181909018884325), ('ANKH', 1.3562172862199933), ('TSPAN2', 1.56227758815256), ('MLLT10', 1.037679730017916), ('SIAH1', 3.4696854037638407), ('CCR2', 0.5547268614519624), ('MAPRE2', 2.2953659129767687), ('FLI1', 3.4516006498011564), ('PXN', 0.724551002978681), ('GRK5', 0.3332662938120324), ('PLXNA1', 23.486053545623093), ('ZFYVE28', 5.432725152341445), ('BGN', 36.33053933496579), ('TARBP2', 3.0201075996205176), ('SULF2', 1.5002572085831256), ('COL1A1', 10.206535797398416), ('BIN1', 0.1661704423133999), ('TNXB', 22.519439999366377), ('COL6A3', 2.550023613625493), ('GOLGA8A', 12.547389886305108)]",897
ELF1,taipale_cyt_meth__ETV2_NRCAGGAAGTN_eDBD_meth_repr,0.05212810460419883,3.4794336469113585,4.3e-05,1.0,gene is annotated for similar motif transfac_pro__M07417 ('V$ELF1_Q4: Elf-1'; q-value = 4.31e-05),"frozenset({'activating', 'hg38__refseq-r80__10kb_up_and_down_tss.mc9nr.genes_vs_motifs.rankings', 'weight>75.0%'})","[('TRERF1', 9.579857120567487), ('FLI1', 3.4516006498011564), ('TMEM161B', 4.610789360120839), ('NUMB', 0.7556849128139482), ('XRCC4', 0.3561958317170264), ('ZFP36', 8.555023990514247), ('TRIM41', 0.8116456896818949), ('PXN', 0.724551002978681), ('ZCCHC6', 4.501371077328933), ('TMEM87B', 7.82403080179588), ('SH2D3C', 0.4559676233310149), ('BAG4', 2.4215176864000565), ('CTSK', 6.308793482382279), ('LPP', 1.0423363093901354), ('TNXB', 22.519439999366377), ('KCNAB2', 0.181909018884325), ('ELK3', 0.1530061869230466), ('ARHGAP30', 0.3993154495888978), ('PTPRE', 10.362488364774435), ('MTMR9', 0.1465369664922527), ('DCAF12', 1.9512708440283528), ('KDM5A', 0.8781680028872526), ('ACVR1', 0.263504303306885), ('SEPT9', 1.031843382470483), ('MESDC1', 4.477990504656902), ('FURIN', 0.5688825446245447), ('BGN', 36.33053933496579), ('PLAC9', 1.1847031326023678), ('INTS6', 0.6116388945291437), ('ABI3', 3.178389610349159), ('FYN', 0.2224739332762476), ('GRK5', 0.3332662938120324), ('RHOH', 2.03043297392947), ('RGS14', 0.9945659398620436), ('CCR6', 0.7439299023598107), ('FAF2', 3.6034628263965662), ('MAN2A1', 0.2524432419035312), ('REPIN1', 1.9312499033859916), ('SF3B3', 0.1186426304585678), ('THUMPD3-AS1', 0.336047727603751), ('FLCN', 2.663965594116891), ('SLC20A1', 0.2820839930862264), ('MMP25-AS1', 3.492958855598733), ('BIN1', 0.1661704423133999), ('PLEKHO2', 0.3507178807126519), ('ZAP70', 2.3873094646085566), ('THAP6', 0.4156934971246664)]",1698
ELF1,cisbp__M0708,0.051169282141839086,3.339437941171708,3.2e-05,1.0,motif similar to taipale_cyt_meth__ELF1_NACCCGGAAGTN_FL ('ELF1 [ETS]'; q-value = 3.24e-05) which is directly annotated,"frozenset({'activating', 'hg38__refseq-r80__10kb_up_and_down_tss.mc9nr.genes_vs_motifs.rankings', 'weight>75.0%'})","[('SIAH1', 3.4696854037638407), ('BGN', 36.33053933496579), ('EGLN2', 0.7997608212757005), ('THAP6', 0.4156934971246664), ('PLK3', 1.0222630840429223), ('PIEZO1', 3.3261845266776966), ('GDPD5', 5.5797381109906015), ('FNTB', 8.480713899251962), ('SIN3A', 1.1267053187899465), ('GPRIN3', 0.5572175807776962), ('MADD', 0.1927556815630672), ('COL1A1', 10.206535797398416), ('ADAM19', 1.5741393897085965), ('TEP1', 1.4836905205185325), ('SH2D1A', 2.683261763035162), ('RUNX3', 0.0678665370244281), ('TAF3', 0.892114736265659), ('CCNG2', 0.8337999770082372), ('RUNX2', 0.713322950782671), ('FLCN', 2.663965594116891), ('RC3H2', 4.037377300446277), ('TRERF1', 9.579857120567487), ('ZBTB43', 1.6102637082494005), ('DCAF12', 1.9512708440283528), ('SULF2', 1.5002572085831256), ('BIN1', 0.1661704423133999), ('NUMB', 0.7556849128139482), ('MAPKAPK2', 10.216454486650422), ('GOLGA8A', 12.547389886305108), ('ELK3', 0.1530061869230466), ('KCNAB2', 0.181909018884325), ('SNTB1', 2.9393086144476497), ('PLXNA3', 0.2198627407197405), ('WDTC1', 5.447915626869458), ('LGALS1', 0.3793041738264135), ('ETS1', 0.3546022615660232), ('PIAS3', 8.223384579706007), ('SCML4', 1.0872325518160637), ('TRAF5', 3.881511179964377), ('MYB', 3.010917685824852), ('DKFZP434I0714', 2.352084000667514), ('HLA-DPB1', 0.3877496743450805), ('C7orf31', 3.3121886533822877), ('VAMP4', 0.1655871403836137), ('RFTN1', 1.1509951096402231), ('RHOH', 2.03043297392947), ('ATL2', 0.7123126250770964), ('C5orf24', 1.6918320448633433), ('FURIN', 0.5688825446245447), ('SEPT9', 1.031843382470483), ('FYN', 0.2224739332762476), ('GRK5', 0.3332662938120324), ('ZMYM5', 0.1669314131949934), ('SUN2', 0.8905952504243912), ('USP8', 0.1723718072005851), ('FLI1', 3.4516006498011564), ('SPECC1L', 6.340157452682249), ('C1RL-AS1', 7.15417279086269), ('MAPRE2', 2.2953659129767687), ('OXNAD1', 1.833612573457285), ('CSTA', 2.630168275386029), ('CDKN2D', 3.820195492658384), ('TNXB', 22.519439999366377), ('RNF2', 2.541118982858629), ('GPC3', 29.423307261305744), ('PGM2L1', 1.1841478671141292), ('CDKN1B', 1.2352323851592828), ('CEP164', 5.28500563981647), ('PXN', 0.724551002978681), ('SEC24C', 2.298587451403364), ('EPSTI1', 0.8879742709729483)]",2797
ELF1,homer__NRYTTCCGGH_Fli1,0.051743094812363256,3.423219155031344,3.1e-05,1.0,motif similar to factorbook__ELF1 ('ELF1'; q-value = 3.06e-05) which is directly annotated,"frozenset({'activating', 'hg38__refseq-r80__10kb_up_and_down_tss.mc9nr.genes_vs_motifs.rankings', 'weight>75.0%'})","[('RGS14', 0.9945659398620436), ('LPIN1', 6.377687742099075), ('MAP2K3', 0.3488281099589609), ('CELF2', 0.3416351233676832), ('STK11', 0.2878145917294435), ('ABI3', 3.178389610349159), ('AKT1', 2.3830170159321087), ('JARID2', 5.906774356974608), ('FLI1', 3.4516006498011564), ('IKZF3', 0.3175249291687885), ('IPCEF1', 0.4337826905093591), ('MAP3K8', 0.2896713422292093), ('TMEM71', 0.5631780162862581), ('SNTB1', 2.9393086144476497), ('ZNFX1', 0.5172342888719991), ('ARHGAP15', 2.5582728082513237), ('GDF11', 0.7730233898526003), ('MIR4435-2HG', 0.8017386730259465), ('PRKACB', 0.8024590584083221), ('LINC00152', 0.0536471098833511), ('HERC3', 0.1486355997589396), ('IL18RAP', 0.1017308732426047), ('CD70', 0.2548537526249216), ('LBR', 1.0513419429614772), ('PXN', 0.724551002978681), ('C7orf31', 3.3121886533822877), ('DCAF12', 1.9512708440283528), ('RLN2', 2.801162968500374), ('CCND3', 2.2936771197173584), ('PTPRC', 1.0622052415303855), ('NMT2', 3.671155153648474), ('SETD4', 3.678703672876496), ('PIEZO1', 3.3261845266776966), ('ANKH', 1.3562172862199933), ('NUMB', 0.7556849128139482), ('CLK4', 1.0079867349529796), ('SIAH1', 3.4696854037638407), ('ETS1', 0.3546022615660232), ('ACVR1', 0.263504303306885), ('ZCCHC2', 2.4247486288431626), ('COL3A1', 3.908294852152782), ('RHOH', 2.03043297392947), ('MAPRE2', 2.2953659129767687), ('CXCL13', 3.316429530425326), ('SLC39A10', 0.2373289609335127), ('RFTN1', 1.1509951096402231), ('RGCC', 1.2001969824270198), ('IL2', 0.4180049446538177), ('PLEKHO2', 0.3507178807126519), ('RUNX2', 0.713322950782671), ('SOD3', 1.449881720066607), ('VCAN', 0.9370453222995908), ('NUP153', 0.6312567140121992), ('PTGDR2', 0.2325291850480521), ('GNAQ', 0.8748795511282663), ('GPRIN3', 0.5572175807776962), ('EVI2B', 3.487630508347752), ('COL6A1', 2.1009171115861074), ('TRAF5', 3.881511179964377), ('ID3', 0.5246652891522817), ('RC3H2', 4.037377300446277), ('DKFZP434I0714', 2.352084000667514)]",2559
ELF1,homer__ACAGGAAGTG_ETS1,0.05255383658555547,3.5415939023556047,1.1e-05,1.0,"gene is annotated for similar motif cisbp__M6203 ('ELF1[gene ID: ""ENSG00000120690"" species: ""Homo sapiens"" TF status: ""direct"" TF family: ""Ets"" DBDs: ""Ets""]; Elf1[gene ID: ""ENSMUSG00000036461"" species: ""Mus musculus"" TF status: ""inferred"" TF family: ""Ets"" DBDs: ""Ets""]'; q-value = 1.11e-05)","frozenset({'activating', 'hg38__refseq-r80__10kb_up_and_down_tss.mc9nr.genes_vs_motifs.rankings', 'weight>75.0%'})","[('FOSB', 0.5742777457812122), ('ABI3', 3.178389610349159), ('SEPT9', 1.031843382470483), ('MAP2K3', 0.3488281099589609), ('CD247', 0.7088632364357995), ('MAPRE2', 2.2953659129767687), ('MYB', 3.010917685824852), ('SYNE3', 3.2245895306107), ('NUP153', 0.6312567140121992), ('TNXB', 22.519439999366377), ('ETS1', 0.3546022615660232), ('PLK3', 1.0222630840429223), ('BIN1', 0.1661704423133999), ('COL1A1', 10.206535797398416), ('MIR4435-2HG', 0.8017386730259465), ('FNBP1', 5.088264201940717), ('LINC00152', 0.0536471098833511), ('INTS6', 0.6116388945291437), ('CCDC57', 1.4254789198587252), ('CCR6', 0.7439299023598107), ('CASK', 0.7060508782006982), ('CELF2', 0.3416351233676832), ('RUNX2', 0.713322950782671), ('LINC01355', 13.34266808610535), ('METTL15', 0.3508633198500254), ('ZBTB43', 1.6102637082494005), ('EVI2B', 3.487630508347752), ('ELK3', 0.1530061869230466)]",749
ELF1,cisbp__M2277,0.05055289627317926,3.249440701767648,6e-06,1.0,gene is annotated for similar motif transfac_pro__M07417 ('V$ELF1_Q4: Elf-1'; q-value = 6.24e-06),"frozenset({'activating', 'hg38__refseq-r80__10kb_up_and_down_tss.mc9nr.genes_vs_motifs.rankings', 'weight>75.0%'})","[('TRIM41', 0.8116456896818949), ('TMEM161B', 4.610789360120839), ('AKAP10', 0.3671470252620705), ('SEC24C', 2.298587451403364), ('AAK1', 0.4204387570656171), ('AP5M1', 0.7513896451525022), ('PLEKHO2', 0.3507178807126519), ('LPP', 1.0423363093901354), ('BAG4', 2.4215176864000565), ('ZFP36', 8.555023990514247), ('SEPT9', 1.031843382470483), ('MED15', 0.1783346431749182), ('ZBTB43', 1.6102637082494005), ('HERC4', 0.9022159390266652), ('SIN3A', 1.1267053187899465), ('MTMR9', 0.1465369664922527), ('XRCC4', 0.3561958317170264), ('ZCCHC6', 4.501371077328933), ('DCAF12', 1.9512708440283528), ('FBXW4', 1.5254311138169687), ('ATAD1', 0.7488586162541468), ('AQR', 1.782007290201725), ('PRKACB', 0.8024590584083221), ('TRMT10A', 0.9372910351657262), ('BGN', 36.33053933496579), ('FLI1', 3.4516006498011564), ('KDM5A', 0.8781680028872526), ('ULK4', 1.072870636183194), ('DDX50', 2.092398178915917), ('ELK3', 0.1530061869230466), ('G2E3', 0.2714399759018115), ('MAP2K3', 0.3488281099589609)]",1088
ELF1,cisbp__M0696,0.049260892260192576,3.0607978395933704,3e-06,1.0,"motif similar to cisbp__M4563 ('ELF1[gene ID: ""ENSG00000120690"" species: ""Homo sapiens"" TF status: ""direct"" TF family: ""Ets"" DBDs: ""Ets""]; Elf1[gene ID: ""ENSMUSG00000036461"" species: ""Mus musculus"" TF status: ""inferred"" TF family: ""Ets"" DBDs: ""Ets""]'; q-value = 3.28e-06) which is directly annotated","frozenset({'activating', 'hg38__refseq-r80__10kb_up_and_down_tss.mc9nr.genes_vs_motifs.rankings', 'weight>75.0%'})","[('PRKACB', 0.8024590584083221), ('PXN', 0.724551002978681), ('COL6A3', 2.550023613625493), ('IL2', 0.4180049446538177), ('MAP3K8', 0.2896713422292093), ('TNXB', 22.519439999366377), ('ELK3', 0.1530061869230466), ('RUNX2', 0.713322950782671), ('BGN', 36.33053933496579), ('MIR4435-2HG', 0.8017386730259465), ('PTGDR2', 0.2325291850480521), ('LINC00152', 0.0536471098833511), ('PARP8', 2.2120008929769748), ('TSPAN2', 1.56227758815256), ('MAPRE2', 2.2953659129767687), ('GNAQ', 0.8748795511282663), ('ARHGAP30', 0.3993154495888978), ('FYN', 0.2224739332762476), ('SUN2', 0.8905952504243912), ('FLI1', 3.4516006498011564), ('NUMB', 0.7556849128139482), ('RGS14', 0.9945659398620436), ('CAMK2G', 2.4328111317192262), ('ESYT2', 0.0647815513954026), ('CCNG2', 0.8337999770082372), ('SPRR1B', 0.2960894960350131), ('SELL', 2.732962211356352), ('AKT1', 2.3830170159321087), ('RGCC', 1.2001969824270198), ('RAB3GAP2', 1.491942684020278), ('SEPT9', 1.031843382470483)]",884
ELF1,cisbp__M0697,0.049259041251577984,3.060527577613178,2e-06,1.0,motif similar to hocomoco__ELF1_HUMAN.H11MO.0.A ('ELF1_HUMAN'; q-value = 2.46e-06) which is directly annotated,"frozenset({'activating', 'hg38__refseq-r80__10kb_up_and_down_tss.mc9nr.genes_vs_motifs.rankings', 'weight>75.0%'})","[('COL3A1', 3.908294852152782), ('SEPT9', 1.031843382470483), ('FURIN', 0.5688825446245447), ('GDF11', 0.7730233898526003), ('SIN3A', 1.1267053187899465), ('PARP8', 2.2120008929769748), ('KANSL1-AS1', 1.2295819268032484), ('DCAF12', 1.9512708440283528), ('FLI1', 3.4516006498011564), ('SLC19A1', 5.1280868587811685), ('EPSTI1', 0.8879742709729483), ('MESDC1', 4.477990504656902), ('PIEZO1', 3.3261845266776966), ('PLXNA1', 23.486053545623093), ('PTPRE', 10.362488364774435), ('ZFYVE28', 5.432725152341445), ('FYN', 0.2224739332762476), ('SULF2', 1.5002572085831256), ('RUNX3', 0.0678665370244281), ('PXN', 0.724551002978681), ('TRAF5', 3.881511179964377), ('USP37', 0.1054532751341931), ('RAB3IP', 0.2264721845812286), ('ANKH', 1.3562172862199933), ('RHOH', 2.03043297392947), ('FBXW4', 1.5254311138169687), ('SIAH1', 3.4696854037638407), ('BIN1', 0.1661704423133999), ('SUN2', 0.8905952504243912), ('TBC1D23', 7.939686147352721), ('CCR6', 0.7439299023598107), ('RFTN1', 1.1509951096402231), ('SPECC1L', 6.340157452682249), ('KCNAB2', 0.181909018884325), ('RC3H2', 4.037377300446277), ('MYB', 3.010917685824852), ('C7orf31', 3.3121886533822877), ('G2E3', 0.2714399759018115), ('ACVR1', 0.263504303306885), ('PDPK1', 1.398451888141433)]",1461
ELK3,transfac_public__M00007,0.06448787512154569,3.4322045308981,0.00075,1.0,"motif similar to taipale_cyt_meth__ELK3_NACCGGAAGTN_FL_meth_repr ('ELK3 [ETS, CpG-meth]'; q-value = 0.00075) which is directly annotated","frozenset({'activating', 'hg38__refseq-r80__10kb_up_and_down_tss.mc9nr.genes_vs_motifs.rankings', 'weight>75.0%'})","[('TBC1D23', 4.28361442114663), ('DHX40', 5.834243848159715), ('ELF1', 1.4717016783978951), ('MIR4435-2HG', 2.018399070816772), ('LINC00152', 0.2575609144152758), ('ACVR1', 10.393707976051475), ('ASCC3', 1.909459300996711), ('RGS1', 0.3437635049952839), ('LINC00936', 8.087066492341211), ('FLCN', 1.085060829478101), ('MLLT10', 15.815390377591466), ('RBM15', 2.6013554535394694), ('KCNAB2', 0.3141284607416184), ('CASK', 3.3947211426356163), ('DCAF12', 3.5138051960507406), ('CDKN1B', 6.24436168107685), ('PTPRE', 0.4930117147090248), ('VAMP4', 2.8051582520549467), ('ADPGK', 0.2536370708102222), ('METTL15', 2.613850646824145), ('PTPRN2', 0.18358349191688), ('ARHGAP15', 0.7634407818352706), ('EOMES', 20.74477754407047), ('CELF2', 0.1580482478877964), ('TGFBR3', 0.3207681890804079), ('FYN', 10.245173690835472), ('JARID2', 0.3021217806906306)]",1571
ELK3,homer__AACAGGAAGT_Ets1-distal,0.06416870170646438,3.4008686447783547,0.000564,0.923833,"gene is orthologous to ENSMUSG00000008398 in M. musculus (identity = 92%) which is annotated for similar motif cisbp__M0692 ('ENSMUSG00000044690[gene ID: ""ENSMUSG00000044690"" species: ""Mus musculus"" TF status: ""inferred"" TF family: ""Ets"" DBDs: ""Ets""]; Elk3[gene ID: ""ENSMUSG00000008398"" species: ""Mus musculus"" TF status: ""direct"" TF family: ""Ets"" DBDs: ""Ets""]; Ets2[gene ID: ""ENSMUSG00000022895"" species: ""Mus musculus"" TF status: ""inferred"" TF family: ""Ets"" DBDs: ""Ets""]; Etv2[gene ID: ""ENSMUSG00000006311"" species: ""Mus musculus"" TF status: ""inferred"" TF family: ""Ets"" DBDs: ""Ets""]; Fev[gene ID: ""ENSMUSG00000055197"" species: ""Mus musculus"" TF status: ""inferred"" TF family: ""Ets"" DBDs: ""Ets""]'; q-value = 0.000564)","frozenset({'activating', 'hg38__refseq-r80__10kb_up_and_down_tss.mc9nr.genes_vs_motifs.rankings', 'weight>75.0%'})","[('CAMK2G', 18.530487995339715), ('KCNAB2', 0.3141284607416184), ('SKAP1', 0.76788529033407), ('WAS', 0.5701467013471303), ('CELF2', 0.1580482478877964), ('NMT2', 0.4140732016679166), ('PPM1B', 11.398181191393489), ('INPP4B', 1.6544756805404055), ('CXCR6', 0.482372969854781), ('ATXN7', 1.8023203546819069), ('CD247', 2.242394851653307), ('MIR4435-2HG', 2.018399070816772), ('LINC00152', 0.2575609144152758), ('BIN1', 0.2159277874148871), ('GPRIN3', 0.402261977819602), ('PRIMPOL', 0.6513548346647778), ('SPATA13', 0.8885729498984992), ('CCND3', 1.0928181346245314)]",814
ELK3,hocomoco__EHF_HUMAN.H11MO.0.B,0.06021614720574809,3.0128137759698665,0.000482,1.0,gene is annotated for similar motif transfac_pro__M08824 ('V$NET_Q6_01: NET'; q-value = 0.000482),"frozenset({'activating', 'hg38__refseq-r80__10kb_up_and_down_tss.mc9nr.genes_vs_motifs.rankings', 'weight>75.0%'})","[('ATXN7', 1.8023203546819069), ('XCL1', 1.078965413453874), ('XCL2', 1.426089034686752), ('SPATA13', 0.8885729498984992), ('SCML4', 0.1694794804670033), ('ELK3', 1.0), ('WIPF1', 0.0437187968972599), ('PXN', 1.2024027524054064), ('PLEKHO2', 2.0716720168505303), ('USP37', 2.839451711406853), ('LINC00649', 6.453126817773046), ('MIR4435-2HG', 2.018399070816772), ('LINC00152', 0.2575609144152758), ('GZMB', 0.771681699420255), ('GPR82', 3.8958790401418257), ('PRKACB', 2.7863823862641555), ('IL13', 0.2069470651971129), ('FYN', 10.245173690835472), ('ACVR1', 10.393707976051475), ('LPAR6', 0.8919299935980731), ('PTPRN2', 0.18358349191688), ('CXCR6', 0.482372969854781), ('FCER1G', 0.1148514961352387), ('ASCC3', 1.909459300996711), ('GZMA', 0.0459693014935869), ('PLAC8', 1.321390126948807), ('GPRIN3', 0.402261977819602), ('TSC22D3', 0.8950051441739572), ('CXCL13', 3.347230884190069), ('ARHGAP15', 0.7634407818352706), ('TGFBR3', 0.3207681890804079)]",1977
ELK3,transfac_pro__M00771,0.06548993119214983,3.5305846384833512,0.000438,1.0,gene is annotated for similar motif transfac_pro__M08824 ('V$NET_Q6_01: NET'; q-value = 0.000438),"frozenset({'activating', 'hg38__refseq-r80__10kb_up_and_down_tss.mc9nr.genes_vs_motifs.rankings', 'weight>75.0%'})","[('RGS1', 0.3437635049952839), ('CDKN1B', 6.24436168107685), ('LINC00936', 8.087066492341211), ('LINC00152', 0.2575609144152758), ('MIR4435-2HG', 2.018399070816772), ('FLCN', 1.085060829478101), ('TGFBR3', 0.3207681890804079), ('ASCC3', 1.909459300996711), ('VAMP4', 2.8051582520549467), ('MLLT10', 15.815390377591466), ('ACVR1', 10.393707976051475), ('PTPRE', 0.4930117147090248), ('KCNAB2', 0.3141284607416184), ('KIF2A', 1.9270006270137745), ('ARHGAP15', 0.7634407818352706), ('BIN1', 0.2159277874148871)]",541
ELK3,dbcorrdb__ELF1__ENCSR000BMD_1__m1,0.06301448156587962,3.287549335670899,0.000323,1.0,gene is annotated for similar motif transfac_pro__M03832 ('V$NET_Q6: Net'; q-value = 0.000323),"frozenset({'activating', 'hg38__refseq-r80__10kb_up_and_down_tss.mc9nr.genes_vs_motifs.rankings', 'weight>75.0%'})","[('ZMYM5', 3.980656830137151), ('FBRS', 3.2595875132510583), ('CTSW', 0.1561485474952196), ('CHD1', 4.346599740087908), ('MLLT10', 15.815390377591466), ('EPC1', 3.14163055460817), ('SCAF1', 0.9551110368984206), ('FYN', 10.245173690835472), ('CDKN1B', 6.24436168107685), ('ACVR1', 10.393707976051475), ('ID3', 1.7969687751303511), ('SAT1', 0.327717489455716), ('PPM1B', 11.398181191393489), ('TGFBR3', 0.3207681890804079)]",571
ELK3,transfac_pro__M07211,0.07320576293580161,4.288111466889778,0.000284,1.0,gene is annotated for similar motif transfac_pro__M08824 ('V$NET_Q6_01: NET'; q-value = 0.000284),"frozenset({'activating', 'hg38__refseq-r80__10kb_up_and_down_tss.mc9nr.genes_vs_motifs.rankings', 'weight>75.0%'})","[('PPM1B', 11.398181191393489), ('SKAP1', 0.76788529033407), ('CXCR6', 0.482372969854781), ('NMT2', 0.4140732016679166), ('CAMK2G', 18.530487995339715), ('KCNAB2', 0.3141284607416184), ('PRIMPOL', 0.6513548346647778), ('DCAF12', 3.5138051960507406), ('ACVR1', 10.393707976051475), ('CELF2', 0.1580482478877964), ('SPATA13', 0.8885729498984992), ('MYB', 13.45684971716621), ('MIR4435-2HG', 2.018399070816772), ('LINC00152', 0.2575609144152758), ('CD247', 2.242394851653307), ('FLCN', 1.085060829478101), ('RC3H2', 10.284099926984172), ('GPRIN3', 0.402261977819602), ('CCL4', 0.270314920528703), ('LINC00936', 8.087066492341211), ('PTPRN2', 0.18358349191688), ('TGFBR3', 0.3207681890804079), ('APBB1IP', 0.2845571135353834), ('ATXN7', 1.8023203546819069), ('EPC1', 3.14163055460817), ('INPP4B', 1.6544756805404055), ('TBC1D19', 14.896096543149769), ('TSC22D3', 0.8950051441739572), ('WAS', 0.5701467013471303), ('PTPRE', 0.4930117147090248)]",1766
ELK3,cisbp__M1922,0.07327256667384188,4.294670140728794,0.000284,1.0,gene is annotated for similar motif transfac_pro__M08824 ('V$NET_Q6_01: NET'; q-value = 0.000284),"frozenset({'activating', 'hg38__refseq-r80__10kb_up_and_down_tss.mc9nr.genes_vs_motifs.rankings', 'weight>75.0%'})","[('EVI2B', 0.1324515668198154), ('MATK', 0.4243511867146302), ('FAM105A', 0.2339916213191707), ('TSC22D3', 0.8950051441739572), ('CELF2', 0.1580482478877964), ('RGS14', 0.4568619398694047), ('STK11', 13.362466336401935), ('LBR', 3.685943764291316), ('IPCEF1', 4.630683298970342), ('NUMB', 0.9867887865516458), ('MIR4435-2HG', 2.018399070816772), ('LINC00152', 0.2575609144152758), ('TGFBR3', 0.3207681890804079), ('JARID2', 0.3021217806906306), ('FYN', 10.245173690835472), ('ARHGAP15', 0.7634407818352706), ('DCAF12', 3.5138051960507406), ('CXCR4', 0.5909777643538726), ('PTPRE', 0.4930117147090248)]",681
ELK3,cisbp__M2276,0.06629157604863312,3.60928872455155,0.000247,1.0,gene is annotated for similar motif transfac_pro__M08824 ('V$NET_Q6_01: NET'; q-value = 0.000247),"frozenset({'activating', 'hg38__refseq-r80__10kb_up_and_down_tss.mc9nr.genes_vs_motifs.rankings', 'weight>75.0%'})","[('BAG4', 2.90636182279392), ('TGFBR3', 0.3207681890804079), ('PTPRE', 0.4930117147090248), ('PGM2L1', 1.1379285923499234), ('DCAF12', 3.5138051960507406), ('AQR', 2.7370891497383605), ('ELF1', 1.4717016783978951), ('FBXW4', 4.511649483497573), ('JARID2', 0.3021217806906306), ('STK11', 13.362466336401935), ('LINC00649', 6.453126817773046), ('PLAC8', 1.321390126948807), ('MLLT10', 15.815390377591466), ('CLIP4', 1.6775062532572556), ('PLEKHO2', 2.0716720168505303), ('CXCR4', 0.5909777643538726), ('PXN', 1.2024027524054064), ('FAM105A', 0.2339916213191707), ('NUMB', 0.9867887865516458), ('CCNT2', 9.602916827057694), ('FYN', 10.245173690835472), ('FNBP1', 0.6321123799931679), ('FLCN', 1.085060829478101), ('AAK1', 0.159665237006675), ('RGS14', 0.4568619398694047), ('CD247', 2.242394851653307), ('ATL2', 0.8469945817867544), ('ID3', 1.7969687751303511), ('MYB', 13.45684971716621), ('CDKN1B', 6.24436168107685)]",1446
ELK3,transfac_pro__M07088,0.0648293164493071,3.465726641630853,0.000247,1.0,gene is annotated for similar motif transfac_pro__M08824 ('V$NET_Q6_01: NET'; q-value = 0.000247),"frozenset({'activating', 'hg38__refseq-r80__10kb_up_and_down_tss.mc9nr.genes_vs_motifs.rankings', 'weight>75.0%'})","[('CXCR4', 0.5909777643538726), ('PPM1B', 11.398181191393489), ('RBM15', 2.6013554535394694), ('MIR4435-2HG', 2.018399070816772), ('LINC00152', 0.2575609144152758), ('TGFBR3', 0.3207681890804079), ('LINC00649', 6.453126817773046), ('EPC1', 3.14163055460817), ('CDKN2D', 1.088670497336861), ('FNBP1', 0.6321123799931679), ('ELF1', 1.4717016783978951), ('LINC00936', 8.087066492341211), ('CHD1', 4.346599740087908), ('NUMB', 0.9867887865516458), ('ATXN7', 1.8023203546819069), ('FLCN', 1.085060829478101), ('CELF2', 0.1580482478877964), ('MAN2A1', 0.3246020390883462), ('FYN', 10.245173690835472), ('DCAF12', 3.5138051960507406), ('ATP6V1H', 2.011280775019138), ('PRKACB', 2.7863823862641555), ('WIPF1', 0.0437187968972599), ('SPATA13', 0.8885729498984992), ('FLJ37453', 14.728493608604074)]",1537
ELK3,homer__ACAGGAAGTG_ETS1,0.07511338078872946,4.475398042070587,0.000154,1.0,gene is annotated for similar motif transfac_pro__M03832 ('V$NET_Q6: Net'; q-value = 0.000154),"frozenset({'activating', 'hg38__refseq-r80__10kb_up_and_down_tss.mc9nr.genes_vs_motifs.rankings', 'weight>75.0%'})","[('ACVR1', 10.393707976051475), ('LINC00936', 8.087066492341211), ('TBC1D23', 4.28361442114663), ('MIR4435-2HG', 2.018399070816772), ('LINC00152', 0.2575609144152758), ('DHX40', 5.834243848159715), ('FLCN', 1.085060829478101), ('ELF1', 1.4717016783978951), ('RGS1', 0.3437635049952839), ('ASCC3', 1.909459300996711)]",264
ELK3,transfac_pro__M04832,0.06358602465800198,3.3436624340713754,0.000142,1.0,gene is annotated for similar motif transfac_pro__M03832 ('V$NET_Q6: Net'; q-value = 0.000142),"frozenset({'activating', 'hg38__refseq-r80__10kb_up_and_down_tss.mc9nr.genes_vs_motifs.rankings', 'weight>75.0%'})","[('DOK2', 1.1234804296595629), ('STK11', 13.362466336401935), ('CDKN1B', 6.24436168107685), ('ELK3', 1.0), ('SKAP1', 0.76788529033407), ('PPM1B', 11.398181191393489), ('DHX40', 5.834243848159715), ('ADPGK', 0.2536370708102222), ('EOMES', 20.74477754407047), ('WIPF1', 0.0437187968972599), ('MLLT10', 15.815390377591466), ('TGFBR3', 0.3207681890804079), ('TMEM71', 0.3688711359608787), ('SCML4', 0.1694794804670033), ('VAMP4', 2.8051582520549467), ('CCND3', 1.0928181346245314), ('ACVR1', 10.393707976051475), ('LINC00649', 6.453126817773046), ('SCAF1', 0.9551110368984206), ('RGS1', 0.3437635049952839), ('MRI1', 2.0256645825709008), ('FBXL4', 0.5162915386998014), ('FAM175B', 0.0903765837568313), ('TBC1D23', 4.28361442114663), ('CD247', 2.242394851653307), ('RC3H2', 10.284099926984172), ('CAMK2G', 18.530487995339715), ('BROX', 0.3267049901443812), ('LTB', 1.6531146574341653), ('DUSP4', 0.225050954606065), ('IRAK4', 1.4758362607003184), ('FBXW4', 4.511649483497573), ('AAK1', 0.159665237006675), ('LPAR6', 0.8919299935980731), ('GPR82', 3.8958790401418257), ('IL22', 0.302743276546298), ('KCNAB2', 0.3141284607416184)]",2296
ELK3,cisbp__M2277,0.06679260408393518,3.658478778344176,0.00011,1.0,gene is annotated for similar motif transfac_pro__M08824 ('V$NET_Q6_01: NET'; q-value = 0.00011),"frozenset({'activating', 'hg38__refseq-r80__10kb_up_and_down_tss.mc9nr.genes_vs_motifs.rankings', 'weight>75.0%'})","[('MAP3K1', 0.5491743408414483), ('PGM2L1', 1.1379285923499234), ('PXN', 1.2024027524054064), ('DPF2', 3.1214534304265644), ('MLLT10', 15.815390377591466), ('CELF2', 0.1580482478877964), ('MYB', 13.45684971716621), ('FAM105A', 0.2339916213191707), ('STK11', 13.362466336401935), ('CTSW', 0.1561485474952196), ('G2E3', 0.5183810935330444), ('EPC1', 3.14163055460817), ('PPM1B', 11.398181191393489), ('CAMK2G', 18.530487995339715), ('PTPRE', 0.4930117147090248), ('ELF1', 1.4717016783978951), ('SUN2', 0.6217268423051998)]",846
ELK3,transfac_pro__M07089,0.06610601010963235,3.591070186109837,0.00011,1.0,gene is annotated for similar motif transfac_pro__M08824 ('V$NET_Q6_01: NET'; q-value = 0.00011),"frozenset({'activating', 'hg38__refseq-r80__10kb_up_and_down_tss.mc9nr.genes_vs_motifs.rankings', 'weight>75.0%'})","[('NUMB', 0.9867887865516458), ('CTSW', 0.1561485474952196), ('TMEM161B', 2.7224616030955), ('NABP1', 1.246137922372658), ('PRKACB', 2.7863823862641555), ('RGS14', 0.4568619398694047), ('ELK3', 1.0), ('PXN', 1.2024027524054064), ('CD247', 2.242394851653307), ('TMC6', 1.1225247854382896), ('AAK1', 0.159665237006675), ('TMEM71', 0.3688711359608787), ('BAG4', 2.90636182279392), ('BIN1', 0.2159277874148871), ('DCAF12', 3.5138051960507406), ('CAMK2G', 18.530487995339715), ('KCNAB2', 0.3141284607416184), ('ARHGAP15', 0.7634407818352706), ('PTPRE', 0.4930117147090248), ('FLCN', 1.085060829478101), ('TGFBR3', 0.3207681890804079), ('LPAR6', 0.8919299935980731), ('WIPF1', 0.0437187968972599), ('MAN2A1', 0.3246020390883462), ('SUN2', 0.6217268423051998), ('DENND1C', 2.067215023498122), ('FGR', 5.914741939868566), ('FYN', 10.245173690835472), ('MYL9', 0.4974987667053124), ('EVI2B', 0.1324515668198154), ('DOK2', 1.1234804296595629), ('LINC00152', 0.2575609144152758), ('MIR4435-2HG', 2.018399070816772), ('SAT1', 0.327717489455716), ('XCL2', 1.426089034686752)]",2188
ELK3,stark__CMGGAAR,0.06247262902399739,3.234351203421097,0.000103,1.0,gene is annotated for similar motif transfac_pro__M08824 ('V$NET_Q6_01: NET'; q-value = 0.000103),"frozenset({'activating', 'hg38__refseq-r80__10kb_up_and_down_tss.mc9nr.genes_vs_motifs.rankings', 'weight>75.0%'})","[('FBRS', 3.2595875132510583), ('ATL2', 0.8469945817867544), ('BIN1', 0.2159277874148871), ('CXCR4', 0.5909777643538726), ('DOK2', 1.1234804296595629), ('MLLT10', 15.815390377591466), ('REL', 1.7399996488192595), ('ATXN7', 1.8023203546819069), ('EPC1', 3.14163055460817), ('TGFBR3', 0.3207681890804079), ('PPM1B', 11.398181191393489), ('ELF1', 1.4717016783978951), ('PXN', 1.2024027524054064), ('FNBP1', 0.6321123799931679), ('TBC1D23', 4.28361442114663), ('AAK1', 0.159665237006675), ('PECAM1', 3.8676795700903104), ('NABP1', 1.246137922372658), ('WIPF1', 0.0437187968972599), ('RBM15', 2.6013554535394694), ('EOMES', 20.74477754407047), ('ACVR1', 10.393707976051475), ('LINC00936', 8.087066492341211), ('FLCN', 1.085060829478101), ('NUMB', 0.9867887865516458), ('PTPRC', 0.4307502548361989), ('PRPF39', 0.2664565973864855), ('PRKACB', 2.7863823862641555), ('LAT2', 3.74528931026832), ('FLJ37453', 14.728493608604074), ('ELK3', 1.0), ('GPRIN3', 0.402261977819602), ('CD247', 2.242394851653307), ('JARID2', 0.3021217806906306)]",1935
ELK3,transfac_pro__M07417,0.06521529360242868,3.503621201589615,8.5e-05,1.0,gene is annotated for similar motif transfac_pro__M08824 ('V$NET_Q6_01: NET'; q-value = 8.5e-05),"frozenset({'activating', 'hg38__refseq-r80__10kb_up_and_down_tss.mc9nr.genes_vs_motifs.rankings', 'weight>75.0%'})","[('TGFBR3', 0.3207681890804079), ('G2E3', 0.5183810935330444), ('MLLT10', 15.815390377591466), ('LPAR6', 0.8919299935980731), ('KCNAB2', 0.3141284607416184), ('PPM1B', 11.398181191393489), ('FYN', 10.245173690835472), ('SCAF1', 0.9551110368984206), ('IPCEF1', 4.630683298970342), ('NMT2', 0.4140732016679166), ('AGPS', 0.1098424967123312), ('NRBF2', 1.675359244437084), ('ELK3', 1.0), ('FBXL4', 0.5162915386998014), ('ACVR1', 10.393707976051475), ('SCML4', 0.1694794804670033), ('EOMES', 20.74477754407047), ('REL', 1.7399996488192595)]",839
ELK3,taipale_cyt_meth__ELF4_NACCMGGAAGTN_eDBD_meth,0.06032006413158852,3.023016157497226,6.5e-05,1.0,gene is annotated for similar motif transfac_pro__M08824 ('V$NET_Q6_01: NET'; q-value = 6.49e-05),"frozenset({'activating', 'hg38__refseq-r80__10kb_up_and_down_tss.mc9nr.genes_vs_motifs.rankings', 'weight>75.0%'})","[('MATK', 0.4243511867146302), ('FBRS', 3.2595875132510583), ('TSC22D3', 0.8950051441739572), ('FAM105A', 0.2339916213191707), ('RGS14', 0.4568619398694047), ('CELF2', 0.1580482478877964), ('STK11', 13.362466336401935), ('TGFBR3', 0.3207681890804079), ('JARID2', 0.3021217806906306), ('MAP3K1', 0.5491743408414483), ('IPCEF1', 4.630683298970342), ('TMEM71', 0.3688711359608787), ('ARHGAP15', 0.7634407818352706), ('INPP4B', 1.6544756805404055), ('PLAC8', 1.321390126948807), ('PRKACB', 2.7863823862641555), ('MIR4435-2HG', 2.018399070816772), ('LINC00152', 0.2575609144152758), ('CD70', 14.039464186090864), ('NAB1', 4.432364472062539), ('LBR', 3.685943764291316), ('PXN', 1.2024027524054064), ('NABP1', 1.246137922372658), ('DCAF12', 3.5138051960507406), ('WIPF1', 0.0437187968972599), ('PTPRN2', 0.18358349191688), ('NMT2', 0.4140732016679166), ('CCND3', 1.0928181346245314), ('PTPRC', 0.4307502548361989), ('REL', 1.7399996488192595), ('NUMB', 0.9867887865516458), ('CXCR4', 0.5909777643538726), ('CXCL13', 3.347230884190069), ('ACVR1', 10.393707976051475), ('APAF1', 0.1656517346026962), ('SAT1', 0.327717489455716), ('EPC1', 3.14163055460817), ('EVI2B', 0.1324515668198154), ('LTB', 1.6531146574341653), ('PLEKHO2', 2.0716720168505303), ('EOMES', 20.74477754407047), ('ATXN7', 1.8023203546819069), ('ID3', 1.7969687751303511), ('GPRIN3', 0.402261977819602), ('RC3H2', 10.284099926984172), ('ATAD1', 1.565123074382453), ('DUSP4', 0.225050954606065), ('CD247', 2.242394851653307), ('CD79B', 0.3519520732731567), ('ELK3', 1.0), ('FGR', 5.914741939868566), ('TNFRSF1B', 1.1150783404803284), ('KCNAB2', 0.3141284607416184), ('SPRR1B', 1.738618503009108), ('ELF1', 1.4717016783978951), ('IL7R', 1.273038383130917), ('BIN1', 0.2159277874148871), ('FASLG', 2.1264651716385403), ('BROX', 0.3267049901443812), ('ITGB7', 0.3896730462406315), ('DOK2', 1.1234804296595629), ('CTSW', 0.1561485474952196), ('EPB41L4A-AS1', 0.4455281432530055), ('LPAR6', 0.8919299935980731), ('ATP6V1H', 2.011280775019138)]",4558
ELK3,transfac_pro__M07087,0.06892661238244398,3.8679919704238754,5.5e-05,1.0,gene is annotated for similar motif transfac_pro__M03832 ('V$NET_Q6: Net'; q-value = 5.47e-05),"frozenset({'activating', 'hg38__refseq-r80__10kb_up_and_down_tss.mc9nr.genes_vs_motifs.rankings', 'weight>75.0%'})","[('PPM1B', 11.398181191393489), ('ELK3', 1.0), ('FYN', 10.245173690835472), ('ACVR1', 10.393707976051475), ('DOK2', 1.1234804296595629), ('LTB', 1.6531146574341653), ('TMEM71', 0.3688711359608787), ('SKAP1', 0.76788529033407), ('CDKN1B', 6.24436168107685), ('TGFBR3', 0.3207681890804079), ('STK11', 13.362466336401935), ('SPRR1B', 1.738618503009108), ('EOMES', 20.74477754407047), ('CD79B', 0.3519520732731567), ('NRBF2', 1.675359244437084), ('CELF2', 0.1580482478877964), ('MYB', 13.45684971716621), ('XRRA1', 1.7747399006522182), ('PXN', 1.2024027524054064), ('CCND3', 1.0928181346245314), ('INPP4B', 1.6544756805404055), ('RGS1', 0.3437635049952839), ('GPRIN3', 0.402261977819602), ('TOR3A', 1.3133676858235204), ('ATXN7', 1.8023203546819069), ('SUN2', 0.6217268423051998), ('JARID2', 0.3021217806906306), ('LPAR6', 0.8919299935980731), ('WIPF1', 0.0437187968972599), ('BROX', 0.3267049901443812), ('IL22', 0.302743276546298), ('PTPRE', 0.4930117147090248), ('GZMB', 0.771681699420255), ('PRKACB', 2.7863823862641555), ('KCNAB2', 0.3141284607416184), ('SCML4', 0.1694794804670033), ('STX12', 2.2875855950344937), ('CD247', 2.242394851653307), ('LINC00649', 6.453126817773046), ('VAMP4', 2.8051582520549467), ('BIN1', 0.2159277874148871), ('LAT2', 3.74528931026832), ('DUSP4', 0.225050954606065)]",3023
ELK3,cisbp__M2275,0.07301648567802083,4.26952855767923,5.5e-05,1.0,gene is annotated for similar motif transfac_pro__M03832 ('V$NET_Q6: Net'; q-value = 5.47e-05),"frozenset({'activating', 'hg38__refseq-r80__10kb_up_and_down_tss.mc9nr.genes_vs_motifs.rankings', 'weight>75.0%'})","[('CCND3', 1.0928181346245314), ('INPP4B', 1.6544756805404055), ('MLLT10', 15.815390377591466), ('RBM15', 2.6013554535394694), ('DHX40', 5.834243848159715), ('MYB', 13.45684971716621), ('STK11', 13.362466336401935), ('DCAF12', 3.5138051960507406), ('LENG8', 0.7845013978901418), ('USP37', 2.839451711406853), ('CASK', 3.3947211426356163), ('RC3H2', 10.284099926984172), ('TBC1D23', 4.28361442114663), ('NAB1', 4.432364472062539), ('LINC00936', 8.087066492341211), ('KCNAB2', 0.3141284607416184), ('ACVR1', 10.393707976051475), ('CXCR4', 0.5909777643538726), ('MAP3K1', 0.5491743408414483), ('MAN2A1', 0.3246020390883462), ('CHD1', 4.346599740087908)]",1105
ELK3,hocomoco__ETS1_HUMAN.H11MO.0.A,0.07286061028926019,4.254224985388192,5.3e-05,1.0,"gene is annotated for similar motif taipale_cyt_meth__ELK3_NACCGGAAGTN_eDBD_meth ('ELK3 [ETS, CpG-meth]'; q-value = 5.27e-05)","frozenset({'activating', 'hg38__refseq-r80__10kb_up_and_down_tss.mc9nr.genes_vs_motifs.rankings', 'weight>75.0%'})","[('SKAP1', 0.76788529033407), ('ID3', 1.7969687751303511), ('ELK3', 1.0), ('TGFBR3', 0.3207681890804079), ('AQR', 2.7370891497383605), ('FYN', 10.245173690835472), ('ELF1', 1.4717016783978951), ('FNBP1', 0.6321123799931679), ('CLIP4', 1.6775062532572556), ('NUMB', 0.9867887865516458), ('SLC2A3', 0.936587165440199), ('FGR', 5.914741939868566), ('AAK1', 0.159665237006675), ('PXN', 1.2024027524054064), ('PPM1B', 11.398181191393489), ('FBXW4', 4.511649483497573), ('MYB', 13.45684971716621), ('PRPF39', 0.2664565973864855), ('FLJ37453', 14.728493608604074), ('STK11', 13.362466336401935), ('WIPF1', 0.0437187968972599), ('SPATA13', 0.8885729498984992), ('DCAF12', 3.5138051960507406)]",1017
ELK3,taipale_cyt_meth__ELF2_NACCMGGAAGTN_eDBD_meth_repr,0.06287716277101905,3.2740676172240315,5.2e-05,1.0,gene is annotated for similar motif transfac_pro__M08824 ('V$NET_Q6_01: NET'; q-value = 5.18e-05),"frozenset({'activating', 'hg38__refseq-r80__10kb_up_and_down_tss.mc9nr.genes_vs_motifs.rankings', 'weight>75.0%'})","[('CELF2', 0.1580482478877964), ('MATK', 0.4243511867146302), ('ARHGAP15', 0.7634407818352706), ('NMT2', 0.4140732016679166), ('TSC22D3', 0.8950051441739572), ('IPCEF1', 4.630683298970342), ('FAM105A', 0.2339916213191707), ('MAP3K1', 0.5491743408414483), ('STK11', 13.362466336401935), ('REL', 1.7399996488192595), ('EVI2B', 0.1324515668198154), ('NUMB', 0.9867887865516458), ('PXN', 1.2024027524054064), ('ELK3', 1.0), ('CXCR4', 0.5909777643538726), ('TNFRSF1B', 1.1150783404803284), ('RGS14', 0.4568619398694047), ('NABP1', 1.246137922372658), ('ACVR1', 10.393707976051475), ('PTPRC', 0.4307502548361989), ('WIPF1', 0.0437187968972599), ('PRKACB', 2.7863823862641555), ('EOMES', 20.74477754407047), ('PGM2L1', 1.1379285923499234), ('SCML4', 0.1694794804670033), ('FYN', 10.245173690835472), ('TGFBR3', 0.3207681890804079), ('TYROBP', 0.6214036010280956), ('DCAF12', 3.5138051960507406), ('PLEKHO2', 2.0716720168505303), ('SPRR1B', 1.738618503009108)]",1882
ELK3,homer__ACAGGAAGTG_ERG,0.06171180867409425,3.159655195810074,3.6e-05,1.0,gene is annotated for similar motif transfac_pro__M08824 ('V$NET_Q6_01: NET'; q-value = 3.64e-05),"frozenset({'activating', 'hg38__refseq-r80__10kb_up_and_down_tss.mc9nr.genes_vs_motifs.rankings', 'weight>75.0%'})","[('ELK3', 1.0), ('CAMK2G', 18.530487995339715), ('SKAP1', 0.76788529033407), ('CASK', 3.3947211426356163), ('SCML4', 0.1694794804670033), ('ACVR1', 10.393707976051475), ('ARHGAP15', 0.7634407818352706), ('NABP1', 1.246137922372658), ('GZMB', 0.771681699420255), ('FYN', 10.245173690835472), ('USP37', 2.839451711406853), ('XCL2', 1.426089034686752), ('PXN', 1.2024027524054064), ('NUMB', 0.9867887865516458), ('XCL1', 1.078965413453874), ('GPRIN3', 0.402261977819602), ('EPC1', 3.14163055460817), ('TGFBR3', 0.3207681890804079)]",631
ELK3,hocomoco__ETS1_MOUSE.H11MO.0.A,0.06173407658677434,3.161841420423079,3.5e-05,1.0,"gene is annotated for similar motif taipale_cyt_meth__ELK3_NACCGGAAGTN_eDBD_meth ('ELK3 [ETS, CpG-meth]'; q-value = 3.46e-05)","frozenset({'activating', 'hg38__refseq-r80__10kb_up_and_down_tss.mc9nr.genes_vs_motifs.rankings', 'weight>75.0%'})","[('WIPF1', 0.0437187968972599), ('KCNAB2', 0.3141284607416184), ('LPAR6', 0.8919299935980731), ('LINC00649', 6.453126817773046), ('PPM1B', 11.398181191393489), ('CLIP4', 1.6775062532572556), ('MAP3K1', 0.5491743408414483), ('TGFBR3', 0.3207681890804079), ('DCAF12', 3.5138051960507406), ('CD247', 2.242394851653307), ('PXN', 1.2024027524054064), ('LENG8', 0.7845013978901418), ('ASCC3', 1.909459300996711), ('SAT1', 0.327717489455716), ('FLCN', 1.085060829478101), ('SUSD3', 1.875809147354792), ('G2E3', 0.5183810935330444)]",742
ELK3,tfdimers__MD00044,0.06015305478648783,3.0066194728996845,0.0,1.0,gene is directly annotated,"frozenset({'activating', 'hg38__refseq-r80__10kb_up_and_down_tss.mc9nr.genes_vs_motifs.rankings', 'weight>75.0%'})","[('MATK', 0.4243511867146302), ('FBRS', 3.2595875132510583), ('TSC22D3', 0.8950051441739572), ('FAM105A', 0.2339916213191707), ('RGS14', 0.4568619398694047), ('CELF2', 0.1580482478877964), ('STK11', 13.362466336401935), ('TGFBR3', 0.3207681890804079), ('JARID2', 0.3021217806906306), ('MAP3K1', 0.5491743408414483), ('IPCEF1', 4.630683298970342), ('TMEM71', 0.3688711359608787), ('ARHGAP15', 0.7634407818352706), ('PLAC8', 1.321390126948807), ('MIR4435-2HG', 2.018399070816772), ('PRKACB', 2.7863823862641555), ('LINC00152', 0.2575609144152758), ('INPP4B', 1.6544756805404055), ('CD70', 14.039464186090864), ('NAB1', 4.432364472062539), ('LBR', 3.685943764291316), ('PXN', 1.2024027524054064), ('DCAF12', 3.5138051960507406), ('NABP1', 1.246137922372658), ('CCND3', 1.0928181346245314), ('WIPF1', 0.0437187968972599), ('PTPRN2', 0.18358349191688), ('PTPRC', 0.4307502548361989), ('REL', 1.7399996488192595), ('NMT2', 0.4140732016679166)]",1179
ELK3,taipale_tf_pairs__FOXO1_ELK3_RTMAACAGGAAGTN_CAP,0.061407480534133,3.129776792765665,0.0,1.0,gene is directly annotated,"frozenset({'activating', 'hg38__refseq-r80__10kb_up_and_down_tss.mc9nr.genes_vs_motifs.rankings', 'weight>75.0%'})","[('ACVR1', 10.393707976051475), ('UHRF1BP1L', 10.552332932634677), ('LINC00152', 0.2575609144152758), ('MIR4435-2HG', 2.018399070816772), ('DOK2', 1.1234804296595629), ('CELF2', 0.1580482478877964), ('EOMES', 20.74477754407047), ('ATXN7', 1.8023203546819069), ('NABP1', 1.246137922372658), ('SCML4', 0.1694794804670033), ('TSC22D3', 0.8950051441739572), ('ID3', 1.7969687751303511), ('JARID2', 0.3021217806906306), ('NAB1', 4.432364472062539), ('MYB', 13.45684971716621), ('PRPF39', 0.2664565973864855), ('TGFBR3', 0.3207681890804079), ('ASCC3', 1.909459300996711), ('CXCR4', 0.5909777643538726), ('PGM2L1', 1.1379285923499234), ('AGPS', 0.1098424967123312), ('PTPRE', 0.4930117147090248), ('FBRS', 3.2595875132510583), ('IL22', 0.302743276546298)]",1337
EOMES,transfac_pro__M07901,0.09908911866075824,3.40526339474266,0.000112,1.0,motif similar to taipale_cyt_meth__EOMES_NAGGTGTGAN_eDBD_repr ('EOMES [T_box]'; q-value = 0.000112) which is directly annotated,"frozenset({'activating', 'hg38__refseq-r80__10kb_up_and_down_tss.mc9nr.genes_vs_motifs.rankings', 'weight>75.0%'})","[('CASK', 10.722297202026908), ('NAB1', 4.158660728293272), ('ELK3', 6.209053972624799), ('INPP4B', 1.8790379954014904), ('ATXN7', 1.054277407453509), ('FYN', 5.238096262158595), ('EOMES', 1.0), ('PECAM1', 0.3223180287981456), ('TSC22D3', 0.6647401969626897), ('ASCC3', 6.682988392119836), ('PLAC8', 5.125666376206572)]",1981
EOMES,taipale__TBX4_DBD_AGGTGTNANWWNTNACACCT,0.12901807695013012,4.917679463750405,0.000106,1.0,motif similar to swissregulon__hs__EOMES.p2 ('hs__EOMES.p2'; q-value = 0.000106) which is directly annotated,"frozenset({'activating', 'hg38__refseq-r80__10kb_up_and_down_tss.mc9nr.genes_vs_motifs.rankings', 'weight>75.0%'})","[('ATXN7', 1.054277407453509), ('XCL1', 2.251624194403523), ('XCL2', 3.169153083190684), ('ELK3', 6.209053972624799), ('GZMB', 1.339018082962277), ('GPR82', 8.665611357938824), ('FYN', 5.238096262158595), ('FCER1G', 1.0991092776121425), ('ASCC3', 6.682988392119836), ('PLAC8', 5.125666376206572), ('TSC22D3', 0.6647401969626897)]",1817
EOMES,taipale__TBX5_DBD_AGGTGTNANWWNTNACACCT,0.10923542238165576,3.917991991580186,7.1e-05,1.0,motif similar to swissregulon__hs__EOMES.p2 ('hs__EOMES.p2'; q-value = 7.05e-05) which is directly annotated,"frozenset({'activating', 'hg38__refseq-r80__10kb_up_and_down_tss.mc9nr.genes_vs_motifs.rankings', 'weight>75.0%'})","[('TSC22D3', 0.6647401969626897), ('XCL1', 2.251624194403523), ('FGR', 18.983004761164384), ('ELK3', 6.209053972624799), ('FCER1G', 1.0991092776121425), ('PLAC8', 5.125666376206572), ('GZMB', 1.339018082962277), ('XCL2', 3.169153083190684), ('KIF2A', 7.382371463632587), ('ATXN7', 1.054277407453509), ('NKG7', 2.610070535265155), ('KCNAB2', 2.8126327825005064), ('INPP4B', 1.8790379954014904), ('TYROBP', 1.0151327817784217), ('NAB1', 4.158660728293272), ('ASCC3', 6.682988392119836)]",3519
EOMES,taipale_cyt_meth__TBX3_NAGGTGTGAN_eDBD,0.09975733277062672,3.4390306160248545,5.6e-05,1.0,gene is annotated for similar motif taipale_cyt_meth__EOMES_NAGGTGTGAN_eDBD_repr ('EOMES [T_box]'; q-value = 5.58e-05),"frozenset({'activating', 'hg38__refseq-r80__10kb_up_and_down_tss.mc9nr.genes_vs_motifs.rankings', 'weight>75.0%'})","[('EOMES', 1.0), ('ELK3', 6.209053972624799), ('ATXN7', 1.054277407453509), ('INPP4B', 1.8790379954014904), ('FYN', 5.238096262158595)]",237
EOMES,taipale_cyt_meth__TBX18_NRAGGTGTGAAN_eDBD,0.09416543574593796,3.1564522905580725,5.1e-05,1.0,gene is annotated for similar motif taipale_cyt_meth__EOMES_NAGGTGTGAN_eDBD_repr ('EOMES [T_box]'; q-value = 5.11e-05),"frozenset({'activating', 'hg38__refseq-r80__10kb_up_and_down_tss.mc9nr.genes_vs_motifs.rankings', 'weight>75.0%'})","[('FGR', 18.983004761164384), ('KIF2A', 7.382371463632587), ('ATXN7', 1.054277407453509), ('INPP4B', 1.8790379954014904), ('FYN', 5.238096262158595), ('CASK', 10.722297202026908), ('KCNAB2', 2.8126327825005064)]",1041
EOMES,cisbp__M5897,0.12718928043891117,4.825263910767558,4e-05,1.0,motif similar to swissregulon__hs__EOMES.p2 ('hs__EOMES.p2'; q-value = 4.03e-05) which is directly annotated,"frozenset({'activating', 'hg38__refseq-r80__10kb_up_and_down_tss.mc9nr.genes_vs_motifs.rankings', 'weight>75.0%'})","[('TSC22D3', 0.6647401969626897), ('EOMES', 1.0), ('KCNAB2', 2.8126327825005064), ('CCND3', 0.1963917570109615), ('ELK3', 6.209053972624799), ('CTSW', 0.3168691427272427), ('XCL2', 3.169153083190684), ('XCL1', 2.251624194403523)]",1239
EOMES,cisbp__M5899,0.10909474572694661,3.9108831028891977,2e-05,1.0,motif similar to swissregulon__hs__EOMES.p2 ('hs__EOMES.p2'; q-value = 2.04e-05) which is directly annotated,"frozenset({'activating', 'hg38__refseq-r80__10kb_up_and_down_tss.mc9nr.genes_vs_motifs.rankings', 'weight>75.0%'})","[('FYN', 5.238096262158595), ('LAT2', 4.625675867488435), ('FGR', 18.983004761164384), ('ELK3', 6.209053972624799), ('KCNAB2', 2.8126327825005064), ('GNLY', 1.3856594234689323), ('NAB1', 4.158660728293272), ('TSC22D3', 0.6647401969626897), ('KIF2A', 7.382371463632587), ('CCND3', 0.1963917570109615), ('CD7', 1.357704190014957), ('FASLG', 6.451738933633027)]",2868
EOMES,taipale_cyt_meth__T_NANGTGTGANNNNTNACACCTN_eDBD_meth_repr,0.1043996623760287,3.6736239428274655,1.6e-05,1.0,"gene is annotated for similar motif taipale_cyt_meth__EOMES_NAGGTGTGAN_eDBD_meth ('EOMES [T_box, CpG-meth]'; q-value = 1.58e-05)","frozenset({'activating', 'hg38__refseq-r80__10kb_up_and_down_tss.mc9nr.genes_vs_motifs.rankings', 'weight>75.0%'})","[('CD7', 1.357704190014957), ('KCNAB2', 2.8126327825005064), ('ELK3', 6.209053972624799), ('INPP4B', 1.8790379954014904), ('FGR', 18.983004761164384)]",558
EOMES,taipale_cyt_meth__TBX15_NAGGTGTGAN_eDBD,0.1284026165857776,4.886578075727331,9e-06,1.0,motif similar to taipale_cyt_meth__EOMES_NAGGTGTGAN_eDBD_repr ('EOMES [T_box]'; q-value = 8.94e-06) which is directly annotated,"frozenset({'activating', 'hg38__refseq-r80__10kb_up_and_down_tss.mc9nr.genes_vs_motifs.rankings', 'weight>75.0%'})","[('EOMES', 1.0), ('FYN', 5.238096262158595), ('ELK3', 6.209053972624799), ('INPP4B', 1.8790379954014904), ('CASK', 10.722297202026908), ('ATXN7', 1.054277407453509)]",877
EOMES,taipale_cyt_meth__T_NANGTGTGANNNNTNACACCTN_eDBD,0.09940564113385383,3.4212583942973844,7e-06,1.0,"gene is annotated for similar motif taipale_cyt_meth__EOMES_NAGGTGTGAN_eDBD_meth ('EOMES [T_box, CpG-meth]'; q-value = 6.94e-06)","frozenset({'activating', 'hg38__refseq-r80__10kb_up_and_down_tss.mc9nr.genes_vs_motifs.rankings', 'weight>75.0%'})","[('CD7', 1.357704190014957), ('KCNAB2', 2.8126327825005064), ('ELK3', 6.209053972624799), ('FGR', 18.983004761164384), ('INPP4B', 1.8790379954014904), ('TSC22D3', 0.6647401969626897), ('CCND3', 0.1963917570109615), ('FYN', 5.238096262158595)]",1328
EOMES,transfac_pro__M02747,0.09894844200604909,3.3981545060516716,0.0,0.906383,gene is orthologous to ENSMUSG00000032446 in M. musculus (identity = 90%) which is directly annotated for motif,"frozenset({'activating', 'hg38__refseq-r80__10kb_up_and_down_tss.mc9nr.genes_vs_motifs.rankings', 'weight>75.0%'})","[('TSC22D3', 0.6647401969626897), ('KCNAB2', 2.8126327825005064), ('ATXN7', 1.054277407453509), ('INPP4B', 1.8790379954014904), ('KIF2A', 7.382371463632587), ('CCL4', 4.033492881391632), ('PECAM1', 0.3223180287981456)]",960
EOMES,taipale_tf_pairs__MEIS1_EOMES_AGGTGTTGACAN_CAP_repr,0.1005134697896884,3.4772408927389162,0.0,1.0,gene is directly annotated,"frozenset({'activating', 'hg38__refseq-r80__10kb_up_and_down_tss.mc9nr.genes_vs_motifs.rankings', 'weight>75.0%'})","[('EOMES', 1.0), ('ELK3', 6.209053972624799), ('FYN', 5.238096262158595), ('INPP4B', 1.8790379954014904), ('ATXN7', 1.054277407453509)]",418
ETS1,taipale_cyt_meth__ELF2_NACCMGGAAGTN_eDBD_meth_repr,0.06168879410556493,3.0588076617535895,0.000745,1.0,"motif similar to cisbp__M6220 ('ETS1[gene ID: ""ENSG00000134954"" species: ""Homo sapiens"" TF status: ""direct"" TF family: ""Ets"" DBDs: ""Ets""]'; q-value = 0.000745) which is directly annotated","frozenset({'activating', 'hg38__refseq-r80__10kb_up_and_down_tss.mc9nr.genes_vs_motifs.rankings', 'weight>75.0%'})","[('EVI2B', 0.4234906918664353), ('TSC22D3', 0.7031757473900648), ('MAP3K11', 1.1881849834216325), ('RGS14', 0.2804738022439693), ('CYSLTR1', 1.0714747278004355), ('LINC00152', 0.1160994043516489), ('TGFBR3', 0.2439794341596918), ('PLEKHA2', 5.15483583410214), ('KIAA1033', 1.4402719365481311), ('MYH11', 13.585423460276076), ('GLIPR1', 0.0676378051737791), ('CXCR4', 0.3074523730971688), ('PTPRE', 4.911682857162023), ('PLCL2', 6.239230080700297), ('ANKRD44', 0.1321937823629183), ('GNAQ', 0.7889647021374283), ('NABP1', 0.1417498390007847), ('GIMAP2', 0.1161736230049703), ('PTPN22', 1.0234873232277246), ('LPIN1', 0.995131732040832), ('ETS1', 1.0), ('RUNX2', 3.2424912754153574), ('CDC42EP3', 0.6566133767043631), ('LRCH4', 5.421303563649064), ('ID3', 0.4108617165618023), ('CLK4', 0.4913104794163069), ('IRAK1', 6.182135974719398)]",2062
ETS1,tfdimers__MD00145,0.0654558485486789,3.4057773689274873,0.0,1.0,gene is directly annotated,"frozenset({'activating', 'hg38__refseq-r80__10kb_up_and_down_tss.mc9nr.genes_vs_motifs.rankings', 'weight>75.0%'})","[('ARHGAP19', 5.267546534682166), ('RUNX2', 3.2424912754153574), ('CXCR4', 0.3074523730971688), ('PHRF1', 4.132708798647391), ('LINC00152', 0.1160994043516489), ('TGFBR3', 0.2439794341596918), ('EPC1', 0.6791499423714664), ('CDKN2D', 0.1561540150712847), ('FNBP1', 0.2816136832307553), ('MBTPS1', 1.2011068859085443), ('C1orf228', 0.1027536198846269), ('SNX25', 0.5039254150641094), ('ETS1', 1.0), ('GNAQ', 0.7889647021374283)]",713
ETS1,tfdimers__MD00299,0.06845375962521741,3.6819040732445347,0.0,1.0,gene is directly annotated,"frozenset({'activating', 'hg38__refseq-r80__10kb_up_and_down_tss.mc9nr.genes_vs_motifs.rankings', 'weight>75.0%'})","[('SBSN', 4.64297303374798), ('S100A2', 0.143590560751833), ('PLEKHA2', 5.15483583410214), ('FURIN', 4.179720973151326), ('IKZF3', 1.1497830472799455), ('TGFBR3', 0.2439794341596918), ('IRAK1', 6.182135974719398), ('CD247', 0.6255494908577256), ('GADD45B', 2.097940363190253), ('CASK', 1.3544721263434234), ('TNFRSF1B', 0.0619271845401349), ('ETS1', 1.0), ('FANK1', 0.9709301708843135), ('SYNE3', 0.1215848826533406), ('LPIN1', 0.995131732040832), ('PTPRE', 4.911682857162023), ('CCDC57', 7.427750128755779), ('LINC00152', 0.1160994043516489), ('PLPP5', 1.619743659004775), ('PSME4', 7.91844039082258), ('SPAG9', 2.9093699234169823), ('CDC42EP3', 0.6566133767043631), ('ERAP1', 1.933688676704601)]",1423
ETS1,tfdimers__MD00044,0.06637794656201655,3.4907084689433723,0.0,1.0,gene is directly annotated,"frozenset({'activating', 'hg38__refseq-r80__10kb_up_and_down_tss.mc9nr.genes_vs_motifs.rankings', 'weight>75.0%'})","[('BLVRB', 0.1049947085900057), ('IL7R', 0.279513357612568), ('S100A2', 0.143590560751833), ('TGFBR3', 0.2439794341596918), ('SBSN', 4.64297303374798), ('LINC00152', 0.1160994043516489), ('SYNE3', 0.1215848826533406), ('CD247', 0.6255494908577256), ('FANK1', 0.9709301708843135), ('SPAG9', 2.9093699234169823), ('PLEKHA2', 5.15483583410214), ('RUNX2', 3.2424912754153574), ('FURIN', 4.179720973151326), ('CDC42EP3', 0.6566133767043631), ('NABP1', 0.1417498390007847), ('CEP85L', 0.671583110138539), ('DKFZP434I0714', 4.106265831505685), ('IKZF3', 1.1497830472799455), ('TSC22D3', 0.7031757473900648), ('LPIN1', 0.995131732040832), ('RGS9', 0.9975013645842568), ('GIMAP7', 0.1213716676483775), ('CCDC57', 7.427750128755779)]",1407
ETS1,hdpi__ETS1,0.0624054958789648,3.124820459870201,0.0,1.0,gene is directly annotated,"frozenset({'activating', 'hg38__refseq-r80__10kb_up_and_down_tss.mc9nr.genes_vs_motifs.rankings', 'weight>75.0%'})","[('SBSN', 4.64297303374798), ('S100A2', 0.143590560751833), ('IRAK1', 6.182135974719398), ('GADD45B', 2.097940363190253), ('PLEKHA2', 5.15483583410214), ('FANK1', 0.9709301708843135), ('IKZF3', 1.1497830472799455), ('FURIN', 4.179720973151326), ('PTPRE', 4.911682857162023), ('TGFBR3', 0.2439794341596918), ('CDC42EP3', 0.6566133767043631), ('RUNX3', 2.3528592982390157), ('ETS1', 1.0), ('LINC00152', 0.1160994043516489), ('IL7R', 0.279513357612568), ('CD247', 0.6255494908577256)]",827
FLI1,homer__ACAGGATGTGGT_ETS_RUNX,0.055529129008837594,3.103666042870135,0.000528,1.0,gene is annotated for similar motif transfac_pro__M07089 ('V$FLI1_05: Fli-1'; q-value = 0.000528),"frozenset({'activating', 'hg38__refseq-r80__10kb_up_and_down_tss.mc9nr.genes_vs_motifs.rankings', 'weight>75.0%'})","[('PLEKHO2', 0.6794276405544272), ('ACVR2A', 0.3367324472666198), ('RGS19', 0.3821848170952255), ('MLYCD', 1.822426682648751), ('ACTB', 0.2904743137727463), ('ZCCHC6', 5.140667092156583), ('NAPEPLD', 2.70614225577264), ('MPZL3', 0.1663363242936144), ('MAPKAPK2', 2.262083343914647), ('STK39', 4.550569269321709), ('POU2F1', 7.566975673056265), ('BOD1L1', 3.6082781139285216), ('NUP214', 0.3982037471134416), ('MICAL1', 0.2375006738211074), ('MFN1', 2.2506809631655886), ('AMIGO2', 26.83272503115605), ('BIN2', 0.3206132152918633), ('CTDSPL2', 1.3889343831763636), ('AHSA2', 0.7800271294780501), ('TRRAP', 2.7566879146067813), ('MAP3K14', 2.9803640344319717), ('FAM120B', 2.510358489544529), ('SUN2', 0.8678614086060332), ('GOLGA8B', 13.993140682474328), ('ANKRD54', 2.000823836185307)]",1735
FLI1,dbcorrdb__ELK4__ENCSR000EVI_1__m1,0.05840405911757588,3.3977769261328388,2.6e-05,1.0,motif similar to taipale_cyt_meth__FLI1_NACCGGAARTN_FL ('FLI1 [ETS]'; q-value = 2.63e-05) which is directly annotated,"frozenset({'activating', 'hg38__refseq-r80__10kb_up_and_down_tss.mc9nr.genes_vs_motifs.rankings', 'weight>75.0%'})","[('SUN2', 0.8678614086060332), ('PLEKHO2', 0.6794276405544272), ('SYNE3', 6.561477467448117), ('PLK3', 0.1901179785670108), ('ACVR2A', 0.3367324472666198), ('GDPD5', 8.854676093061274), ('GRK5', 3.622318241792247), ('RBM26', 0.1746406271546954), ('RGS9', 0.8890430805348213), ('BIRC3', 0.9432652696008272), ('MAP3K14', 2.9803640344319717), ('JAZF1', 0.8247761348202716), ('INPP4B', 0.0533790504749995), ('CYSLTR1', 0.6047945190722602), ('LINC01358', 4.64307691333525)]",975
FLI1,dbcorrdb__POLR2AphosphoS5__ENCSR000BQC_1__m1,0.05884218344474209,3.442597888023381,2e-06,1.0,motif similar to taipale_cyt_meth__FLI1_NACCGGAARTN_FL ('FLI1 [ETS]'; q-value = 1.5e-06) which is directly annotated,"frozenset({'activating', 'hg38__refseq-r80__10kb_up_and_down_tss.mc9nr.genes_vs_motifs.rankings', 'weight>75.0%'})","[('DUS3L', 1.819312551904404), ('FLI1', 1.0), ('SKAP1', 3.441262794532844), ('GRK5', 3.622318241792247), ('LBH', 8.214186026152369), ('CWC22', 10.403342520486952), ('ACVR2A', 0.3367324472666198), ('DENND2D', 0.4605651289542971), ('GDPD5', 8.854676093061274), ('CEP250', 0.1187834015896186), ('NAPEPLD', 2.70614225577264), ('MFSD12', 8.136474062970233), ('AMIGO2', 26.83272503115605), ('CD28', 8.523189207447887), ('LINC01006', 30.42197653498063)]",813
FLI1,dbcorrdb__GABPA__ENCSR000BGC_1__m1,0.05523704612406012,3.073785401609774,0.0,0.966814,gene is orthologous to ENSMUSG00000016087 in M. musculus (identity = 96%) which is annotated for similar motif hocomoco__FLI1_MOUSE.H11MO.0.A ('FLI1_MOUSE'; q-value = 6.47e-08),"frozenset({'activating', 'hg38__refseq-r80__10kb_up_and_down_tss.mc9nr.genes_vs_motifs.rankings', 'weight>75.0%'})","[('TLE4', 0.5929007456088452), ('FAM120B', 2.510358489544529), ('PLEKHO2', 0.6794276405544272), ('CCNG2', 1.6532348597724007), ('FLI1', 1.0), ('EPSTI1', 0.1137800514475123), ('POU2F1', 7.566975673056265), ('ARL8A', 3.0507081391309896), ('ATP2C1', 9.945082360200267), ('MAN2A2', 8.392560107076305), ('ZCCHC6', 5.140667092156583), ('PHKG1', 3.2102706057244235), ('INTS6', 0.1358250769370721), ('STK39', 4.550569269321709), ('LINC01358', 4.64307691333525), ('U2SURP', 0.2643234141851458), ('AKT1', 3.6445981187999688), ('TSPAN2', 1.6607328301261457), ('INPP4B', 0.0533790504749995), ('SUN2', 0.8678614086060332), ('GOLGA8B', 13.993140682474328), ('ANKH', 0.8211608964025967), ('PTPRC', 1.0853777869400685), ('C7orf31', 2.3546402728087648), ('LBH', 8.214186026152369), ('ZNF800', 12.281816181916138)]",1875
FOXK1,dbcorrdb__FOXA1__ENCSR000BLE_1__m1,0.0698354083139903,3.0986841886751604,0.000274,1.0,motif similar to taipale_cyt_meth__FOXK1_NWYGTAAAYAN_eDBD ('FOXK1 [Forkhead]'; q-value = 0.000274) which is directly annotated,"frozenset({'activating', 'hg38__refseq-r80__10kb_up_and_down_tss.mc9nr.genes_vs_motifs.rankings', 'weight>75.0%'})","[('CYP1B1', 8.916660925829147), ('COL6A1', 2.8616666584134216), ('MTMR2', 3.621217980658207), ('CFH', 3.5684824442677483), ('EFEMP1', 9.530706770709104), ('USP53', 2.403353318329135)]",450
KLF2,transfac_pro__M05319,0.05420128141199936,3.0573787439569995,0.000505,0.876056,gene is orthologous to ENSMUSG00000055148 in M. musculus (identity = 87%) which is annotated for similar motif transfac_pro__M05391 ('V$LKLF_01: LKLF'; q-value = 0.000505),"frozenset({'activating', 'hg38__refseq-r80__10kb_up_and_down_tss.mc9nr.genes_vs_motifs.rankings', 'weight>75.0%'})","[('CCSER2', 3.74203144094014), ('PRKX', 0.1205471244082636), ('PTPN9', 0.2692930740933554), ('AP2A2', 20.94063471829172), ('APOE', 1.6495681248345286), ('VCAN', 2.826485176310849), ('KCNAB2', 1.3178318796829955), ('ACTA2', 9.214596971147111), ('DHRS12', 0.986569602218666), ('ADRB2', 9.268011568125036), ('KLF2', 1.0), ('RHOH', 0.2203897220952868), ('FABP4', 17.12331394940805)]",843
POU2F1,dbcorrdb__POU2F2__ENCSR000BGP_1__m1,0.09970457902511078,3.051811921631668,0.000125,1.0,gene is annotated for similar motif transfac_public__M00161 ('V$OCT1_05: Oct-1'; q-value = 0.000125),"frozenset({'activating', 'hg38__refseq-r80__10kb_up_and_down_tss.mc9nr.genes_vs_motifs.rankings', 'weight>75.0%'})","[('FLI1', 1.6800477425849167), ('MAP3K14', 7.33215436317952), ('NAPEPLD', 7.244082280101755), ('PTPRC', 0.1381237891874416), ('ARHGAP15', 0.6280485847585622), ('MAP2K3', 3.3947657456855613), ('BOD1L1', 17.304391423241462), ('MICAL1', 3.01784230475854), ('PTPN6', 1.712047242568319), ('MAN2A2', 14.03314933789921), ('POU2F1', 1.0)]",2653
POU2F1,cisbp__M6133,0.11358041269414977,3.6637981977360017,1e-06,1.0,"motif similar to cisbp__M6423 ('POU2F1[gene ID: ""ENSG00000143190"" species: ""Homo sapiens"" TF status: ""direct"" TF family: ""Homeodomain,POU"" DBDs: ""Homeobox,Pou""]; pdm2[gene ID: ""FBgn0004394"" species: ""Drosophila melanogaster"" TF status: ""inferred"" TF family: ""Homeodomain,POU"" DBDs: ""Homeobox,Pou""]'; q-value = 1.04e-06) which is directly annotated","frozenset({'activating', 'hg38__refseq-r80__10kb_up_and_down_tss.mc9nr.genes_vs_motifs.rankings', 'weight>75.0%'})","[('ARHGAP15', 0.6280485847585622), ('FLI1', 1.6800477425849167), ('C1orf228', 2.794799260980582), ('MAN2A2', 14.03314933789921), ('BOD1L1', 17.304391423241462), ('PTPRC', 0.1381237891874416), ('BIRC3', 0.3326865127387429), ('CXCL14', 0.4890992606287075)]",1922
POU2F1,cisbp__M3676,0.10433731704041896,3.256136371879405,0.0,1.0,gene is directly annotated,"frozenset({'activating', 'hg38__refseq-r80__10kb_up_and_down_tss.mc9nr.genes_vs_motifs.rankings', 'weight>75.0%'})","[('FLI1', 1.6800477425849167), ('BLOC1S5', 12.112380145660078), ('CYSLTR1', 0.4596224395244979), ('PTPRC', 0.1381237891874416), ('MAP3K14', 7.33215436317952)]",576
POU2F1,tfdimers__MD00258,0.11393849872431852,3.679591391958049,0.0,1.0,gene is directly annotated,"frozenset({'activating', 'hg38__refseq-r80__10kb_up_and_down_tss.mc9nr.genes_vs_motifs.rankings', 'weight>75.0%'})","[('MAP2K3', 3.3947657456855613), ('FLI1', 1.6800477425849167), ('BLOC1S5', 12.112380145660078), ('STMN3', 0.9186266104935996), ('LYAR', 5.72898447771696)]",590
POU2F1,transfac_public__M00136,0.10534443400026856,3.3005547306289134,0.0,1.0,gene is directly annotated,"frozenset({'activating', 'hg38__refseq-r80__10kb_up_and_down_tss.mc9nr.genes_vs_motifs.rankings', 'weight>75.0%'})","[('POU2F1', 1.0), ('MAP3K14', 7.33215436317952), ('PTPRC', 0.1381237891874416), ('FLI1', 1.6800477425849167), ('NAPEPLD', 7.244082280101755)]",790
RBBP5,cisbp__M6483,0.09114514498950478,3.006559261264099,0.0,1.0,"gene is annotated for similar motif dbcorrdb__RBBP5__ENCSR000AQC_1__m5 ('RBBP5 (ENCSR000AQC-1, motif 5)'; q-value = 1.32e-07)","frozenset({'activating', 'hg38__refseq-r80__10kb_up_and_down_tss.mc9nr.genes_vs_motifs.rankings', 'weight>75.0%'})","[('TSC22D3', 0.1104014362416557), ('C1R', 3.1303474243200977), ('INPP4B', 1.292099200418798), ('IGFBP4', 4.569851874316309), ('ZNF407', 9.89493708399078), ('COL1A1', 1.998876794049369), ('FAM219B', 0.7908774988368994), ('CXCR6', 0.509743541771107), ('C1orf216', 2.5831233680189025), ('TRAF5', 2.055411370234168), ('IGFBP5', 1.1897369119548962), ('FAM107B', 0.519455215189188), ('ARSG', 4.446554846386627), ('MGST1', 1.2493408894230411), ('PTGER4', 0.5408927728215561), ('LUM', 3.695866241287912)]",1258
REL,transfac_pro__M08891,0.06043008495227527,3.3533831366929086,0.000705,1.0,gene is annotated for similar motif transfac_pro__M03545 ('V$CREL_Q6: c-Rel'; q-value = 0.000705),"frozenset({'activating', 'hg38__refseq-r80__10kb_up_and_down_tss.mc9nr.genes_vs_motifs.rankings', 'weight>75.0%'})","[('SPATA13', 1.055525977365507), ('TNFRSF4', 0.5694402569169236), ('TNFRSF1B', 0.0448229032668567), ('BIRC3', 0.0817689355029422), ('FBXW4', 0.767955674462014), ('SETD5', 0.1481171425630117), ('MYB', 3.864478695687482), ('RUNX2', 0.2913497175759305), ('CCL1', 1.5764704210317575), ('SEMA4A', 10.03285049495275), ('MAP3K11', 0.5359997176383724), ('CCL5', 0.5398085695379384), ('LTB', 0.0996118353596987), ('REL', 1.0), ('CD70', 4.866205410421598), ('POLD1', 2.436984697658391), ('NMT2', 0.0656865087628701), ('FBRS', 0.9747910259649568), ('DUSP2', 3.019131507312934), ('CD69', 1.1115377098255568), ('CRTAM', 0.0643525885817718), ('PRPF39', 1.267646810802329), ('ELK3', 2.581800379965798), ('ZC3HAV1', 0.3742267198255878), ('IGFBP2', 4.702703843229672), ('DNAJB1', 0.4715807662058716), ('RC3H2', 3.6107566230965498), ('PPCDC', 3.3028332677486607), ('RNF138', 3.994651980745152), ('FYN', 0.4775909767435023), ('SLC2A6', 3.1243175190192782), ('GZMK', 1.8497477700053404), ('TFEB', 2.230672343199372), ('CAMK2G', 4.434799000511764), ('NACC1', 0.0496531765897066)]",1891
REL,homer__GGAAATTCCC_NFkB-p65-Rel,0.05873928724066312,3.184823677782071,0.000463,1.0,gene is annotated for similar motif transfac_pro__M03545 ('V$CREL_Q6: c-Rel'; q-value = 0.000463),"frozenset({'activating', 'hg38__refseq-r80__10kb_up_and_down_tss.mc9nr.genes_vs_motifs.rankings', 'weight>75.0%'})","[('RUNX2', 0.2913497175759305), ('PTPN22', 0.4824533204359005), ('ATXN7', 4.4694569959968256), ('XCL1', 0.6582518254963183), ('XCL2', 0.3245474295030953), ('SPATA13', 1.055525977365507), ('SCML4', 0.5952098022510168), ('ELK3', 2.581800379965798), ('USP37', 0.4938485603784269), ('BIRC3', 0.0817689355029422), ('LINC00649', 2.158081670560388), ('PPCDC', 3.3028332677486607), ('MIR4435-2HG', 0.0785443139162735), ('GZMB', 0.618851718383988), ('PRKACB', 0.2409918516102213), ('FYN', 0.4775909767435023), ('ACVR1', 4.5399327670229965), ('CRTAM', 0.0643525885817718), ('CXCR6', 0.3896874313376722), ('CAMK2D', 1.428816265797094), ('PLAC8', 6.579744558865197), ('CLK4', 0.3946448602084987), ('FURIN', 0.072697419106449), ('CDC42EP3', 0.3538335023605786), ('CDC42SE2', 3.3210824406791444), ('PVT1', 0.269879415533825), ('RGS14', 0.2810977449127783), ('EPC1', 4.010686568499811), ('CCL1', 1.5764704210317575), ('DUSP2', 3.019131507312934), ('FBXW4', 0.767955674462014), ('MBTPS1', 1.0853334431655428), ('SPTSSB', 2.755733220305857), ('PSME4', 0.599728394151561), ('ETS1', 1.2986150966018344), ('SETD5', 0.1481171425630117), ('APBB1IP', 0.6993681100873123), ('GZMK', 1.8497477700053404), ('PLPP5', 0.7024810109288424), ('ITGB7', 0.784962514200346), ('ANKRD28', 0.2004698469218303), ('CXCR4', 0.9630173777355244)]",3242
REL,transfac_pro__M01223,0.07400520360803485,4.706717506351759,0.000307,1.0,motif similar to transfac_pro__M03545 ('V$CREL_Q6: c-Rel'; q-value = 0.000307) which is directly annotated,"frozenset({'activating', 'hg38__refseq-r80__10kb_up_and_down_tss.mc9nr.genes_vs_motifs.rankings', 'weight>75.0%'})","[('ZMYM5', 0.6867343969322034), ('FBRS', 0.9747910259649568), ('CHD1', 0.1290627162637541), ('MLLT10', 4.71816450487802), ('SETD5', 0.1481171425630117), ('EPC1', 4.010686568499811), ('SCAF1', 1.187792987703698), ('FYN', 0.4775909767435023), ('CDKN1B', 1.393290338079895), ('ACVR1', 4.5399327670229965), ('ID3', 0.1402816866432247), ('SLC17A5', 0.3732139970469458), ('PCOLCE', 0.5709185866160637), ('SAT1', 2.6447314750897184), ('PPM1B', 3.5363360504574604), ('RCBTB2', 0.926582212823505), ('MIDN', 4.0504301276334775), ('CLK4', 0.3946448602084987), ('SPATA13', 1.055525977365507), ('FURIN', 0.072697419106449), ('CXCR4', 0.9630173777355244), ('MAP3K11', 0.5359997176383724), ('PDK1', 0.8715674037525248), ('ETS1', 1.2986150966018344), ('ELK3', 2.581800379965798), ('NABP1', 1.137071586401285), ('HOXB2', 3.17296525127455), ('CAMK2N1', 1.7660838661621805)]",1496
REL,cisbp__M6369,0.060902458592326555,3.4004751362999275,0.000112,1.0,"gene is annotated for similar motif cisbp__M6449 ('REL[gene ID: ""ENSG00000162924"" species: ""Homo sapiens"" TF status: ""direct"" TF family: ""Rel"" DBDs: ""RHD""]; Rel[gene ID: ""ENSMUSG00000020275"" species: ""Mus musculus"" TF status: ""inferred"" TF family: ""Rel"" DBDs: ""RHD""]'; q-value = 0.000112)","frozenset({'activating', 'hg38__refseq-r80__10kb_up_and_down_tss.mc9nr.genes_vs_motifs.rankings', 'weight>75.0%'})","[('MIDN', 4.0504301276334775), ('FBRS', 0.9747910259649568), ('RC3H2', 3.6107566230965498), ('SETD5', 0.1481171425630117), ('ZMYM5', 0.6867343969322034), ('LINC00936', 0.7251095874973684), ('MLLT10', 4.71816450487802), ('NACC1', 0.0496531765897066), ('ANKRD28', 0.2004698469218303), ('FYN', 0.4775909767435023), ('MAN2A1', 4.525195137566691), ('RCBTB2', 0.926582212823505), ('ACVR1', 4.5399327670229965), ('FLJ37453', 4.311430179036712), ('PRKD3', 3.8370956492509873), ('CHD1', 0.1290627162637541), ('SEMA4A', 10.03285049495275), ('MYB', 3.864478695687482), ('RUNX2', 0.2913497175759305), ('PCED1B', 4.637716287490646), ('MAP3K11', 0.5359997176383724), ('VAMP4', 0.1400553403640719), ('CAMK2N1', 1.7660838661621805), ('ELK3', 2.581800379965798), ('LBR', 1.2245506497369774), ('HOXB2', 3.17296525127455), ('PPM1B', 3.5363360504574604), ('CDKN1B', 1.393290338079895), ('SLC2A6', 3.1243175190192782), ('TFEB', 2.230672343199372), ('SPTSSB', 2.755733220305857), ('TNFRSF1B', 0.0448229032668567), ('PVT1', 0.269879415533825), ('CAMK2D', 1.428816265797094), ('CXCR4', 0.9630173777355244), ('SCML4', 0.5952098022510168), ('EPC1', 4.010686568499811), ('FURIN', 0.072697419106449), ('REL', 1.0)]",2549
REL,transfac_pro__M08952,0.05823692162346572,3.1347417099460353,0.000101,1.0,motif similar to swissregulon__hs__NFKB1_REL_RELA.p2 ('hs__NFKB1_REL_RELA.p2'; q-value = 0.000101) which is directly annotated,"frozenset({'activating', 'hg38__refseq-r80__10kb_up_and_down_tss.mc9nr.genes_vs_motifs.rankings', 'weight>75.0%'})","[('RUNX2', 0.2913497175759305), ('CXCR4', 0.9630173777355244), ('PPM1B', 3.5363360504574604), ('PHRF1', 2.225615187081895), ('RCBTB2', 0.926582212823505), ('MIR4435-2HG', 0.0785443139162735), ('LINC00649', 2.158081670560388), ('EPC1', 4.010686568499811), ('CDKN2D', 0.3793053997563154), ('MBTPS1', 1.0853334431655428), ('C1orf228', 0.6310114102567295), ('LINC00936', 0.7251095874973684), ('CHD1', 0.1290627162637541), ('ETS1', 1.2986150966018344), ('ATXN7', 4.4694569959968256), ('TCEB3', 4.072125676522869), ('RHOH', 0.7895418995498055), ('MAN2A1', 4.525195137566691), ('FYN', 0.4775909767435023), ('ZC3HAV1', 0.3742267198255878), ('PNPLA8', 4.515671898929225), ('ATP6V1H', 1.1293325349783234), ('PRKACB', 0.2409918516102213), ('KIAA0586', 4.661033354565725), ('SPATA13', 1.055525977365507), ('FLJ37453', 4.311430179036712)]",1537
REL,transfac_public__M00052,0.059020462026407934,3.212854629929106,5.1e-05,1.0,gene is annotated for similar motif jaspar__MA0101.1 ('REL'; q-value = 5.14e-05),"frozenset({'activating', 'hg38__refseq-r80__10kb_up_and_down_tss.mc9nr.genes_vs_motifs.rankings', 'weight>75.0%'})","[('FBRS', 0.9747910259649568), ('SPTSSB', 2.755733220305857), ('NCAPD3', 2.716917567567691), ('FYN', 0.4775909767435023), ('VAMP4', 0.1400553403640719), ('CDC42EP3', 0.3538335023605786), ('ETS1', 1.2986150966018344), ('CDC42SE2', 3.3210824406791444), ('EPB41L4A-AS1', 0.3766435666018888), ('SEMA4A', 10.03285049495275), ('ELK3', 2.581800379965798), ('RGS14', 0.2810977449127783), ('CCND3', 1.168731554253596), ('ID3', 0.1402816866432247)]",504
REL,cisbp__M1930,0.05783202993199319,3.0943771388543047,4.1e-05,1.0,"gene is annotated for similar motif cisbp__M6449 ('REL[gene ID: ""ENSG00000162924"" species: ""Homo sapiens"" TF status: ""direct"" TF family: ""Rel"" DBDs: ""RHD""]; Rel[gene ID: ""ENSMUSG00000020275"" species: ""Mus musculus"" TF status: ""inferred"" TF family: ""Rel"" DBDs: ""RHD""]'; q-value = 4.1e-05)","frozenset({'activating', 'hg38__refseq-r80__10kb_up_and_down_tss.mc9nr.genes_vs_motifs.rankings', 'weight>75.0%'})","[('MIDN', 4.0504301276334775), ('ACVR1', 4.5399327670229965), ('LINC00936', 0.7251095874973684), ('TBC1D23', 3.957389706488773), ('MIR4435-2HG', 0.0785443139162735), ('DHX40', 0.5540805132669142), ('HID1', 2.7840658923308235), ('DUSP2', 3.019131507312934), ('PRKD3', 3.8370956492509873), ('PLPP5', 0.7024810109288424), ('CCNT2', 14.151942418117244), ('RCBTB2', 0.926582212823505), ('CDC42EP3', 0.3538335023605786), ('CRTAM', 0.0643525885817718), ('GPR65', 2.355636761771528), ('GMDS', 0.0487241610874723), ('FYN', 0.4775909767435023), ('VAMP4', 0.1400553403640719), ('CDKN1B', 1.393290338079895), ('MLLT10', 4.71816450487802)]",1188
REL,jaspar__MA0107.1,0.0583756345177665,3.1485703130052394,4.1e-05,1.0,"gene is annotated for similar motif cisbp__M6449 ('REL[gene ID: ""ENSG00000162924"" species: ""Homo sapiens"" TF status: ""direct"" TF family: ""Rel"" DBDs: ""RHD""]; Rel[gene ID: ""ENSMUSG00000020275"" species: ""Mus musculus"" TF status: ""inferred"" TF family: ""Rel"" DBDs: ""RHD""]'; q-value = 4.1e-05)","frozenset({'activating', 'hg38__refseq-r80__10kb_up_and_down_tss.mc9nr.genes_vs_motifs.rankings', 'weight>75.0%'})","[('CAMK2D', 1.428816265797094), ('LINC00936', 0.7251095874973684), ('HOXB2', 3.17296525127455), ('ATP6V1H', 1.1293325349783234), ('MLLT10', 4.71816450487802), ('EPC1', 4.010686568499811), ('RC3H2', 3.6107566230965498), ('TRMT1', 2.277139790939516), ('TMC6', 3.607132953273152), ('APBB1IP', 0.6993681100873123), ('OFD1', 2.753192328073341), ('PRPF39', 1.267646810802329), ('ZNF512', 6.948975626549404), ('PHRF1', 2.225615187081895), ('MBTPS1', 1.0853334431655428), ('PRKACB', 0.2409918516102213), ('CDC42SE2', 3.3210824406791444), ('CCNT2', 14.151942418117244), ('PPM1B', 3.5363360504574604), ('FYN', 0.4775909767435023), ('RCBTB2', 0.926582212823505), ('PVT1', 0.269879415533825), ('SETD5', 0.1481171425630117), ('PRKD3', 3.8370956492509873), ('ANKRD28', 0.2004698469218303), ('TFEB', 2.230672343199372), ('CDKN1B', 1.393290338079895), ('XRRA1', 3.371733001067393), ('ACVR1', 4.5399327670229965), ('ZC3HAV1', 0.3742267198255878), ('CD247', 0.4618275517962642)]",2189
REL,cisbp__M3623,0.062540770343933,3.5638021508099853,4.1e-05,1.0,"gene is annotated for similar motif cisbp__M6449 ('REL[gene ID: ""ENSG00000162924"" species: ""Homo sapiens"" TF status: ""direct"" TF family: ""Rel"" DBDs: ""RHD""]; Rel[gene ID: ""ENSMUSG00000020275"" species: ""Mus musculus"" TF status: ""inferred"" TF family: ""Rel"" DBDs: ""RHD""]'; q-value = 4.1e-05)","frozenset({'activating', 'hg38__refseq-r80__10kb_up_and_down_tss.mc9nr.genes_vs_motifs.rankings', 'weight>75.0%'})","[('SPATA13', 1.055525977365507), ('TNFRSF1B', 0.0448229032668567), ('TNFRSF4', 0.5694402569169236), ('SETD5', 0.1481171425630117), ('FBXW4', 0.767955674462014), ('CCL1', 1.5764704210317575), ('BIRC3', 0.0817689355029422), ('LTB', 0.0996118353596987), ('MYB', 3.864478695687482), ('CD69', 1.1115377098255568), ('SEMA4A', 10.03285049495275), ('RUNX2', 0.2913497175759305), ('CCL5', 0.5398085695379384), ('REL', 1.0), ('CRTAM', 0.0643525885817718), ('MAP3K11', 0.5359997176383724), ('FBRS', 0.9747910259649568), ('NMT2', 0.0656865087628701), ('DNAJB1', 0.4715807662058716), ('RC3H2', 3.6107566230965498), ('IGFBP2', 4.702703843229672), ('PRPF39', 1.267646810802329), ('FYN', 0.4775909767435023), ('SLC2A6', 3.1243175190192782), ('TFEB', 2.230672343199372), ('SPTSSB', 2.755733220305857), ('GZMK', 1.8497477700053404), ('POLD1', 2.436984697658391)]",1163
REL,hocomoco__RELB_HUMAN.H11MO.0.C,0.06175348094384752,3.485315484798287,1.8e-05,1.0,"gene is annotated for similar motif cisbp__M6449 ('REL[gene ID: ""ENSG00000162924"" species: ""Homo sapiens"" TF status: ""direct"" TF family: ""Rel"" DBDs: ""RHD""]; Rel[gene ID: ""ENSMUSG00000020275"" species: ""Mus musculus"" TF status: ""inferred"" TF family: ""Rel"" DBDs: ""RHD""]'; q-value = 1.82e-05)","frozenset({'activating', 'hg38__refseq-r80__10kb_up_and_down_tss.mc9nr.genes_vs_motifs.rankings', 'weight>75.0%'})","[('LINC00936', 0.7251095874973684), ('HOXB2', 3.17296525127455), ('EPC1', 4.010686568499811), ('CAMK2D', 1.428816265797094), ('ATP6V1H', 1.1293325349783234), ('RC3H2', 3.6107566230965498), ('TMC6', 3.607132953273152), ('XRRA1', 3.371733001067393), ('ZNF512', 6.948975626549404), ('APBB1IP', 0.6993681100873123)]",384
REL,transfac_pro__M01239,0.0649476265099086,3.803747101188604,1.6e-05,1.0,"gene is annotated for similar motif cisbp__M6449 ('REL[gene ID: ""ENSG00000162924"" species: ""Homo sapiens"" TF status: ""direct"" TF family: ""Rel"" DBDs: ""RHD""]; Rel[gene ID: ""ENSMUSG00000020275"" species: ""Mus musculus"" TF status: ""inferred"" TF family: ""Rel"" DBDs: ""RHD""]'; q-value = 1.6e-05)","frozenset({'activating', 'hg38__refseq-r80__10kb_up_and_down_tss.mc9nr.genes_vs_motifs.rankings', 'weight>75.0%'})","[('SPATA13', 1.055525977365507), ('DUSP2', 3.019131507312934), ('TNFRSF4', 0.5694402569169236), ('FBXW4', 0.767955674462014), ('REL', 1.0), ('LTB', 0.0996118353596987), ('RUNX2', 0.2913497175759305), ('CCL1', 1.5764704210317575), ('ACVR1', 4.5399327670229965), ('SETD5', 0.1481171425630117), ('ELK3', 2.581800379965798)]",255
REL,cisbp__M6448,0.06527378926137259,3.836263005679166,1.5e-05,1.0,"gene is annotated for similar motif cisbp__M6449 ('REL[gene ID: ""ENSG00000162924"" species: ""Homo sapiens"" TF status: ""direct"" TF family: ""Rel"" DBDs: ""RHD""]; Rel[gene ID: ""ENSMUSG00000020275"" species: ""Mus musculus"" TF status: ""inferred"" TF family: ""Rel"" DBDs: ""RHD""]'; q-value = 1.55e-05)","frozenset({'activating', 'hg38__refseq-r80__10kb_up_and_down_tss.mc9nr.genes_vs_motifs.rankings', 'weight>75.0%'})","[('SPATA13', 1.055525977365507), ('MAP3K11', 0.5359997176383724), ('TNFRSF4', 0.5694402569169236), ('DUSP2', 3.019131507312934), ('BIRC3', 0.0817689355029422), ('REL', 1.0), ('MYB', 3.864478695687482), ('SETD5', 0.1481171425630117), ('SEMA4A', 10.03285049495275), ('FBXW4', 0.767955674462014), ('CCL1', 1.5764704210317575), ('PHRF1', 2.225615187081895), ('CD69', 1.1115377098255568), ('TNFRSF1B', 0.0448229032668567), ('RUNX2', 0.2913497175759305), ('CCL5', 0.5398085695379384), ('FURIN', 0.072697419106449), ('CRTAM', 0.0643525885817718), ('NACC1', 0.0496531765897066), ('SCML4', 0.5952098022510168), ('TFEB', 2.230672343199372), ('SPTSSB', 2.755733220305857), ('FYN', 0.4775909767435023), ('IGFBP2', 4.702703843229672), ('CD70', 4.866205410421598), ('FBRS', 0.9747910259649568), ('VAMP4', 0.1400553403640719), ('LCK', 0.183544845011628), ('ID3', 0.1402816866432247), ('DNAJB1', 0.4715807662058716), ('ELK3', 2.581800379965798), ('MEN1', 1.3159371336247712), ('CD247', 0.4618275517962642), ('SPRR1B', 0.3712832950244183), ('NMT2', 0.0656865087628701)]",2553
REL,hocomoco__NFKB1_MOUSE.H11MO.0.A,0.08324648156618104,5.6280014669176435,1.3e-05,1.0,"gene is annotated for similar motif cisbp__M6449 ('REL[gene ID: ""ENSG00000162924"" species: ""Homo sapiens"" TF status: ""direct"" TF family: ""Rel"" DBDs: ""RHD""]; Rel[gene ID: ""ENSMUSG00000020275"" species: ""Mus musculus"" TF status: ""inferred"" TF family: ""Rel"" DBDs: ""RHD""]'; q-value = 1.32e-05)","frozenset({'activating', 'hg38__refseq-r80__10kb_up_and_down_tss.mc9nr.genes_vs_motifs.rankings', 'weight>75.0%'})","[('SPATA13', 1.055525977365507), ('MAP3K11', 0.5359997176383724), ('CRTAM', 0.0643525885817718), ('MYB', 3.864478695687482), ('TFEB', 2.230672343199372), ('FURIN', 0.072697419106449), ('SETD5', 0.1481171425630117), ('FBRS', 0.9747910259649568), ('PLPP5', 0.7024810109288424), ('FYN', 0.4775909767435023), ('SEMA4A', 10.03285049495275), ('CCL5', 0.5398085695379384), ('DUSP2', 3.019131507312934), ('RC3H2', 3.6107566230965498), ('CD70', 4.866205410421598), ('REL', 1.0), ('VAMP4', 0.1400553403640719), ('FBXW4', 0.767955674462014), ('TNFRSF1B', 0.0448229032668567), ('ANKRD28', 0.2004698469218303), ('CAMK2G', 4.434799000511764), ('RNF138', 3.994651980745152), ('HID1', 2.7840658923308235), ('POLG', 0.5031074539382404), ('SPTSSB', 2.755733220305857), ('CD247', 0.4618275517962642), ('CAMK2N1', 1.7660838661621805), ('EPC1', 4.010686568499811), ('CCL1', 1.5764704210317575), ('BIN1', 0.3557882266676875)]",2148
REL,hocomoco__TF65_HUMAN.H11MO.0.A,0.06099993251805142,3.4101925330442326,9e-06,1.0,"gene is annotated for similar motif cisbp__M6449 ('REL[gene ID: ""ENSG00000162924"" species: ""Homo sapiens"" TF status: ""direct"" TF family: ""Rel"" DBDs: ""RHD""]; Rel[gene ID: ""ENSMUSG00000020275"" species: ""Mus musculus"" TF status: ""inferred"" TF family: ""Rel"" DBDs: ""RHD""]'; q-value = 8.99e-06)","frozenset({'activating', 'hg38__refseq-r80__10kb_up_and_down_tss.mc9nr.genes_vs_motifs.rankings', 'weight>75.0%'})","[('PPM1B', 3.5363360504574604), ('MBTPS1', 1.0853334431655428), ('ELK3', 2.581800379965798), ('MLLT10', 4.71816450487802), ('DOK2', 3.4516505732558502), ('DHX40', 0.5540805132669142), ('MYB', 3.864478695687482), ('ACVR1', 4.5399327670229965), ('VAMP4', 0.1400553403640719), ('ADPGK', 0.863371873729586), ('STK11', 1.533965777038425), ('CAMK2N1', 1.7660838661621805), ('LTB', 0.0996118353596987), ('BROX', 1.8273039771085835), ('CCND3', 1.168731554253596)]",591
REL,cisbp__M1928,0.06625977551005106,3.9345582112081017,8e-06,1.0,"gene is annotated for similar motif cisbp__M6449 ('REL[gene ID: ""ENSG00000162924"" species: ""Homo sapiens"" TF status: ""direct"" TF family: ""Rel"" DBDs: ""RHD""]; Rel[gene ID: ""ENSMUSG00000020275"" species: ""Mus musculus"" TF status: ""inferred"" TF family: ""Rel"" DBDs: ""RHD""]'; q-value = 7.6e-06)","frozenset({'activating', 'hg38__refseq-r80__10kb_up_and_down_tss.mc9nr.genes_vs_motifs.rankings', 'weight>75.0%'})","[('PPM1B', 3.5363360504574604), ('REEP2', 0.389408999985612), ('SETD5', 0.1481171425630117), ('ANKRD28', 0.2004698469218303), ('PRKD3', 3.8370956492509873), ('FLJ37453', 4.311430179036712), ('LINC00936', 0.7251095874973684), ('EPC1', 4.010686568499811), ('RUNX2', 0.2913497175759305), ('CHD1', 0.1290627162637541), ('PRKACB', 0.2409918516102213), ('PHRF1', 2.225615187081895), ('FYN', 0.4775909767435023), ('FURIN', 0.072697419106449), ('ACVR1', 4.5399327670229965)]",693
REL,transfac_pro__M07221,0.06446400587842752,3.7555338634957036,8e-06,1.0,"gene is annotated for similar motif cisbp__M6449 ('REL[gene ID: ""ENSG00000162924"" species: ""Homo sapiens"" TF status: ""direct"" TF family: ""Rel"" DBDs: ""RHD""]; Rel[gene ID: ""ENSMUSG00000020275"" species: ""Mus musculus"" TF status: ""inferred"" TF family: ""Rel"" DBDs: ""RHD""]'; q-value = 7.6e-06)","frozenset({'activating', 'hg38__refseq-r80__10kb_up_and_down_tss.mc9nr.genes_vs_motifs.rankings', 'weight>75.0%'})","[('SPATA13', 1.055525977365507), ('TNFRSF4', 0.5694402569169236), ('BIRC3', 0.0817689355029422), ('DUSP2', 3.019131507312934), ('RUNX2', 0.2913497175759305), ('REL', 1.0), ('CCL5', 0.5398085695379384), ('FBXW4', 0.767955674462014), ('CD69', 1.1115377098255568), ('SETD5', 0.1481171425630117), ('SPRR1B', 0.3712832950244183), ('SEMA4A', 10.03285049495275), ('CD70', 4.866205410421598), ('MYB', 3.864478695687482), ('CRTAM', 0.0643525885817718), ('DNAJB1', 0.4715807662058716), ('TNFRSF1B', 0.0448229032668567), ('SPTSSB', 2.755733220305857), ('LTB', 0.0996118353596987), ('SCML4', 0.5952098022510168)]",1254
REL,hocomoco__NFKB2_HUMAN.H11MO.0.B,0.0774955199484138,5.054675059003621,5e-06,1.0,motif similar to swissregulon__hs__NFKB1_REL_RELA.p2 ('hs__NFKB1_REL_RELA.p2'; q-value = 5.27e-06) which is directly annotated,"frozenset({'activating', 'hg38__refseq-r80__10kb_up_and_down_tss.mc9nr.genes_vs_motifs.rankings', 'weight>75.0%'})","[('SPATA13', 1.055525977365507), ('DUSP2', 3.019131507312934), ('MAP3K11', 0.5359997176383724), ('SEMA4A', 10.03285049495275), ('FBXW4', 0.767955674462014), ('FURIN', 0.072697419106449), ('SCML4', 0.5952098022510168), ('MYB', 3.864478695687482), ('TNFRSF4', 0.5694402569169236), ('RUNX2', 0.2913497175759305), ('HOXB2', 3.17296525127455), ('CAMK2G', 4.434799000511764), ('REL', 1.0), ('EPC1', 4.010686568499811), ('ANKRD28', 0.2004698469218303), ('SPTSSB', 2.755733220305857), ('ETS1', 1.2986150966018344), ('PHRF1', 2.225615187081895), ('APBB1IP', 0.6993681100873123)]",792
REL,cisbp__M5669,0.05954157262932166,3.264805327908278,2e-06,0.160081,motif similar to bergman__dif_Rel ('dif/Rel'; q-value = 1.89e-06) which is annotated for orthologous gene FBgn0011274 in D. melanogaster (identity = 16%),"frozenset({'activating', 'hg38__refseq-r80__10kb_up_and_down_tss.mc9nr.genes_vs_motifs.rankings', 'weight>75.0%'})","[('FBRS', 0.9747910259649568), ('IGFBP2', 4.702703843229672), ('RUNX2', 0.2913497175759305), ('FYN', 0.4775909767435023), ('RC3H2', 3.6107566230965498), ('GPR65', 2.355636761771528), ('SCML4', 0.5952098022510168), ('EHMT1', 2.1093529725386304), ('MLLT10', 4.71816450487802), ('PRKACB', 0.2409918516102213), ('ELK3', 2.581800379965798), ('FURIN', 0.072697419106449), ('PRKD3', 3.8370956492509873), ('SPTSSB', 2.755733220305857), ('RASA2', 3.240524146173069), ('PRPF39', 1.267646810802329), ('EVI2A', 0.0635876943614748), ('BEX2', 8.093965198153612), ('FBXW4', 0.767955674462014), ('EPC1', 4.010686568499811), ('USP37', 0.4938485603784269), ('STK11', 1.533965777038425), ('BIRC3', 0.0817689355029422), ('CXCR4', 0.9630173777355244), ('CDC42EP3', 0.3538335023605786), ('RCBTB2', 0.926582212823505)]",1410
REL,taipale__NFKB2_DBD_NGGGGAWTCCCCN,0.06294191303826227,3.6037929758730884,2e-06,0.25525,gene is orthologous to FBgn0011274 in D. melanogaster (identity = 25%) which is annotated for similar motif bergman__dif_Rel ('dif/Rel'; q-value = 1.9e-06),"frozenset({'activating', 'hg38__refseq-r80__10kb_up_and_down_tss.mc9nr.genes_vs_motifs.rankings', 'weight>75.0%'})","[('SPATA13', 1.055525977365507), ('CD69', 1.1115377098255568), ('FBXW4', 0.767955674462014), ('MYB', 3.864478695687482), ('TNFRSF4', 0.5694402569169236), ('SLC2A6', 3.1243175190192782), ('TFEB', 2.230672343199372), ('VAMP4', 0.1400553403640719), ('DNAJB1', 0.4715807662058716), ('TNFRSF1B', 0.0448229032668567), ('ANKRD28', 0.2004698469218303), ('RC3H2', 3.6107566230965498), ('RNF138', 3.994651980745152), ('REL', 1.0), ('SCML4', 0.5952098022510168), ('GPR65', 2.355636761771528), ('DOK2', 3.4516505732558502), ('SEMA4A', 10.03285049495275), ('ZC3HAV1', 0.3742267198255878), ('CD70', 4.866205410421598), ('MAP3K11', 0.5359997176383724), ('PRKD3', 3.8370956492509873), ('NACC1', 0.0496531765897066), ('CRTAM', 0.0643525885817718), ('SPTSSB', 2.755733220305857)]",1517
REL,cisbp__M4491,0.08131574803739999,5.43552226217467,1e-06,1.0,"gene is annotated for similar motif cisbp__M6449 ('REL[gene ID: ""ENSG00000162924"" species: ""Homo sapiens"" TF status: ""direct"" TF family: ""Rel"" DBDs: ""RHD""]; Rel[gene ID: ""ENSMUSG00000020275"" species: ""Mus musculus"" TF status: ""inferred"" TF family: ""Rel"" DBDs: ""RHD""]'; q-value = 6.83e-07)","frozenset({'activating', 'hg38__refseq-r80__10kb_up_and_down_tss.mc9nr.genes_vs_motifs.rankings', 'weight>75.0%'})","[('SPATA13', 1.055525977365507), ('SETD5', 0.1481171425630117), ('FBRS', 0.9747910259649568), ('CD69', 1.1115377098255568), ('FBXW4', 0.767955674462014), ('DUSP2', 3.019131507312934), ('CCL1', 1.5764704210317575), ('CCL5', 0.5398085695379384), ('RC3H2', 3.6107566230965498), ('FYN', 0.4775909767435023), ('RUNX2', 0.2913497175759305), ('TNFRSF4', 0.5694402569169236), ('FURIN', 0.072697419106449), ('SPTSSB', 2.755733220305857), ('MYB', 3.864478695687482), ('REL', 1.0), ('MAP3K11', 0.5359997176383724), ('NACC1', 0.0496531765897066), ('TFEB', 2.230672343199372), ('IGFBP2', 4.702703843229672), ('CRTAM', 0.0643525885817718), ('SEMA4A', 10.03285049495275), ('BIRC3', 0.0817689355029422)]",970
REL,cisbp__M4496,0.07696316235407029,5.001603122938568,1e-06,1.0,"gene is annotated for similar motif cisbp__M6449 ('REL[gene ID: ""ENSG00000162924"" species: ""Homo sapiens"" TF status: ""direct"" TF family: ""Rel"" DBDs: ""RHD""]; Rel[gene ID: ""ENSMUSG00000020275"" species: ""Mus musculus"" TF status: ""inferred"" TF family: ""Rel"" DBDs: ""RHD""]'; q-value = 8.48e-07)","frozenset({'activating', 'hg38__refseq-r80__10kb_up_and_down_tss.mc9nr.genes_vs_motifs.rankings', 'weight>75.0%'})","[('CAMK2D', 1.428816265797094), ('HOXB2', 3.17296525127455), ('EPC1', 4.010686568499811), ('FYN', 0.4775909767435023), ('LINC00936', 0.7251095874973684), ('ACVR1', 4.5399327670229965), ('TMC6', 3.607132953273152), ('RC3H2', 3.6107566230965498), ('MIDN', 4.0504301276334775), ('ATP6V1H', 1.1293325349783234), ('PRPF39', 1.267646810802329)]",363
REL,cisbp__M4468,0.07424888842234702,4.731010998212523,1e-06,1.0,"gene is annotated for similar motif cisbp__M6449 ('REL[gene ID: ""ENSG00000162924"" species: ""Homo sapiens"" TF status: ""direct"" TF family: ""Rel"" DBDs: ""RHD""]; Rel[gene ID: ""ENSMUSG00000020275"" species: ""Mus musculus"" TF status: ""inferred"" TF family: ""Rel"" DBDs: ""RHD""]'; q-value = 6.83e-07)","frozenset({'activating', 'hg38__refseq-r80__10kb_up_and_down_tss.mc9nr.genes_vs_motifs.rankings', 'weight>75.0%'})","[('XRCC4', 3.1172304060831366), ('ACVR1', 4.5399327670229965), ('PCOLCE', 0.5709185866160637), ('CD79B', 0.5302942197990095), ('TMEM161B', 4.039458016690069), ('ZNF512', 6.948975626549404), ('NABP1', 1.137071586401285), ('PHRF1', 2.225615187081895), ('ELK3', 2.581800379965798), ('SEMA4A', 10.03285049495275), ('MLLT10', 4.71816450487802), ('FYN', 0.4775909767435023), ('EPB41L4A-AS1', 0.3766435666018888), ('TBP', 6.200653631352271), ('MAP3K11', 0.5359997176383724), ('PCED1B', 4.637716287490646), ('DOK2', 3.4516505732558502), ('TNFRSF1B', 0.0448229032668567), ('MIDN', 4.0504301276334775), ('REL', 1.0), ('RGS19', 1.3689837672128269), ('DHX40', 0.5540805132669142), ('PPM1B', 3.5363360504574604), ('TFEB', 2.230672343199372), ('INO80B', 0.73696539278901), ('GPR65', 2.355636761771528), ('CAMK2G', 4.434799000511764), ('DUSP2', 3.019131507312934), ('CD247', 0.4618275517962642)]",2073
REL,cisbp__M4498,0.07610839100540605,4.916389028411581,1e-06,1.0,"gene is annotated for similar motif cisbp__M6449 ('REL[gene ID: ""ENSG00000162924"" species: ""Homo sapiens"" TF status: ""direct"" TF family: ""Rel"" DBDs: ""RHD""]; Rel[gene ID: ""ENSMUSG00000020275"" species: ""Mus musculus"" TF status: ""inferred"" TF family: ""Rel"" DBDs: ""RHD""]'; q-value = 8.48e-07)","frozenset({'activating', 'hg38__refseq-r80__10kb_up_and_down_tss.mc9nr.genes_vs_motifs.rankings', 'weight>75.0%'})","[('SPATA13', 1.055525977365507), ('TNFRSF1B', 0.0448229032668567), ('TNFRSF4', 0.5694402569169236), ('BIRC3', 0.0817689355029422), ('CCL1', 1.5764704210317575), ('DUSP2', 3.019131507312934), ('FBXW4', 0.767955674462014), ('MAP3K11', 0.5359997176383724), ('SETD5', 0.1481171425630117), ('SEMA4A', 10.03285049495275), ('RUNX2', 0.2913497175759305), ('CD69', 1.1115377098255568), ('ELK3', 2.581800379965798), ('REL', 1.0), ('NACC1', 0.0496531765897066), ('LTB', 0.0996118353596987), ('RC3H2', 3.6107566230965498), ('CRTAM', 0.0643525885817718), ('PPCDC', 3.3028332677486607), ('NMT2', 0.0656865087628701), ('VAMP4', 0.1400553403640719), ('GZMK', 1.8497477700053404), ('SPTSSB', 2.755733220305857), ('CD70', 4.866205410421598)]",1121
REL,cisbp__M4494,0.08273661795469713,5.5771720070243544,1e-06,1.0,"gene is annotated for similar motif cisbp__M6449 ('REL[gene ID: ""ENSG00000162924"" species: ""Homo sapiens"" TF status: ""direct"" TF family: ""Rel"" DBDs: ""RHD""]; Rel[gene ID: ""ENSMUSG00000020275"" species: ""Mus musculus"" TF status: ""inferred"" TF family: ""Rel"" DBDs: ""RHD""]'; q-value = 6.83e-07)","frozenset({'activating', 'hg38__refseq-r80__10kb_up_and_down_tss.mc9nr.genes_vs_motifs.rankings', 'weight>75.0%'})","[('SEMA4A', 10.03285049495275), ('MAP3K11', 0.5359997176383724), ('NABP1', 1.137071586401285), ('RGS14', 0.2810977449127783), ('MIDN', 4.0504301276334775), ('MIR4435-2HG', 0.0785443139162735), ('ACVR1', 4.5399327670229965), ('CD79B', 0.5302942197990095), ('FYN', 0.4775909767435023), ('PPCDC', 3.3028332677486607), ('CAMK2G', 4.434799000511764)]",398
REL,cisbp__M6511,0.06537501218424072,3.846354148452098,1e-06,1.0,"gene is annotated for similar motif cisbp__M6449 ('REL[gene ID: ""ENSG00000162924"" species: ""Homo sapiens"" TF status: ""direct"" TF family: ""Rel"" DBDs: ""RHD""]; Rel[gene ID: ""ENSMUSG00000020275"" species: ""Mus musculus"" TF status: ""inferred"" TF family: ""Rel"" DBDs: ""RHD""]'; q-value = 6.83e-07)","frozenset({'activating', 'hg38__refseq-r80__10kb_up_and_down_tss.mc9nr.genes_vs_motifs.rankings', 'weight>75.0%'})","[('PCOLCE', 0.5709185866160637), ('INO80B', 0.73696539278901), ('SLC17A5', 0.3732139970469458), ('SETD5', 0.1481171425630117), ('MLLT10', 4.71816450487802), ('PHRF1', 2.225615187081895), ('CAMK2D', 1.428816265797094), ('PNPLA8', 4.515671898929225), ('NACC1', 0.0496531765897066), ('SCML4', 0.5952098022510168), ('ACVR1', 4.5399327670229965), ('IPO4', 0.5404827482729898), ('MIDN', 4.0504301276334775), ('FURIN', 0.072697419106449), ('PVT1', 0.269879415533825), ('ELK3', 2.581800379965798), ('RGS19', 1.3689837672128269), ('ID3', 0.1402816866432247), ('PPM1B', 3.5363360504574604), ('FYN', 0.4775909767435023), ('ZC3HAV1', 0.3742267198255878), ('LBR', 1.2245506497369774), ('PRKACB', 0.2409918516102213), ('MBTPS1', 1.0853334431655428), ('LINC00936', 0.7251095874973684), ('CXCR4', 0.9630173777355244), ('SPATA13', 1.055525977365507), ('RUNX2', 0.2913497175759305), ('TFEB', 2.230672343199372), ('SCAF1', 1.187792987703698), ('CDC42SE2', 3.3210824406791444), ('PDPK1', 0.3173499420736631), ('IGFBP2', 4.702703843229672), ('CDC42EP3', 0.3538335023605786), ('ETS1', 1.2986150966018344), ('CHD1', 0.1290627162637541), ('PLAC8', 6.579744558865197)]",2736
REL,transfac_pro__M07884,0.06282194512967781,3.59183310295702,0.0,0.25525,gene is orthologous to FBgn0011274 in D. melanogaster (identity = 25%) which is directly annotated for motif,"frozenset({'activating', 'hg38__refseq-r80__10kb_up_and_down_tss.mc9nr.genes_vs_motifs.rankings', 'weight>75.0%'})","[('SPATA13', 1.055525977365507), ('TNFRSF1B', 0.0448229032668567), ('TNFRSF4', 0.5694402569169236), ('FBXW4', 0.767955674462014), ('BIRC3', 0.0817689355029422), ('RUNX2', 0.2913497175759305), ('MAP3K11', 0.5359997176383724), ('SEMA4A', 10.03285049495275), ('REL', 1.0), ('LTB', 0.0996118353596987), ('CCL1', 1.5764704210317575), ('CD70', 4.866205410421598), ('SETD5', 0.1481171425630117), ('ELK3', 2.581800379965798), ('NACC1', 0.0496531765897066), ('NMT2', 0.0656865087628701), ('IGFBP2', 4.702703843229672), ('MYB', 3.864478695687482), ('DUSP2', 3.019131507312934), ('CRTAM', 0.0643525885817718), ('RC3H2', 3.6107566230965498), ('CCL5', 0.5398085695379384), ('CD69', 1.1115377098255568), ('PVT1', 0.269879415533825), ('PRPF39', 1.267646810802329)]",1217
REL,transfac_pro__M07883,0.05872429125209007,3.183328693667563,0.0,0.25525,gene is orthologous to FBgn0011274 in D. melanogaster (identity = 25%) which is directly annotated for motif,"frozenset({'activating', 'hg38__refseq-r80__10kb_up_and_down_tss.mc9nr.genes_vs_motifs.rankings', 'weight>75.0%'})","[('SPATA13', 1.055525977365507), ('TNFRSF4', 0.5694402569169236), ('TNFRSF1B', 0.0448229032668567), ('FBXW4', 0.767955674462014), ('BIRC3', 0.0817689355029422), ('RUNX2', 0.2913497175759305), ('LTB', 0.0996118353596987), ('ELK3', 2.581800379965798), ('SEMA4A', 10.03285049495275), ('MAP3K11', 0.5359997176383724), ('DUSP2', 3.019131507312934), ('REL', 1.0), ('SETD5', 0.1481171425630117), ('CCL1', 1.5764704210317575), ('CD70', 4.866205410421598), ('CRTAM', 0.0643525885817718), ('MYB', 3.864478695687482), ('IGFBP2', 4.702703843229672), ('CD69', 1.1115377098255568), ('PRPF39', 1.267646810802329), ('NMT2', 0.0656865087628701), ('RC3H2', 3.6107566230965498), ('GZMK', 1.8497477700053404)]",989
REL,cisbp__M1855,0.06281819613253455,3.5914593569283926,0.0,0.290792,gene is orthologous to FBgn0260632 in D. melanogaster (identity = 29%) which is directly annotated for motif,"frozenset({'activating', 'hg38__refseq-r80__10kb_up_and_down_tss.mc9nr.genes_vs_motifs.rankings', 'weight>75.0%'})","[('SPATA13', 1.055525977365507), ('BIRC3', 0.0817689355029422), ('TNFRSF4', 0.5694402569169236), ('DUSP2', 3.019131507312934), ('TFEB', 2.230672343199372), ('LTB', 0.0996118353596987), ('SETD5', 0.1481171425630117), ('GZMK', 1.8497477700053404), ('FBXW4', 0.767955674462014), ('TNFRSF1B', 0.0448229032668567), ('RUNX2', 0.2913497175759305), ('REL', 1.0), ('CD69', 1.1115377098255568), ('NACC1', 0.0496531765897066), ('PPM1B', 3.5363360504574604), ('SPTSSB', 2.755733220305857), ('CDC42EP3', 0.3538335023605786), ('ANKRD28', 0.2004698469218303), ('FYN', 0.4775909767435023), ('RNF138', 3.994651980745152), ('MYB', 3.864478695687482), ('SLC2A6', 3.1243175190192782), ('CRTAM', 0.0643525885817718), ('ACVR1', 4.5399327670229965), ('IGFBP2', 4.702703843229672), ('ID3', 0.1402816866432247), ('PHRF1', 2.225615187081895), ('NMT2', 0.0656865087628701), ('NABP1', 1.137071586401285), ('PRKD3', 3.8370956492509873), ('SCML4', 0.5952098022510168), ('POLD1', 2.436984697658391), ('VAMP4', 0.1400553403640719), ('DNAJB1', 0.4715807662058716), ('CCL1', 1.5764704210317575), ('SEMA4A', 10.03285049495275), ('RGS14', 0.2810977449127783), ('PVT1', 0.269879415533825), ('EPC1', 4.010686568499811), ('FBRS', 0.9747910259649568)]",2961
REL,transfac_public__M00054,0.06051256288942708,3.3616055493227055,0.0,0.760204,motif is annotated for orthologous gene ENSMUSG00000020275 in M. musculus (identity = 76%),"frozenset({'activating', 'hg38__refseq-r80__10kb_up_and_down_tss.mc9nr.genes_vs_motifs.rankings', 'weight>75.0%'})","[('SPATA13', 1.055525977365507), ('TNFRSF4', 0.5694402569169236), ('BIRC3', 0.0817689355029422), ('RUNX2', 0.2913497175759305), ('REL', 1.0), ('DUSP2', 3.019131507312934), ('CD69', 1.1115377098255568), ('CCL5', 0.5398085695379384), ('FBXW4', 0.767955674462014), ('SETD5', 0.1481171425630117), ('CRTAM', 0.0643525885817718), ('RC3H2', 3.6107566230965498), ('SEMA4A', 10.03285049495275), ('DNAJB1', 0.4715807662058716)]",665
REL,transfac_pro__M00774,0.059650293546476316,3.2756439627384646,0.0,0.760204,motif is annotated for orthologous gene ENSMUSG00000020275 in M. musculus (identity = 76%),"frozenset({'activating', 'hg38__refseq-r80__10kb_up_and_down_tss.mc9nr.genes_vs_motifs.rankings', 'weight>75.0%'})","[('MAP3K11', 0.5359997176383724), ('ELK3', 2.581800379965798), ('CD247', 0.4618275517962642), ('DOK2', 3.4516505732558502), ('IGFBP2', 4.702703843229672), ('NABP1', 1.137071586401285), ('SEMA4A', 10.03285049495275), ('PHRF1', 2.225615187081895), ('ACVR1', 4.5399327670229965), ('CD79B', 0.5302942197990095), ('TMC6', 3.607132953273152), ('ITGB7', 0.784962514200346), ('MIR4435-2HG', 0.0785443139162735), ('FYN', 0.4775909767435023), ('RGS14', 0.2810977449127783), ('CAMK2G', 4.434799000511764), ('PPM1B', 3.5363360504574604), ('RHOH', 0.7895418995498055)]",837
REL,cisbp__M4499,0.07895762883428682,5.200436010168202,0.0,1.0,"gene is annotated for similar motif cisbp__M6449 ('REL[gene ID: ""ENSG00000162924"" species: ""Homo sapiens"" TF status: ""direct"" TF family: ""Rel"" DBDs: ""RHD""]; Rel[gene ID: ""ENSMUSG00000020275"" species: ""Mus musculus"" TF status: ""inferred"" TF family: ""Rel"" DBDs: ""RHD""]'; q-value = 2.04e-07)","frozenset({'activating', 'hg38__refseq-r80__10kb_up_and_down_tss.mc9nr.genes_vs_motifs.rankings', 'weight>75.0%'})","[('FYN', 0.4775909767435023), ('TBC1D23', 3.957389706488773), ('REL', 1.0), ('FBRS', 0.9747910259649568), ('ADPGK', 0.863371873729586), ('MIDN', 4.0504301276334775), ('LINC00936', 0.7251095874973684), ('HID1', 2.7840658923308235), ('DHX40', 0.5540805132669142), ('MIR4435-2HG', 0.0785443139162735), ('GPR65', 2.355636761771528), ('PHRF1', 2.225615187081895), ('MBTPS1', 1.0853334431655428), ('DOK2', 3.4516505732558502), ('CAMK2D', 1.428816265797094), ('RCBTB2', 0.926582212823505), ('PPM1B', 3.5363360504574604), ('PLPP5', 0.7024810109288424), ('MLLT10', 4.71816450487802), ('CLK4', 0.3946448602084987), ('DUSP2', 3.019131507312934), ('OTUD6B', 2.065231262524587), ('CAMK2G', 4.434799000511764), ('CD69', 1.1115377098255568), ('VAMP4', 0.1400553403640719), ('CDKN1B', 1.393290338079895)]",1587
REL,cisbp__M4444,0.0863693961865201,5.939331908764046,0.0,1.0,"gene is annotated for similar motif cisbp__M6449 ('REL[gene ID: ""ENSG00000162924"" species: ""Homo sapiens"" TF status: ""direct"" TF family: ""Rel"" DBDs: ""RHD""]; Rel[gene ID: ""ENSMUSG00000020275"" species: ""Mus musculus"" TF status: ""inferred"" TF family: ""Rel"" DBDs: ""RHD""]'; q-value = 2.18e-07)","frozenset({'activating', 'hg38__refseq-r80__10kb_up_and_down_tss.mc9nr.genes_vs_motifs.rankings', 'weight>75.0%'})","[('LINC00936', 0.7251095874973684), ('EPC1', 4.010686568499811), ('HOXB2', 3.17296525127455), ('ATP6V1H', 1.1293325349783234), ('CAMK2D', 1.428816265797094), ('TMC6', 3.607132953273152), ('ZNF512', 6.948975626549404), ('SLC2A6', 3.1243175190192782), ('RC3H2', 3.6107566230965498), ('CDKN1B', 1.393290338079895), ('BROX', 1.8273039771085835), ('ID3', 0.1402816866432247), ('GPS2', 2.047323359556318), ('ACVR1', 4.5399327670229965), ('MIDN', 4.0504301276334775)]",711
REL,swissregulon__hs__NFKB1_REL_RELA.p2,0.08062968156018264,5.367126738935904,0.0,1.0,gene is directly annotated,"frozenset({'activating', 'hg38__refseq-r80__10kb_up_and_down_tss.mc9nr.genes_vs_motifs.rankings', 'weight>75.0%'})","[('SPATA13', 1.055525977365507), ('TNFRSF4', 0.5694402569169236), ('TNFRSF1B', 0.0448229032668567), ('SETD5', 0.1481171425630117), ('BIRC3', 0.0817689355029422), ('FBXW4', 0.767955674462014), ('MYB', 3.864478695687482), ('CCL1', 1.5764704210317575), ('RUNX2', 0.2913497175759305), ('SEMA4A', 10.03285049495275), ('REL', 1.0), ('LTB', 0.0996118353596987), ('CCL5', 0.5398085695379384), ('CD69', 1.1115377098255568), ('MAP3K11', 0.5359997176383724), ('PRPF39', 1.267646810802329), ('POLD1', 2.436984697658391), ('NMT2', 0.0656865087628701), ('FBRS', 0.9747910259649568), ('CRTAM', 0.0643525885817718), ('FYN', 0.4775909767435023), ('RC3H2', 3.6107566230965498), ('IGFBP2', 4.702703843229672), ('PPCDC', 3.3028332677486607), ('SLC2A6', 3.1243175190192782), ('SPTSSB', 2.755733220305857), ('ELK3', 2.581800379965798), ('DNAJB1', 0.4715807662058716), ('TFEB', 2.230672343199372), ('DUSP2', 3.019131507312934)]",1422
REL,dbcorrdb__RELA__ENCSR000EAQ_1__m1,0.08181436465745413,5.485230483982079,0.0,1.0,"gene is annotated for similar motif cisbp__M6449 ('REL[gene ID: ""ENSG00000162924"" species: ""Homo sapiens"" TF status: ""direct"" TF family: ""Rel"" DBDs: ""RHD""]; Rel[gene ID: ""ENSMUSG00000020275"" species: ""Mus musculus"" TF status: ""inferred"" TF family: ""Rel"" DBDs: ""RHD""]'; q-value = 1.48e-07)","frozenset({'activating', 'hg38__refseq-r80__10kb_up_and_down_tss.mc9nr.genes_vs_motifs.rankings', 'weight>75.0%'})","[('SPATA13', 1.055525977365507), ('BIRC3', 0.0817689355029422), ('CD69', 1.1115377098255568), ('TNFRSF4', 0.5694402569169236), ('FBXW4', 0.767955674462014), ('CCL5', 0.5398085695379384), ('RUNX2', 0.2913497175759305), ('MYB', 3.864478695687482), ('DUSP2', 3.019131507312934), ('REL', 1.0), ('SEMA4A', 10.03285049495275), ('SPRR1B', 0.3712832950244183), ('VAMP4', 0.1400553403640719), ('SETD5', 0.1481171425630117), ('TNFRSF1B', 0.0448229032668567), ('DNAJB1', 0.4715807662058716)]",698
REL,dbcorrdb__RELA__ENCSR000EBM_1__m1,0.080520960643028,5.356288104105718,0.0,1.0,"gene is annotated for similar motif cisbp__M6449 ('REL[gene ID: ""ENSG00000162924"" species: ""Homo sapiens"" TF status: ""direct"" TF family: ""Rel"" DBDs: ""RHD""]; Rel[gene ID: ""ENSMUSG00000020275"" species: ""Mus musculus"" TF status: ""inferred"" TF family: ""Rel"" DBDs: ""RHD""]'; q-value = 1.01e-07)","frozenset({'activating', 'hg38__refseq-r80__10kb_up_and_down_tss.mc9nr.genes_vs_motifs.rankings', 'weight>75.0%'})","[('HOXB2', 3.17296525127455), ('DHX40', 0.5540805132669142), ('CAMK2D', 1.428816265797094), ('LINC00936', 0.7251095874973684), ('MIDN', 4.0504301276334775), ('EPC1', 4.010686568499811), ('CCDC86', 3.249529074966452), ('PVT1', 0.269879415533825), ('CLK4', 0.3946448602084987), ('ATP6V1H', 1.1293325349783234), ('TMC6', 3.607132953273152)]",442
REL,dbcorrdb__RELA__ENCSR000EAN_1__m1,0.08069716350876141,5.373854167451193,0.0,1.0,"gene is annotated for similar motif cisbp__M6449 ('REL[gene ID: ""ENSG00000162924"" species: ""Homo sapiens"" TF status: ""direct"" TF family: ""Rel"" DBDs: ""RHD""]; Rel[gene ID: ""ENSMUSG00000020275"" species: ""Mus musculus"" TF status: ""inferred"" TF family: ""Rel"" DBDs: ""RHD""]'; q-value = 9.55e-08)","frozenset({'activating', 'hg38__refseq-r80__10kb_up_and_down_tss.mc9nr.genes_vs_motifs.rankings', 'weight>75.0%'})","[('RUNX2', 0.2913497175759305), ('XCL1', 0.6582518254963183), ('PTPN22', 0.4824533204359005), ('ACVR1', 4.5399327670229965), ('PPCDC', 3.3028332677486607), ('CRTAM', 0.0643525885817718), ('MB', 1.0658429455376004), ('ELK3', 2.581800379965798), ('ATXN7', 4.4694569959968256), ('GPR65', 2.355636761771528), ('SPATA13', 1.055525977365507), ('XCL2', 0.3245474295030953), ('ANKRD28', 0.2004698469218303), ('RHOH', 0.7895418995498055), ('CLK4', 0.3946448602084987), ('SCML4', 0.5952098022510168), ('CCND3', 1.168731554253596), ('FBXW4', 0.767955674462014), ('PSME4', 0.599728394151561)]",891
REL,cisbp__M1924,0.05694726660618284,3.006173076098301,0.0,1.0,gene is directly annotated,"frozenset({'activating', 'hg38__refseq-r80__10kb_up_and_down_tss.mc9nr.genes_vs_motifs.rankings', 'weight>75.0%'})","[('RUNX2', 0.2913497175759305), ('PTPN22', 0.4824533204359005), ('RHOH', 0.7895418995498055), ('SPATA13', 1.055525977365507), ('XCL1', 0.6582518254963183), ('ELK3', 2.581800379965798), ('CCND3', 1.168731554253596), ('PPCDC', 3.3028332677486607), ('CRTAM', 0.0643525885817718), ('XCL2', 0.3245474295030953), ('SCML4', 0.5952098022510168), ('ACVR1', 4.5399327670229965), ('MB', 1.0658429455376004), ('LINC00649', 2.158081670560388), ('GPR65', 2.355636761771528), ('SEMA4A', 10.03285049495275), ('CLK4', 0.3946448602084987), ('ATXN7', 4.4694569959968256), ('PRKACB', 0.2409918516102213), ('PLAC8', 6.579744558865197), ('BIRC3', 0.0817689355029422), ('PVT1', 0.269879415533825)]",1313
REL,cisbp__M4495,0.08195682654889817,5.4994328330699105,0.0,1.0,"gene is annotated for similar motif cisbp__M6449 ('REL[gene ID: ""ENSG00000162924"" species: ""Homo sapiens"" TF status: ""direct"" TF family: ""Rel"" DBDs: ""RHD""]; Rel[gene ID: ""ENSMUSG00000020275"" species: ""Mus musculus"" TF status: ""inferred"" TF family: ""Rel"" DBDs: ""RHD""]'; q-value = 1.51e-07)","frozenset({'activating', 'hg38__refseq-r80__10kb_up_and_down_tss.mc9nr.genes_vs_motifs.rankings', 'weight>75.0%'})","[('ACVR1', 4.5399327670229965), ('MIDN', 4.0504301276334775), ('FYN', 0.4775909767435023), ('MLLT10', 4.71816450487802), ('PPM1B', 3.5363360504574604), ('ETS1', 1.2986150966018344), ('ATXN7', 4.4694569959968256), ('GPR65', 2.355636761771528), ('SCML4', 0.5952098022510168), ('FURIN', 0.072697419106449), ('AKAP10', 0.492204931473941), ('C1orf228', 0.6310114102567295)]",415
REL,dbcorrdb__RELA__ENCSR000EAG_1__m1,0.07015123454475927,4.322506588923066,0.0,1.0,"gene is annotated for similar motif cisbp__M6449 ('REL[gene ID: ""ENSG00000162924"" species: ""Homo sapiens"" TF status: ""direct"" TF family: ""Rel"" DBDs: ""RHD""]; Rel[gene ID: ""ENSMUSG00000020275"" species: ""Mus musculus"" TF status: ""inferred"" TF family: ""Rel"" DBDs: ""RHD""]'; q-value = 3.59e-07)","frozenset({'activating', 'hg38__refseq-r80__10kb_up_and_down_tss.mc9nr.genes_vs_motifs.rankings', 'weight>75.0%'})","[('CD247', 0.4618275517962642), ('USP37', 0.4938485603784269), ('ANKRD28', 0.2004698469218303), ('IL22', 0.1467032208821168), ('TBC1D23', 3.957389706488773), ('SPATA13', 1.055525977365507), ('CHD1', 0.1290627162637541), ('ETS1', 1.2986150966018344), ('SEMA4A', 10.03285049495275), ('BIN1', 0.3557882266676875), ('SPTSSB', 2.755733220305857)]",322
REL,dbcorrdb__RELA__ENCSR000EAW_1__m1,0.0766482465940361,4.970208456533889,0.0,1.0,"gene is annotated for similar motif cisbp__M6449 ('REL[gene ID: ""ENSG00000162924"" species: ""Homo sapiens"" TF status: ""direct"" TF family: ""Rel"" DBDs: ""RHD""]; Rel[gene ID: ""ENSMUSG00000020275"" species: ""Mus musculus"" TF status: ""inferred"" TF family: ""Rel"" DBDs: ""RHD""]'; q-value = 1.07e-07)","frozenset({'activating', 'hg38__refseq-r80__10kb_up_and_down_tss.mc9nr.genes_vs_motifs.rankings', 'weight>75.0%'})","[('ID3', 0.1402816866432247), ('FBRS', 0.9747910259649568), ('NRBF2', 3.117560406069018), ('FYN', 0.4775909767435023), ('EPC1', 4.010686568499811), ('MBTPS1', 1.0853334431655428), ('MYB', 3.864478695687482), ('MLLT10', 4.71816450487802), ('PRKD3', 3.8370956492509873), ('RASA2', 3.240524146173069), ('ELK3', 2.581800379965798), ('DOK2', 3.4516505732558502), ('LINC00936', 0.7251095874973684), ('PRPF39', 1.267646810802329), ('PPM1B', 3.5363360504574604), ('CDC42EP3', 0.3538335023605786)]",822
REL,dbcorrdb__RELA__ENCSR000EBD_1__m1,0.07946749244577075,5.251265470061493,0.0,1.0,"gene is annotated for similar motif cisbp__M6449 ('REL[gene ID: ""ENSG00000162924"" species: ""Homo sapiens"" TF status: ""direct"" TF family: ""Rel"" DBDs: ""RHD""]; Rel[gene ID: ""ENSMUSG00000020275"" species: ""Mus musculus"" TF status: ""inferred"" TF family: ""Rel"" DBDs: ""RHD""]'; q-value = 9.55e-08)","frozenset({'activating', 'hg38__refseq-r80__10kb_up_and_down_tss.mc9nr.genes_vs_motifs.rankings', 'weight>75.0%'})","[('SPATA13', 1.055525977365507), ('TNFRSF4', 0.5694402569169236), ('TNFRSF1B', 0.0448229032668567), ('FBXW4', 0.767955674462014), ('SETD5', 0.1481171425630117), ('RUNX2', 0.2913497175759305), ('CCL1', 1.5764704210317575), ('LTB', 0.0996118353596987), ('REL', 1.0), ('BIRC3', 0.0817689355029422), ('SEMA4A', 10.03285049495275), ('MYB', 3.864478695687482), ('CRTAM', 0.0643525885817718), ('CD69', 1.1115377098255568), ('FBRS', 0.9747910259649568), ('NMT2', 0.0656865087628701), ('CCL5', 0.5398085695379384), ('PPCDC', 3.3028332677486607), ('DNAJB1', 0.4715807662058716), ('PRPF39', 1.267646810802329), ('POLD1', 2.436984697658391), ('IGFBP2', 4.702703843229672), ('MAP3K11', 0.5359997176383724), ('FYN', 0.4775909767435023), ('RC3H2', 3.6107566230965498), ('GZMK', 1.8497477700053404), ('SLC2A6', 3.1243175190192782), ('ELK3', 2.581800379965798), ('SPTSSB', 2.755733220305857), ('EPC1', 4.010686568499811), ('PVT1', 0.269879415533825)]",1576
REL,cisbp__M4485,0.07889014688570807,5.193708581652914,0.0,1.0,"gene is annotated for similar motif cisbp__M6449 ('REL[gene ID: ""ENSG00000162924"" species: ""Homo sapiens"" TF status: ""direct"" TF family: ""Rel"" DBDs: ""RHD""]; Rel[gene ID: ""ENSMUSG00000020275"" species: ""Mus musculus"" TF status: ""inferred"" TF family: ""Rel"" DBDs: ""RHD""]'; q-value = 1.02e-07)","frozenset({'activating', 'hg38__refseq-r80__10kb_up_and_down_tss.mc9nr.genes_vs_motifs.rankings', 'weight>75.0%'})","[('SPATA13', 1.055525977365507), ('RUNX2', 0.2913497175759305), ('TNFRSF1B', 0.0448229032668567), ('FBXW4', 0.767955674462014), ('ELK3', 2.581800379965798), ('TNFRSF4', 0.5694402569169236), ('LTB', 0.0996118353596987), ('SEMA4A', 10.03285049495275), ('BIRC3', 0.0817689355029422), ('IGFBP2', 4.702703843229672), ('REL', 1.0), ('CD69', 1.1115377098255568), ('CRTAM', 0.0643525885817718), ('SETD5', 0.1481171425630117), ('GZMK', 1.8497477700053404), ('MYB', 3.864478695687482)]",605
REL,dbcorrdb__RELA__ENCSR000DYM_1__m1,0.07492370790813457,4.7982852833654075,0.0,1.0,"gene is annotated for similar motif cisbp__M6449 ('REL[gene ID: ""ENSG00000162924"" species: ""Homo sapiens"" TF status: ""direct"" TF family: ""Rel"" DBDs: ""RHD""]; Rel[gene ID: ""ENSMUSG00000020275"" species: ""Mus musculus"" TF status: ""inferred"" TF family: ""Rel"" DBDs: ""RHD""]'; q-value = 1.02e-07)","frozenset({'activating', 'hg38__refseq-r80__10kb_up_and_down_tss.mc9nr.genes_vs_motifs.rankings', 'weight>75.0%'})","[('LINC00936', 0.7251095874973684), ('HOXB2', 3.17296525127455), ('EPC1', 4.010686568499811), ('CAMK2D', 1.428816265797094), ('ATP6V1H', 1.1293325349783234), ('RC3H2', 3.6107566230965498), ('TMC6', 3.607132953273152), ('XRRA1', 3.371733001067393), ('ZNF512', 6.948975626549404), ('APBB1IP', 0.6993681100873123), ('MLLT10', 4.71816450487802), ('TFEB', 2.230672343199372), ('BIN1', 0.3557882266676875), ('TRMT1', 2.277139790939516), ('BROX', 1.8273039771085835), ('PRKACB', 0.2409918516102213), ('CCNT2', 14.151942418117244), ('PHRF1', 2.225615187081895)]",982
REL,cisbp__M6449,0.0703161904190629,4.3389514141826595,0.0,1.0,gene is directly annotated,"frozenset({'activating', 'hg38__refseq-r80__10kb_up_and_down_tss.mc9nr.genes_vs_motifs.rankings', 'weight>75.0%'})","[('ZMYM5', 0.6867343969322034), ('FBRS', 0.9747910259649568), ('CHD1', 0.1290627162637541), ('MLLT10', 4.71816450487802), ('SETD5', 0.1481171425630117), ('SCAF1', 1.187792987703698), ('EPC1', 4.010686568499811), ('FYN', 0.4775909767435023), ('CDKN1B', 1.393290338079895), ('ACVR1', 4.5399327670229965), ('ID3', 0.1402816866432247), ('SAT1', 2.6447314750897184), ('SLC17A5', 0.3732139970469458), ('PCOLCE', 0.5709185866160637), ('PPM1B', 3.5363360504574604), ('RCBTB2', 0.926582212823505), ('MIDN', 4.0504301276334775), ('CLK4', 0.3946448602084987), ('SPATA13', 1.055525977365507), ('FURIN', 0.072697419106449), ('MAP3K11', 0.5359997176383724), ('CXCR4', 0.9630173777355244), ('PDK1', 0.8715674037525248), ('ETS1', 1.2986150966018344), ('ELK3', 2.581800379965798)]",1181
REL,homer__AGGGGATTTCCC_NFkB-p65,0.05859307635207582,3.170247582665613,0.0,1.0,"gene is annotated for similar motif cisbp__M6449 ('REL[gene ID: ""ENSG00000162924"" species: ""Homo sapiens"" TF status: ""direct"" TF family: ""Rel"" DBDs: ""RHD""]; Rel[gene ID: ""ENSMUSG00000020275"" species: ""Mus musculus"" TF status: ""inferred"" TF family: ""Rel"" DBDs: ""RHD""]'; q-value = 2.93e-07)","frozenset({'activating', 'hg38__refseq-r80__10kb_up_and_down_tss.mc9nr.genes_vs_motifs.rankings', 'weight>75.0%'})","[('RUNX2', 0.2913497175759305), ('PTPN22', 0.4824533204359005), ('SCML4', 0.5952098022510168), ('CCND3', 1.168731554253596), ('SPATA13', 1.055525977365507), ('PPCDC', 3.3028332677486607), ('XCL1', 0.6582518254963183), ('ACVR1', 4.5399327670229965), ('XCL2', 0.3245474295030953), ('ELK3', 2.581800379965798), ('GPR65', 2.355636761771528), ('MB', 1.0658429455376004), ('ATXN7', 4.4694569959968256), ('CRTAM', 0.0643525885817718), ('RHOH', 0.7895418995498055), ('LINC00649', 2.158081670560388)]",708
REL,dbcorrdb__RELA__ENCSR000EAI_1__m1,0.07608214802540321,4.913772806211192,0.0,1.0,"gene is annotated for similar motif cisbp__M6449 ('REL[gene ID: ""ENSG00000162924"" species: ""Homo sapiens"" TF status: ""direct"" TF family: ""Rel"" DBDs: ""RHD""]; Rel[gene ID: ""ENSMUSG00000020275"" species: ""Mus musculus"" TF status: ""inferred"" TF family: ""Rel"" DBDs: ""RHD""]'; q-value = 1.02e-07)","frozenset({'activating', 'hg38__refseq-r80__10kb_up_and_down_tss.mc9nr.genes_vs_motifs.rankings', 'weight>75.0%'})","[('BIRC3', 0.0817689355029422), ('MAP3K11', 0.5359997176383724), ('FBXW4', 0.767955674462014), ('CRTAM', 0.0643525885817718), ('IGFBP2', 4.702703843229672), ('SETD5', 0.1481171425630117), ('NACC1', 0.0496531765897066), ('DUSP2', 3.019131507312934), ('TFEB', 2.230672343199372), ('TNFRSF4', 0.5694402569169236), ('CDC42EP3', 0.3538335023605786), ('SUSD3', 1.2152244157839012), ('NMT2', 0.0656865087628701), ('FYN', 0.4775909767435023), ('CD69', 1.1115377098255568), ('RNF138', 3.994651980745152), ('RUNX2', 0.2913497175759305), ('PVT1', 0.269879415533825), ('SPTSSB', 2.755733220305857), ('GZMK', 1.8497477700053404), ('SPATA13', 1.055525977365507), ('MYB', 3.864478695687482), ('FBRS', 0.9747910259649568), ('PLAC8', 6.579744558865197), ('SEMA4A', 10.03285049495275), ('EPC1', 4.010686568499811), ('SPRR1B', 0.3712832950244183), ('MBTPS1', 1.0853334431655428), ('ETS1', 1.2986150966018344), ('TNFRSF1B', 0.0448229032668567)]",1834
REL,dbcorrdb__RELA__ENCSR000EBA_1__m1,0.07465378011381955,4.771375569304253,0.0,1.0,"gene is annotated for similar motif cisbp__M6449 ('REL[gene ID: ""ENSG00000162924"" species: ""Homo sapiens"" TF status: ""direct"" TF family: ""Rel"" DBDs: ""RHD""]; Rel[gene ID: ""ENSMUSG00000020275"" species: ""Mus musculus"" TF status: ""inferred"" TF family: ""Rel"" DBDs: ""RHD""]'; q-value = 2.04e-07)","frozenset({'activating', 'hg38__refseq-r80__10kb_up_and_down_tss.mc9nr.genes_vs_motifs.rankings', 'weight>75.0%'})","[('IGFBP2', 4.702703843229672), ('MLLT10', 4.71816450487802), ('PRKD3', 3.8370956492509873), ('FURIN', 0.072697419106449), ('CAMK2G', 4.434799000511764), ('SCML4', 0.5952098022510168), ('PPM1B', 3.5363360504574604), ('RASA2', 3.240524146173069), ('FYN', 0.4775909767435023), ('ATP6V1H', 1.1293325349783234), ('PRKACB', 0.2409918516102213), ('STK11', 1.533965777038425), ('GPR65', 2.355636761771528), ('LINC00936', 0.7251095874973684), ('SPTSSB', 2.755733220305857), ('CDC42EP3', 0.3538335023605786), ('PLPP5', 0.7024810109288424), ('ETS1', 1.2986150966018344)]",898
REL,hocomoco__TF65_MOUSE.H11MO.0.A,0.07291799443648823,4.5983311580498905,0.0,1.0,"gene is annotated for similar motif cisbp__M6449 ('REL[gene ID: ""ENSG00000162924"" species: ""Homo sapiens"" TF status: ""direct"" TF family: ""Rel"" DBDs: ""RHD""]; Rel[gene ID: ""ENSMUSG00000020275"" species: ""Mus musculus"" TF status: ""inferred"" TF family: ""Rel"" DBDs: ""RHD""]'; q-value = 3.03e-07)","frozenset({'activating', 'hg38__refseq-r80__10kb_up_and_down_tss.mc9nr.genes_vs_motifs.rankings', 'weight>75.0%'})","[('SPATA13', 1.055525977365507), ('TNFRSF4', 0.5694402569169236), ('RUNX2', 0.2913497175759305), ('REL', 1.0), ('FBXW4', 0.767955674462014), ('BIRC3', 0.0817689355029422), ('TNFRSF1B', 0.0448229032668567), ('CD69', 1.1115377098255568), ('DNAJB1', 0.4715807662058716), ('RC3H2', 3.6107566230965498), ('PPM1B', 3.5363360504574604), ('CDC42SE2', 3.3210824406791444), ('CRTAM', 0.0643525885817718), ('MYB', 3.864478695687482), ('PRKACB', 0.2409918516102213), ('CD70', 4.866205410421598)]",883
REL,cisbp__M4497,0.06625227751576453,3.9338107191508462,0.0,1.0,"gene is annotated for similar motif cisbp__M6449 ('REL[gene ID: ""ENSG00000162924"" species: ""Homo sapiens"" TF status: ""direct"" TF family: ""Rel"" DBDs: ""RHD""]; Rel[gene ID: ""ENSMUSG00000020275"" species: ""Mus musculus"" TF status: ""inferred"" TF family: ""Rel"" DBDs: ""RHD""]'; q-value = 9.55e-08)","frozenset({'activating', 'hg38__refseq-r80__10kb_up_and_down_tss.mc9nr.genes_vs_motifs.rankings', 'weight>75.0%'})","[('SPATA13', 1.055525977365507), ('TNFRSF4', 0.5694402569169236), ('TNFRSF1B', 0.0448229032668567), ('FBXW4', 0.767955674462014), ('SETD5', 0.1481171425630117), ('SEMA4A', 10.03285049495275), ('RUNX2', 0.2913497175759305), ('BIRC3', 0.0817689355029422), ('CCL1', 1.5764704210317575), ('MYB', 3.864478695687482), ('REL', 1.0), ('NMT2', 0.0656865087628701), ('LTB', 0.0996118353596987), ('CRTAM', 0.0643525885817718), ('MAP3K11', 0.5359997176383724), ('FBRS', 0.9747910259649568), ('CD69', 1.1115377098255568), ('DNAJB1', 0.4715807662058716), ('POLD1', 2.436984697658391), ('CCL5', 0.5398085695379384), ('GZMK', 1.8497477700053404), ('PRPF39', 1.267646810802329), ('ELK3', 2.581800379965798), ('PPCDC', 3.3028332677486607)]",1036
REL,dbcorrdb__RELA__ENCSR000EBI_1__m1,0.07870644602568813,5.175395026250185,0.0,1.0,"gene is annotated for similar motif cisbp__M6449 ('REL[gene ID: ""ENSG00000162924"" species: ""Homo sapiens"" TF status: ""direct"" TF family: ""Rel"" DBDs: ""RHD""]; Rel[gene ID: ""ENSMUSG00000020275"" species: ""Mus musculus"" TF status: ""inferred"" TF family: ""Rel"" DBDs: ""RHD""]'; q-value = 2.71e-07)","frozenset({'activating', 'hg38__refseq-r80__10kb_up_and_down_tss.mc9nr.genes_vs_motifs.rankings', 'weight>75.0%'})","[('LINC00936', 0.7251095874973684), ('DHX40', 0.5540805132669142), ('TBC1D23', 3.957389706488773), ('HID1', 2.7840658923308235), ('MIDN', 4.0504301276334775), ('MIR4435-2HG', 0.0785443139162735), ('CDKN1B', 1.393290338079895), ('PLPP5', 0.7024810109288424), ('ACVR1', 4.5399327670229965), ('MLLT10', 4.71816450487802), ('DUSP2', 3.019131507312934), ('RCBTB2', 0.926582212823505)]",382
REL,factorbook__NFKB1,0.07812910046562545,5.1178381378416065,0.0,1.0,"gene is annotated for similar motif cisbp__M6449 ('REL[gene ID: ""ENSG00000162924"" species: ""Homo sapiens"" TF status: ""direct"" TF family: ""Rel"" DBDs: ""RHD""]; Rel[gene ID: ""ENSMUSG00000020275"" species: ""Mus musculus"" TF status: ""inferred"" TF family: ""Rel"" DBDs: ""RHD""]'; q-value = 1.11e-07)","frozenset({'activating', 'hg38__refseq-r80__10kb_up_and_down_tss.mc9nr.genes_vs_motifs.rankings', 'weight>75.0%'})","[('PTPN22', 0.4824533204359005), ('RUNX2', 0.2913497175759305), ('SPATA13', 1.055525977365507), ('SEMA4A', 10.03285049495275), ('ELK3', 2.581800379965798), ('LINC00649', 2.158081670560388), ('PPCDC', 3.3028332677486607), ('PLAC8', 6.579744558865197), ('NACC1', 0.0496531765897066), ('SCML4', 0.5952098022510168), ('ITGB7', 0.784962514200346), ('XCL1', 0.6582518254963183), ('RHOH', 0.7895418995498055)]",573
RORA,transfac_pro__M03884,0.08041111667827094,4.0820407073695595,0.000508,1.0,gene is annotated for similar motif transfac_pro__M01138 ('V$RORA_Q4: RORalpha'; q-value = 0.000508),"frozenset({'activating', 'hg38__refseq-r80__10kb_up_and_down_tss.mc9nr.genes_vs_motifs.rankings', 'weight>75.0%'})","[('TRIB2', 0.115903143312876), ('FAM107B', 0.2453140416854575), ('CDC42EP3', 6.805197533826363), ('INO80D', 0.915681706630981), ('DNAJB2', 5.157612613987332), ('RNF144A', 4.588474617335763), ('PRDM2', 2.0568690668102056), ('TGFBR3', 4.882122460697829), ('PCM1', 0.5668245190277166), ('SLC25A28', 1.184966576147701), ('TRAF5', 0.0765505100614403), ('PDE4B', 2.443174182788855), ('POLM', 1.4916563199573694), ('SYTL3', 2.6825543220278933), ('B3GLCT', 3.7035701468956304), ('SYNC', 1.2652552189365456), ('SIN3A', 2.308226261109225), ('FYN', 0.7095727657328322), ('SPATA13', 0.3048938874361383), ('RORA', 1.0)]",719
RUNX2,transfac_pro__M08865,0.056120455520083865,3.032675767144863,0.000355,1.0,gene is annotated for similar motif transfac_pro__M08866 ('V$AML_Q4: AML'; q-value = 0.000355),"frozenset({'activating', 'hg38__refseq-r80__10kb_up_and_down_tss.mc9nr.genes_vs_motifs.rankings', 'weight>75.0%'})","[('SEPT9', 0.184993184370443), ('RUNX2', 1.0), ('CXCR4', 2.416986738590621), ('SPN', 1.3489382652815276), ('PHRF1', 5.346901353033329), ('LINC00152', 2.108255977918494), ('EPC1', 0.8824084017393438), ('ELF1', 0.1154388783884837), ('MBTPS1', 1.65063946779473), ('C1orf228', 0.2351861572520002), ('CCSER2', 0.2704846400042822), ('ETS1', 1.6706914377785087)]",651
RUNX2,transfac_pro__M07891,0.06372039834183066,3.7732403311333873,0.0,0.255278,gene is orthologous to FBgn0002576 in D. melanogaster (identity = 25%) which is directly annotated for motif,"frozenset({'activating', 'hg38__refseq-r80__10kb_up_and_down_tss.mc9nr.genes_vs_motifs.rankings', 'weight>75.0%'})","[('MAP3K11', 16.3323451873708), ('TNFRSF4', 0.1982303448388123), ('DUSP2', 0.6912736870212668), ('REL', 0.5223397988708889), ('SEPT9', 0.184993184370443), ('SETD5', 1.1911782664841302), ('CCL1', 1.2920044179172014), ('PHRF1', 5.346901353033329), ('SNAP23', 0.1782148062137007), ('TNFRSF1B', 0.1989936893203858), ('RUNX2', 1.0), ('FURIN', 3.032816750118949), ('THUMPD3-AS1', 0.1484826994049017), ('CRTAM', 3.1346170394958333), ('MARCKSL1', 0.2129218811719313), ('NACC1', 0.6836507405412829)]",1146
RUNX3,transfac_pro__M07889,0.06006117772944556,3.023399426905821,0.0,0.305361,gene is orthologous to FBgn0002576 in D. melanogaster (identity = 30%) which is directly annotated for motif,"frozenset({'activating', 'hg38__refseq-r80__10kb_up_and_down_tss.mc9nr.genes_vs_motifs.rankings', 'weight>75.0%'})","[('RHBDF2', 19.867407479499278), ('TMEM184B', 2.302434272769457), ('FAM105A', 4.359732033675464), ('PBX4', 0.5636451357476553), ('FURIN', 1.401656371303436), ('ITGB7', 0.3660213533766574), ('FNBP1', 1.187451221435816), ('LAX1', 6.125682986556853), ('LPP', 2.546908125537649), ('FKBP11', 1.9745313529383373), ('SH2D3C', 2.160587289366744)]",831
SP2,c2h2_zfs__M3928,0.0982274741506647,3.3035903773606927,0.000555,0.158238,gene is orthologous to FBgn0000233 in D. melanogaster (identity = 15%) which is annotated for similar motif jaspar__MA0443.1 ('btd'; q-value = 0.000555),"frozenset({'activating', 'hg38__refseq-r80__10kb_up_and_down_tss.mc9nr.genes_vs_motifs.rankings', 'weight>75.0%'})","[('DNAJB1', 3.229163936749107), ('EGLN2', 1.404672545513613), ('SP2', 1.0), ('CXCR4', 0.8698533044438308), ('HPCAL1', 15.34213907251781)]",688
SP2,flyfactorsurvey__Bteb2_SOLEXA_2.5_FBgn0025679,0.09543738716559987,3.172646489831488,0.000555,0.158238,gene is orthologous to FBgn0000233 in D. melanogaster (identity = 15%) which is annotated for similar motif jaspar__MA0443.1 ('btd'; q-value = 0.000555),"frozenset({'activating', 'hg38__refseq-r80__10kb_up_and_down_tss.mc9nr.genes_vs_motifs.rankings', 'weight>75.0%'})","[('PRRC2B', 2.39518968688221), ('CD8A', 1.1189244920644283), ('ACVR2A', 7.153853855499942), ('PRKX', 2.707632616062612)]",351
SP2,cisbp__M5856,0.09264730018053505,3.041702602302284,0.000539,1.0,motif similar to transfac_pro__M00932 ('V$SP1_Q4_01: Sp1'; q-value = 0.000539) which is directly annotated,"frozenset({'activating', 'hg38__refseq-r80__10kb_up_and_down_tss.mc9nr.genes_vs_motifs.rankings', 'weight>75.0%'})","[('CXCR4', 0.8698533044438308), ('GIMAP7', 3.006263330205014), ('FBXW11', 8.274588756243316)]",136
SP2,taipale__SP8_DBD_NMCMCGCCCMCN,0.09744789102248481,3.267003114668709,0.000508,1.0,motif similar to transfac_pro__M00932 ('V$SP1_Q4_01: Sp1'; q-value = 0.000508) which is directly annotated,"frozenset({'activating', 'hg38__refseq-r80__10kb_up_and_down_tss.mc9nr.genes_vs_motifs.rankings', 'weight>75.0%'})","[('SETD5', 4.551006136015698), ('NACC1', 7.538692132863962), ('ACVR2A', 7.153853855499942), ('FAM168A', 32.535734259391994), ('HPCAL1', 15.34213907251781), ('FBXW11', 8.274588756243316), ('KCTD10', 21.36016388528705), ('CXCR4', 0.8698533044438308), ('STMN3', 5.064729365816176), ('DNAJB1', 3.229163936749107), ('EGLN2', 1.404672545513613), ('PRIM2', 5.768880928936162)]",2963
SP2,hocomoco__E2F4_MOUSE.H11MO.0.A,0.09393976694567537,3.1023604325547827,4.3e-05,1.0,gene is annotated for similar motif hocomoco__SP2_HUMAN.H11MO.1.B ('SP2_HUMAN'; q-value = 4.33e-05),"frozenset({'activating', 'hg38__refseq-r80__10kb_up_and_down_tss.mc9nr.genes_vs_motifs.rankings', 'weight>75.0%'})","[('FKBP11', 0.5628822939746123), ('USP8', 3.842436160705496), ('NACC1', 7.538692132863962), ('CD8A', 1.1189244920644283), ('SP2', 1.0), ('HPCAL1', 15.34213907251781)]",999
SP2,dbcorrdb__SP1__ENCSR000BKO_1__m2,0.09287296898079764,3.0522936520289106,7e-06,1.0,gene is annotated for similar motif hocomoco__SP2_HUMAN.H11MO.0.A ('SP2_HUMAN'; q-value = 6.65e-06),"frozenset({'activating', 'hg38__refseq-r80__10kb_up_and_down_tss.mc9nr.genes_vs_motifs.rankings', 'weight>75.0%'})","[('USP8', 3.842436160705496), ('ACVR2A', 7.153853855499942), ('AKT1', 5.951847560922498), ('CXCR4', 0.8698533044438308), ('HPCAL1', 15.34213907251781)]",544
SP2,hocomoco__KLF9_HUMAN.H11MO.0.C,0.09445265058263581,3.1264310001152986,6e-06,1.0,gene is annotated for similar motif transfac_pro__M03807 ('V$SP2_Q3_01: SP2'; q-value = 6.39e-06),"frozenset({'activating', 'hg38__refseq-r80__10kb_up_and_down_tss.mc9nr.genes_vs_motifs.rankings', 'weight>75.0%'})","[('ZFP36', 5.819789858434004), ('SP2', 1.0), ('CXCR4', 0.8698533044438308), ('SETD5', 4.551006136015698), ('DHX40', 14.667387327521142), ('FAM168A', 32.535734259391994)]",1094
SP2,transfac_pro__M00931,0.09787871327753159,3.287222391419542,0.0,1.0,gene is annotated for similar motif transfac_pro__M00932 ('V$SP1_Q4_01: Sp1'; q-value = 7.3e-09),"frozenset({'activating', 'hg38__refseq-r80__10kb_up_and_down_tss.mc9nr.genes_vs_motifs.rankings', 'weight>75.0%'})","[('SETD5', 4.551006136015698), ('GABARAPL1', 9.271940699108733), ('ACVR2A', 7.153853855499942), ('SPON2', 42.56751342310461), ('APBB1IP', 2.9106584488822014), ('MED15', 6.712640804508995), ('GIMAP7', 3.006263330205014)]",1359
SP2,transfac_pro__M01783,0.11322419169538815,4.0074137728301675,0.0,1.0,gene is directly annotated,"frozenset({'activating', 'hg38__refseq-r80__10kb_up_and_down_tss.mc9nr.genes_vs_motifs.rankings', 'weight>75.0%'})","[('NACC1', 7.538692132863962), ('AKT1', 5.951847560922498), ('ACVR2A', 7.153853855499942), ('HPCAL1', 15.34213907251781), ('FBXW11', 8.274588756243316), ('SPON2', 42.56751342310461), ('ZFP36', 5.819789858434004), ('FAM168A', 32.535734259391994)]",2023
SP2,taipale_cyt_meth__SP2_NYWAGYCCCGCCCMCYN_eDBD_meth,0.1089159691449204,3.8052210053218367,0.0,1.0,gene is directly annotated,"frozenset({'activating', 'hg38__refseq-r80__10kb_up_and_down_tss.mc9nr.genes_vs_motifs.rankings', 'weight>75.0%'})","[('CXCR4', 0.8698533044438308), ('SETD5', 4.551006136015698), ('EGLN2', 1.404672545513613), ('DNAJB1', 3.229163936749107), ('ACVR2A', 7.153853855499942), ('AKT1', 5.951847560922498), ('NACC1', 7.538692132863962)]",1369
XRCC4,dbcorrdb__GABPA__ENCSR000BPY_1__m1,0.06306959114851872,3.574655435880197,0.000953,1.0,"gene is annotated for similar motif dbcorrdb__XRCC4__ENCSR000FAC_1__m1 ('XRCC4 (ENCSR000FAC-1, motif 1)'; q-value = 0.000953)","frozenset({'activating', 'hg38__refseq-r80__10kb_up_and_down_tss.mc9nr.genes_vs_motifs.rankings', 'weight>75.0%'})","[('PTPN22', 1.7118022696108144), ('CCDC91', 0.7428080691620063), ('XCL1', 0.4724203657656545), ('WIPF1', 0.3640059131868625), ('DOK2', 0.2743936589036401), ('RUNX2', 8.7706013061233), ('PRKACB', 0.2417978303998364), ('LINS1', 1.6096070549092394), ('MBTPS1', 2.4838976892552798), ('GTF2H2', 2.0793019496308154), ('CXCR4', 0.7094478983186017), ('CEP85L', 0.9149254423473472), ('SLC25A38', 0.0449142892600466), ('XRCC4', 1.0), ('ETS1', 1.354981528378536)]",944
XRCC4,dbcorrdb__GABPA__ENCSR000BIW_1__m1,0.06175506070993934,3.4472151920034677,0.00036,1.0,"gene is annotated for similar motif dbcorrdb__XRCC4__ENCSR000FAC_1__m1 ('XRCC4 (ENCSR000FAC-1, motif 1)'; q-value = 0.00036)","frozenset({'activating', 'hg38__refseq-r80__10kb_up_and_down_tss.mc9nr.genes_vs_motifs.rankings', 'weight>75.0%'})","[('PHRF1', 2.707782000820672), ('XRCC4', 1.0), ('DZIP3', 1.3871620323333214), ('MAP3K11', 4.575960565572667), ('GTF2H2', 2.0793019496308154), ('NACC1', 1.656221049921228), ('EIF1AD', 2.345582565741165), ('KCNAB2', 0.0456257608264426), ('PIGC', 0.2470503768553099), ('PDPK1', 2.024853218338964), ('G2E3', 2.3721461103201182), ('SNAP23', 0.2372665228605225), ('EVI2B', 0.2983407863535474), ('THEM4', 0.3333638454385342), ('SEPT9', 0.6841338769526498), ('VPS45', 0.0726600900635826), ('TFEB', 7.212868838540827), ('ASB6', 0.1001862271066592), ('CEP85L', 0.9149254423473472), ('MBTPS1', 2.4838976892552798), ('ETS1', 1.354981528378536), ('TATDN2', 5.414355007598392), ('SULF2', 2.500362338156665), ('REL', 0.7572080970644104), ('FAM118A', 0.3057236599293669), ('PVT1', 2.2192326359069927), ('TNIK', 0.5469564750015775), ('WIPF1', 0.3640059131868625), ('RGS14', 0.2326603482963104), ('PSME4', 9.195396644665722), ('FURIN', 0.8350978754371836), ('GOLGA8B', 0.4226340264431659), ('PRKACB', 0.2417978303998364), ('PTGES2', 0.4949745330530085), ('DOT1L', 11.431884675937118), ('KDM5A', 0.2552729855965815)]",3827
XRCC4,dbcorrdb__POLR2A__ENCSR000EAY_1__m1,0.06025008593220182,3.301311873925518,0.000293,1.0,"gene is annotated for similar motif dbcorrdb__XRCC4__ENCSR000FAC_1__m1 ('XRCC4 (ENCSR000FAC-1, motif 1)'; q-value = 0.000293)","frozenset({'activating', 'hg38__refseq-r80__10kb_up_and_down_tss.mc9nr.genes_vs_motifs.rankings', 'weight>75.0%'})","[('TFEB', 7.212868838540827), ('PGM2L1', 0.3150039406375284), ('TCEANC2', 6.284380388845327), ('VPS45', 0.0726600900635826), ('PRKD3', 1.1421154732214165), ('WDTC1', 5.7688318855820615), ('TOB2', 0.0728727092679848), ('RPAIN', 1.1033776963148707), ('MEN1', 2.5005115428206808), ('RGS14', 0.2326603482963104), ('MADD', 2.063656073990747), ('CWC22', 0.1301667052178222), ('CHAC2', 0.8633040824938829), ('FAM78A', 1.3755599160843968), ('ZNFX1', 0.939890712144674), ('ELMOD3', 0.1105272589707554), ('DOK2', 0.2743936589036401)]",1198
XRCC4,dbcorrdb__ELK4__ENCSR000EVB_1__m1,0.057532770361286845,3.0378753273958856,8.2e-05,1.0,"gene is annotated for similar motif dbcorrdb__XRCC4__ENCSR000FAC_1__m1 ('XRCC4 (ENCSR000FAC-1, motif 1)'; q-value = 8.21e-05)","frozenset({'activating', 'hg38__refseq-r80__10kb_up_and_down_tss.mc9nr.genes_vs_motifs.rankings', 'weight>75.0%'})","[('MAP3K11', 4.575960565572667), ('ARHGAP30', 0.0458022024737315), ('XRCC4', 1.0), ('KCNAB2', 0.0456257608264426), ('DOK2', 0.2743936589036401), ('PHRF1', 2.707782000820672), ('FAM78A', 1.3755599160843968), ('SPN', 0.8854837290760624), ('SEPT9', 0.6841338769526498), ('ASB6', 0.1001862271066592), ('LINC00152', 1.1998041958459478), ('CD247', 0.4171018853187359)]",583
ZBTB49,c2h2_zfs__M5103,0.07864682782721476,3.056302143342402,0.0,1.0,gene is directly annotated,"frozenset({'activating', 'hg38__refseq-r80__10kb_up_and_down_tss.mc9nr.genes_vs_motifs.rankings', 'weight>75.0%'})","[('CXCR4', 0.8175471253884943), ('ADCY7', 3.832155813674782), ('PTGDR2', 3.636565606076503), ('MSANTD2', 11.32643567440194), ('LPAR6', 2.139612950142044), ('DGKZ', 3.2047215227329424), ('RNF138', 4.625044667745168), ('PTPRC', 0.9864745847358242), ('SNTB1', 2.6662199242394484), ('CD69', 0.0412433363868275), ('DNAJB14', 3.4028834939579937), ('PBXIP1', 4.839573999861617), ('RASA1', 7.178165124632232), ('PTGER4', 1.881700514181776)]",4432
ZNF195,transfac_pro__M06067,0.09335654498136034,3.6990689752393706,0.0,1.0,gene is directly annotated,"frozenset({'activating', 'hg38__refseq-r80__10kb_up_and_down_tss.mc9nr.genes_vs_motifs.rankings', 'weight>75.0%'})","[('EVI2B', 1.010140236069528), ('APOE', 2.9851575944105373), ('CCND3', 0.449820025294956), ('FAM135A', 13.322828300648377), ('PHF3', 6.523955188023328), ('MIR181A1HG', 4.688967563903316)]",494
ZNF740,hocomoco__TBX15_HUMAN.H11MO.0.D,0.09909212090643801,3.890151206980713,4e-06,1.0,gene is annotated for similar motif hocomoco__ZN740_HUMAN.H11MO.0.D ('ZN740_HUMAN'; q-value = 3.8e-06),"frozenset({'activating', 'hg38__refseq-r80__10kb_up_and_down_tss.mc9nr.genes_vs_motifs.rankings', 'weight>75.0%'})","[('FOXP4', 20.14377364600384), ('TIMP1', 0.1909400349921869), ('PPCDC', 0.4191579927262348), ('ZNF740', 1.0), ('SIT1', 1.081195677052923), ('PHF1', 1.6354600820673832), ('GSN', 0.8474665562979575), ('MIAT', 5.5048354677272044), ('CTSW', 0.3873926477763155), ('PKN1', 3.796536744461824), ('ID3', 5.073065997179166), ('CST7', 0.1711638916059286), ('RCBTB2', 0.6456285345795204), ('C11orf21', 18.4739019162752), ('FAM105A', 1.9604318201194904)]",3936
CXXC1,transfac_pro__M07482,0.12104346908630513,3.014701551144167,0.0,1.0,gene is directly annotated,"frozenset({'weight>90.0%', 'activating', 'hg38__refseq-r80__10kb_up_and_down_tss.mc9nr.genes_vs_motifs.rankings'})","[('FYN', 2.101894592725492), ('TRIB2', 1.7237777701596784), ('INO80D', 3.6418694180550166), ('MESDC1', 1.8412863120925167), ('SP3', 1.5352650466106716), ('TRERF1', 2.3240077442019307), ('MAP4K4', 1.8968050189391863), ('DUSP4', 1.7960878024291462), ('MLLT3', 4.6081261188384826), ('INTS6', 1.3738000484061157), ('ZNF821', 8.285766613927795), ('PRR5L', 3.863372818420136), ('SNX25', 1.825525709061169), ('TRAF5', 1.5816471362438764), ('ARID1A', 3.733297182490343), ('SH2D3C', 1.4752002907630526), ('DUSP16', 9.16947314779127), ('PIAS3', 1.4572817504290154), ('IGFBP3', 4.817850996531081)]",2517
ELF1,dbcorrdb__MYC__ENCSR000DLZ_1__m1,0.055090275487229494,3.4738963813262624,0.000455,1.0,"motif similar to dbcorrdb__ELF1__ENCSR000BMB_1__m1 ('ELF1 (ENCSR000BMB-1, motif 1)'; q-value = 0.000455) which is directly annotated","frozenset({'weight>90.0%', 'activating', 'hg38__refseq-r80__10kb_up_and_down_tss.mc9nr.genes_vs_motifs.rankings'})","[('CCDC122', 19.578169340233543), ('PTGES2', 6.77592008843474), ('ZFYVE28', 5.432725152341445), ('SIAH1', 3.4696854037638407), ('PLXNA1', 23.486053545623093), ('CXCR3', 2.9411087744959783), ('MAPRE2', 2.2953659129767687), ('GOLGA8A', 12.547389886305108), ('SPECC1L', 6.340157452682249), ('ZFP36', 8.555023990514247), ('FLI1', 3.4516006498011564), ('SULF2', 1.5002572085831256), ('COL1A2', 2.2408229170333094)]",555
ELF1,tfdimers__MD00066,0.05130071273895398,3.035744261741525,0.0,1.0,gene is directly annotated,"frozenset({'weight>90.0%', 'activating', 'hg38__refseq-r80__10kb_up_and_down_tss.mc9nr.genes_vs_motifs.rankings'})","[('CD7', 1.3799275291593007), ('ZFYVE28', 5.432725152341445), ('SOD3', 1.449881720066607), ('MMP25-AS1', 3.492958855598733), ('TNXB', 22.519439999366377), ('SPECC1L', 6.340157452682249), ('COL1A1', 10.206535797398416), ('TRAF5', 3.881511179964377), ('BGN', 36.33053933496579), ('ZBTB43', 1.6102637082494005), ('RHOH', 2.03043297392947), ('NMT2', 3.671155153648474), ('SULF2', 1.5002572085831256), ('SIAH1', 3.4696854037638407), ('TMEM121', 4.880836268276209), ('LPIN1', 6.377687742099075), ('FBXW4', 1.5254311138169687), ('ZAP70', 2.3873094646085566), ('FSTL1', 11.285227525630702)]",1103
ELK3,dbcorrdb__ELF1__ENCSR000BMD_1__m1,0.07206915262412203,3.292415050158048,0.000323,1.0,gene is annotated for similar motif transfac_pro__M03832 ('V$NET_Q6: Net'; q-value = 0.000323),"frozenset({'weight>90.0%', 'activating', 'hg38__refseq-r80__10kb_up_and_down_tss.mc9nr.genes_vs_motifs.rankings'})","[('TBC1D23', 4.28361442114663), ('DHX40', 5.834243848159715), ('ELF1', 1.4717016783978951), ('MIR4435-2HG', 2.018399070816772), ('ACVR1', 10.393707976051475), ('ASCC3', 1.909459300996711), ('LINC00936', 8.087066492341211), ('MLLT10', 15.815390377591466), ('RBM15', 2.6013554535394694), ('CASK', 3.3947211426356163), ('DCAF12', 3.5138051960507406)]",556
ELK3,hocomoco__ETS1_HUMAN.H11MO.0.A,0.07759322340457601,3.6954272182192227,5.3e-05,1.0,"gene is annotated for similar motif taipale_cyt_meth__ELK3_NACCGGAAGTN_eDBD_meth ('ELK3 [ETS, CpG-meth]'; q-value = 5.27e-05)","frozenset({'weight>90.0%', 'activating', 'hg38__refseq-r80__10kb_up_and_down_tss.mc9nr.genes_vs_motifs.rankings'})","[('CDKN1B', 6.24436168107685), ('LINC00936', 8.087066492341211), ('MIR4435-2HG', 2.018399070816772), ('ASCC3', 1.909459300996711), ('VAMP4', 2.8051582520549467), ('MLLT10', 15.815390377591466), ('ACVR1', 10.393707976051475)]",309
ELK3,taipale_tf_pairs__FOXO1_ELK3_RCCGGAWGTKKW_CAP,0.08084134687848551,3.9323961737913455,0.0,1.0,gene is directly annotated,"frozenset({'weight>90.0%', 'activating', 'hg38__refseq-r80__10kb_up_and_down_tss.mc9nr.genes_vs_motifs.rankings'})","[('ZMYM5', 3.980656830137151), ('FBRS', 3.2595875132510583), ('CHD1', 4.346599740087908), ('MLLT10', 15.815390377591466), ('EPC1', 3.14163055460817), ('FYN', 10.245173690835472), ('CDKN1B', 6.24436168107685), ('ACVR1', 10.393707976051475), ('ID3', 1.7969687751303511), ('PPM1B', 11.398181191393489)]",539
EOMES,cisbp__M1634,0.09759442920447352,3.1505253994312485,0.000184,1.0,motif similar to taipale_cyt_meth__EOMES_NAGGTGTGAN_eDBD_repr ('EOMES [T_box]'; q-value = 0.000184) which is directly annotated,"frozenset({'weight>90.0%', 'activating', 'hg38__refseq-r80__10kb_up_and_down_tss.mc9nr.genes_vs_motifs.rankings'})","[('ELK3', 6.209053972624799), ('NCR3', 1.4996178888726748), ('FYN', 5.238096262158595), ('PLAC8', 5.125666376206572), ('KIF2A', 7.382371463632587), ('NKG7', 2.610070535265155), ('CASK', 10.722297202026908), ('KCNAB2', 2.8126327825005064), ('EOMES', 1.0), ('KIR2DL4', 18.45409152689017)]",1770
EOMES,transfac_pro__M07901,0.11749314201308293,4.092562274153208,0.000112,1.0,motif similar to taipale_cyt_meth__EOMES_NAGGTGTGAN_eDBD_repr ('EOMES [T_box]'; q-value = 0.000112) which is directly annotated,"frozenset({'weight>90.0%', 'activating', 'hg38__refseq-r80__10kb_up_and_down_tss.mc9nr.genes_vs_motifs.rankings'})","[('EOMES', 1.0), ('FYN', 5.238096262158595), ('ELK3', 6.209053972624799)]",133
EOMES,taipale__TBX4_DBD_AGGTGTNANWWNTNACACCT,0.12658788774002955,4.523122075855397,0.000106,1.0,motif similar to swissregulon__hs__EOMES.p2 ('hs__EOMES.p2'; q-value = 0.000106) which is directly annotated,"frozenset({'weight>90.0%', 'activating', 'hg38__refseq-r80__10kb_up_and_down_tss.mc9nr.genes_vs_motifs.rankings'})","[('CASK', 10.722297202026908), ('NAB1', 4.158660728293272), ('ELK3', 6.209053972624799), ('INPP4B', 1.8790379954014904), ('FYN', 5.238096262158595), ('EOMES', 1.0), ('ASCC3', 6.682988392119836), ('PLAC8', 5.125666376206572)]",1981
EOMES,taipale_cyt_meth__TBX1_NNAGGTGTGANN_eDBD_meth,0.0981430681578392,3.176498844545533,9.7e-05,1.0,gene is annotated for similar motif taipale_cyt_meth__EOMES_NAGGTGTGAN_eDBD_repr ('EOMES [T_box]'; q-value = 9.69e-05),"frozenset({'weight>90.0%', 'activating', 'hg38__refseq-r80__10kb_up_and_down_tss.mc9nr.genes_vs_motifs.rankings'})","[('EOMES', 1.0), ('FYN', 5.238096262158595), ('ELK3', 6.209053972624799), ('INPP4B', 1.8790379954014904), ('CASK', 10.722297202026908)]",669
EOMES,taipale__TBX5_DBD_AGGTGTNANWWNTNACACCT,0.10272209326862207,3.393277213383991,7.1e-05,1.0,motif similar to swissregulon__hs__EOMES.p2 ('hs__EOMES.p2'; q-value = 7.05e-05) which is directly annotated,"frozenset({'weight>90.0%', 'activating', 'hg38__refseq-r80__10kb_up_and_down_tss.mc9nr.genes_vs_motifs.rankings'})","[('XCL1', 2.251624194403523), ('XCL2', 3.169153083190684), ('ELK3', 6.209053972624799), ('GZMB', 1.339018082962277), ('GPR82', 8.665611357938824), ('FYN', 5.238096262158595), ('ASCC3', 6.682988392119836), ('PLAC8', 5.125666376206572)]",1664
EOMES,taipale_cyt_meth__TBX3_NAGGTGTGAN_eDBD,0.11970879932475206,4.19745503326859,5.6e-05,1.0,gene is annotated for similar motif taipale_cyt_meth__EOMES_NAGGTGTGAN_eDBD_repr ('EOMES [T_box]'; q-value = 5.58e-05),"frozenset({'weight>90.0%', 'activating', 'hg38__refseq-r80__10kb_up_and_down_tss.mc9nr.genes_vs_motifs.rankings'})","[('CD7', 1.357704190014957), ('FYN', 5.238096262158595), ('FGR', 18.983004761164384), ('KCNAB2', 2.8126327825005064), ('GNLY', 1.3856594234689323), ('INPP4B', 1.8790379954014904), ('ELK3', 6.209053972624799)]",1626
EOMES,taipale_cyt_meth__TBX18_NRAGGTGTGAAN_eDBD,0.11112048955475838,3.7908707193642024,5.1e-05,1.0,gene is annotated for similar motif taipale_cyt_meth__EOMES_NAGGTGTGAN_eDBD_repr ('EOMES [T_box]'; q-value = 5.11e-05),"frozenset({'weight>90.0%', 'activating', 'hg38__refseq-r80__10kb_up_and_down_tss.mc9nr.genes_vs_motifs.rankings'})","[('XCL1', 2.251624194403523), ('XCL2', 3.169153083190684), ('ELK3', 6.209053972624799), ('FYN', 5.238096262158595), ('KLRD1', 4.055953005881091)]",966
EOMES,cisbp__M5897,0.12439333192656679,4.4192282953982565,4e-05,1.0,motif similar to swissregulon__hs__EOMES.p2 ('hs__EOMES.p2'; q-value = 4.03e-05) which is directly annotated,"frozenset({'weight>90.0%', 'activating', 'hg38__refseq-r80__10kb_up_and_down_tss.mc9nr.genes_vs_motifs.rankings'})","[('EOMES', 1.0), ('ELK3', 6.209053972624799), ('INPP4B', 1.8790379954014904), ('FYN', 5.238096262158595)]",237
EOMES,cisbp__M1626,0.10542308503903777,3.5211464816389335,2.3e-05,1.0,motif similar to taipale_cyt_meth__EOMES_NAGGTGTGAN_eDBD_repr ('EOMES [T_box]'; q-value = 2.26e-05) which is directly annotated,"frozenset({'weight>90.0%', 'activating', 'hg38__refseq-r80__10kb_up_and_down_tss.mc9nr.genes_vs_motifs.rankings'})","[('FGR', 18.983004761164384), ('KIF2A', 7.382371463632587), ('INPP4B', 1.8790379954014904), ('FYN', 5.238096262158595), ('CASK', 10.722297202026908), ('KCNAB2', 2.8126327825005064)]",1041
EOMES,cisbp__M5899,0.10263768727579659,3.389281298751024,2e-05,1.0,motif similar to swissregulon__hs__EOMES.p2 ('hs__EOMES.p2'; q-value = 2.04e-05) which is directly annotated,"frozenset({'weight>90.0%', 'activating', 'hg38__refseq-r80__10kb_up_and_down_tss.mc9nr.genes_vs_motifs.rankings'})","[('FGR', 18.983004761164384), ('PLAC8', 5.125666376206572), ('KCNAB2', 2.8126327825005064), ('FYN', 5.238096262158595), ('INPP4B', 1.8790379954014904)]",631
EOMES,taipale_cyt_meth__T_NANGTGTGANNNNTNACACCTN_eDBD_meth_repr,0.09803756066680734,3.1715039512543246,1.6e-05,1.0,"gene is annotated for similar motif taipale_cyt_meth__EOMES_NAGGTGTGAN_eDBD_meth ('EOMES [T_box, CpG-meth]'; q-value = 1.58e-05)","frozenset({'weight>90.0%', 'activating', 'hg38__refseq-r80__10kb_up_and_down_tss.mc9nr.genes_vs_motifs.rankings'})","[('XCL1', 2.251624194403523), ('NKG7', 2.610070535265155), ('TBC1D19', 11.466160967315204), ('FGR', 18.983004761164384), ('EPM2AIP1', 19.50003143099876), ('INPP4B', 1.8790379954014904), ('KCNAB2', 2.8126327825005064)]",1320
EOMES,transfac_pro__M07900,0.10008440599282549,3.2684048811037734,1.3e-05,1.0,motif similar to taipale_cyt_meth__EOMES_NAGGTGTGAN_eDBD_repr ('EOMES [T_box]'; q-value = 1.32e-05) which is directly annotated,"frozenset({'weight>90.0%', 'activating', 'hg38__refseq-r80__10kb_up_and_down_tss.mc9nr.genes_vs_motifs.rankings'})","[('KCNAB2', 2.8126327825005064), ('FYN', 5.238096262158595), ('INPP4B', 1.8790379954014904), ('NKG7', 2.610070535265155), ('FGR', 18.983004761164384), ('ELK3', 6.209053972624799)]",1115
EOMES,taipale_cyt_meth__TBX15_NAGGTGTGAN_eDBD,0.1540831399029331,5.824791267544382,9e-06,1.0,motif similar to taipale_cyt_meth__EOMES_NAGGTGTGAN_eDBD_repr ('EOMES [T_box]'; q-value = 8.94e-06) which is directly annotated,"frozenset({'weight>90.0%', 'activating', 'hg38__refseq-r80__10kb_up_and_down_tss.mc9nr.genes_vs_motifs.rankings'})","[('CD7', 1.357704190014957), ('FGR', 18.983004761164384), ('KCNAB2', 2.8126327825005064), ('ELK3', 6.209053972624799), ('INPP4B', 1.8790379954014904), ('FYN', 5.238096262158595), ('GNLY', 1.3856594234689323)]",1568
EOMES,cisbp__M5895,0.09746782021523528,3.144531527481798,5e-06,1.0,"motif similar to cisbp__M5396 ('EOMES[gene ID: ""ENSG00000163508"" species: ""Homo sapiens"" TF status: ""direct"" TF family: ""T-box"" DBDs: ""T-box""]; Tbx21[gene ID: ""ENSMUSG00000001444"" species: ""Mus musculus"" TF status: ""inferred"" TF family: ""T-box"" DBDs: ""T-box""]'; q-value = 5.13e-06) which is directly annotated","frozenset({'weight>90.0%', 'activating', 'hg38__refseq-r80__10kb_up_and_down_tss.mc9nr.genes_vs_motifs.rankings'})","[('FYN', 5.238096262158595), ('LAT2', 4.625675867488435), ('FGR', 18.983004761164384), ('ELK3', 6.209053972624799), ('KCNAB2', 2.8126327825005064), ('GNLY', 1.3856594234689323), ('NAB1', 4.158660728293272)]",1044
EOMES,transfac_pro__M02747,0.11873813040725892,4.151502014989471,0.0,0.906383,gene is orthologous to ENSMUSG00000032446 in M. musculus (identity = 90%) which is directly annotated for motif,"frozenset({'weight>90.0%', 'activating', 'hg38__refseq-r80__10kb_up_and_down_tss.mc9nr.genes_vs_motifs.rankings'})","[('EOMES', 1.0), ('FYN', 5.238096262158595), ('ELK3', 6.209053972624799), ('FASLG', 6.451738933633027), ('INPP4B', 1.8790379954014904)]",674
EOMES,cisbp__M1622,0.09539987339101076,3.0466316189741076,0.0,1.0,motif similar to taipale_cyt_meth__EOMES_NAGGTGTGAN_eDBD_repr ('EOMES [T_box]'; q-value = 1.8e-08) which is directly annotated,"frozenset({'weight>90.0%', 'activating', 'hg38__refseq-r80__10kb_up_and_down_tss.mc9nr.genes_vs_motifs.rankings'})","[('CD7', 1.357704190014957), ('KCNAB2', 2.8126327825005064), ('ELK3', 6.209053972624799), ('INPP4B', 1.8790379954014904), ('FGR', 18.983004761164384)]",558
EOMES,taipale_cyt_meth__EOMES_NAGGTGTGAN_eDBD_repr,0.09478792994302596,3.0176612378850973,0.0,1.0,gene is directly annotated,"frozenset({'weight>90.0%', 'activating', 'hg38__refseq-r80__10kb_up_and_down_tss.mc9nr.genes_vs_motifs.rankings'})","[('EOMES', 1.0), ('FYN', 5.238096262158595), ('ELK3', 6.209053972624799), ('INPP4B', 1.8790379954014904)]",392
EOMES,taipale_tf_pairs__MEIS1_EOMES_AGGTGTTGACAN_CAP_repr,0.12061616374762608,4.240411115572985,0.0,1.0,gene is directly annotated,"frozenset({'weight>90.0%', 'activating', 'hg38__refseq-r80__10kb_up_and_down_tss.mc9nr.genes_vs_motifs.rankings'})","[('CD7', 1.357704190014957), ('KCNAB2', 2.8126327825005064), ('ELK3', 6.209053972624799), ('FGR', 18.983004761164384), ('INPP4B', 1.8790379954014904)]",633
ETS1,taipale_cyt_meth__ETV3_NNAGGAANNNNNNNTTCCTNN_eDBD_repr,0.09174355924725201,4.320247854316416,5e-06,1.0,gene is annotated for similar motif jaspar__MA0098.3 ('ETS1'; q-value = 5.31e-06),"frozenset({'weight>90.0%', 'activating', 'hg38__refseq-r80__10kb_up_and_down_tss.mc9nr.genes_vs_motifs.rankings'})","[('FURIN', 4.179720973151326), ('RUNX3', 2.3528592982390157), ('PLCL2', 6.239230080700297), ('COL1A2', 1.5332000143840567), ('PTPRE', 4.911682857162023), ('LPP', 1.5229913819990406), ('SH2D3C', 2.215425721142944), ('ETS1', 1.0), ('RUNX2', 3.2424912754153574), ('MYH11', 13.585423460276076)]",1065
ETS1,tfdimers__MD00044,0.08879894108845364,4.122126955513501,0.0,1.0,gene is directly annotated,"frozenset({'weight>90.0%', 'activating', 'hg38__refseq-r80__10kb_up_and_down_tss.mc9nr.genes_vs_motifs.rankings'})","[('RUNX2', 3.2424912754153574), ('REEP2', 1.5400334766308932), ('PLCL2', 6.239230080700297), ('RUNX3', 2.3528592982390157), ('PHRF1', 4.132708798647391), ('CAMK2N1', 3.8363307660752857), ('DKFZP434I0714', 4.106265831505685), ('ATL2', 1.3023189838584153), ('NFAT5', 27.591197120208115), ('FURIN', 4.179720973151326)]",931
FLI1,dbcorrdb__ELF1__ENCSR000BPT_1__m2,0.06946321380307363,3.3156364733554944,0.000861,1.0,motif similar to hocomoco__FLI1_HUMAN.H11MO.1.A ('FLI1_HUMAN'; q-value = 0.000861) which is directly annotated,"frozenset({'weight>90.0%', 'activating', 'hg38__refseq-r80__10kb_up_and_down_tss.mc9nr.genes_vs_motifs.rankings'})","[('KANSL1-AS1', 7.084592878250366), ('SLC2A6', 3.993835564427674), ('LBH', 8.214186026152369), ('IKZF3', 1.657460271618325), ('STK39', 4.550569269321709), ('CCNG2', 1.6532348597724007), ('FLI1', 1.0), ('FAM126B', 7.446819664624546), ('CCDC69', 7.403117194249267), ('MAPKAPK2', 2.262083343914647), ('CTDSPL2', 1.3889343831763636), ('C7orf31', 2.3546402728087648), ('FAM120B', 2.510358489544529), ('MAN2A2', 8.392560107076305)]",1524
FLI1,dbcorrdb__POLR2A__ENCSR000EAM_1__m1,0.06806467833684277,3.207785996698812,9.1e-05,0.966814,motif similar to hocomoco__FLI1_MOUSE.H11MO.0.A ('FLI1_MOUSE'; q-value = 9.08e-05) which is annotated for orthologous gene ENSMUSG00000016087 in M. musculus (identity = 96%),"frozenset({'weight>90.0%', 'activating', 'hg38__refseq-r80__10kb_up_and_down_tss.mc9nr.genes_vs_motifs.rankings'})","[('MAN2A2', 8.392560107076305), ('IKZF3', 1.657460271618325), ('ARHGAP15', 1.959895781913428), ('FAM120B', 2.510358489544529), ('MLYCD', 1.822426682648751), ('TRRAP', 2.7566879146067813), ('C7orf31', 2.3546402728087648), ('NAPEPLD', 2.70614225577264), ('FBXO9', 15.631911751119288), ('LBH', 8.214186026152369), ('RGP1', 1.3856431342497708), ('BOD1L1', 3.6082781139285216), ('NABP1', 1.8598102254986035), ('LPIN1', 4.092173536564952), ('GOLGA8B', 13.993140682474328), ('ZNF793-AS1', 11.8347240105026), ('CCNG2', 1.6532348597724007)]",2236
FLI1,dbcorrdb__POLR2A__ENCSR000BGO_1__m1,0.06545617398409755,3.0066266806874697,2.1e-05,0.966814,motif similar to hocomoco__FLI1_MOUSE.H11MO.0.A ('FLI1_MOUSE'; q-value = 2.13e-05) which is annotated for orthologous gene ENSMUSG00000016087 in M. musculus (identity = 96%),"frozenset({'weight>90.0%', 'activating', 'hg38__refseq-r80__10kb_up_and_down_tss.mc9nr.genes_vs_motifs.rankings'})","[('DUS3L', 1.819312551904404), ('FLI1', 1.0), ('SKAP1', 3.441262794532844), ('GRK5', 3.622318241792247), ('LBH', 8.214186026152369), ('CWC22', 10.403342520486952), ('GDPD5', 8.854676093061274), ('NAPEPLD', 2.70614225577264), ('MFSD12', 8.136474062970233), ('AMIGO2', 26.83272503115605), ('CD28', 8.523189207447887), ('LINC01006', 30.42197653498063)]",813
FLI1,dbcorrdb__PML__ENCSR000BQM_1__m1,0.06735755366290581,3.1532548568162193,8e-06,0.966814,motif similar to hocomoco__FLI1_MOUSE.H11MO.0.A ('FLI1_MOUSE'; q-value = 7.88e-06) which is annotated for orthologous gene ENSMUSG00000016087 in M. musculus (identity = 96%),"frozenset({'weight>90.0%', 'activating', 'hg38__refseq-r80__10kb_up_and_down_tss.mc9nr.genes_vs_motifs.rankings'})","[('IKZF3', 1.657460271618325), ('CCNG2', 1.6532348597724007), ('LPIN1', 4.092173536564952), ('MAP3K14', 2.9803640344319717), ('CWC22', 10.403342520486952), ('FAM219A', 46.658197330771685), ('GRK5', 3.622318241792247), ('FLI1', 1.0)]",668
FLI1,dbcorrdb__POLR2AphosphoS5__ENCSR000BQC_1__m1,0.06943964298060908,3.3138187686927423,2e-06,1.0,motif similar to taipale_cyt_meth__FLI1_NACCGGAARTN_FL ('FLI1 [ETS]'; q-value = 1.5e-06) which is directly annotated,"frozenset({'weight>90.0%', 'activating', 'hg38__refseq-r80__10kb_up_and_down_tss.mc9nr.genes_vs_motifs.rankings'})","[('FAM120B', 2.510358489544529), ('CWC22', 10.403342520486952), ('FAM126B', 7.446819664624546), ('GGACT', 3.924714753854458), ('GOLGA8B', 13.993140682474328), ('GDPD5', 8.854676093061274), ('FLI1', 1.0), ('POU2F1', 7.566975673056265), ('ATP2C1', 9.945082360200267), ('IKZF3', 1.657460271618325)]",831
FLI1,taipale_tf_pairs__FLI1_ETV7_NSMGGACGGAYNTCCKSN_CAP,0.06728684119551212,3.1478017428279603,0.0,1.0,gene is directly annotated,"frozenset({'weight>90.0%', 'activating', 'hg38__refseq-r80__10kb_up_and_down_tss.mc9nr.genes_vs_motifs.rankings'})","[('FAM120B', 2.510358489544529), ('POU2F1', 7.566975673056265), ('ATP2C1', 9.945082360200267), ('GRK5', 3.622318241792247), ('CTDSPL2', 1.3889343831763636), ('STK39', 4.550569269321709), ('MAN2A2', 8.392560107076305), ('ZCCHC6', 5.140667092156583), ('SF3B3', 1.5413420481171591), ('C5orf24', 1.6342346793782896), ('SETD4', 5.418350432707834), ('BIRC2', 5.251793876678439), ('FLI1', 1.0), ('GDPD5', 8.854676093061274), ('FBXO9', 15.631911751119288), ('KANSL1-AS1', 7.084592878250366), ('C7orf31', 2.3546402728087648)]",2019
FOSB,dbcorrdb__JUN__ENCSR000EEK_1__m1,0.08961872230428361,4.156858586059417,7.6e-05,1.0,motif similar to taipale_cyt_meth__FOSB_NRTGACGTCAYN_eDBD ('FOSB [bZIP]'; q-value = 7.57e-05) which is directly annotated,"frozenset({'weight>90.0%', 'activating', 'hg38__refseq-r80__10kb_up_and_down_tss.mc9nr.genes_vs_motifs.rankings'})","[('HERC3', 11.05097248143759), ('ATXN7L3B', 2.054538907192688), ('MKLN1', 3.011335939418773), ('VCAN', 2.68853399590929), ('BFSP2', 2.371628839745868), ('FCER1A', 5.378944149132331)]",530
FOXP4,transfac_pro__M07717,0.10008753214070791,3.2261162392675513,0.000827,0.116009,motif similar to swissregulon__sacCer__FKH2 ('sacCer__FKH2'; q-value = 0.000827) which is annotated for orthologous gene YNL068C in S. cerevisiae (identity = 11%),"frozenset({'weight>90.0%', 'activating', 'hg38__refseq-r80__10kb_up_and_down_tss.mc9nr.genes_vs_motifs.rankings'})","[('CSNK1G2', 13.81514757970428), ('GNL3L', 15.14146026458898), ('U2SURP', 2.761585396498156), ('PTPN6', 1.3210023460445328), ('PKN1', 2.986030726351374), ('FOXP4', 1.0), ('VAMP4', 6.693504356448461), ('SIT1', 1.38273827553837)]",2663
KDM5B,dbcorrdb__YY1__ENCSR000BNT_1__m1,0.08961806288246466,3.3244737606028143,0.000321,1.0,"motif similar to dbcorrdb__KDM5B__ENCSR000AQA_1__m2 ('KDM5B (ENCSR000AQA-1, motif 2)'; q-value = 0.000321) which is directly annotated","frozenset({'weight>90.0%', 'activating', 'hg38__refseq-r80__10kb_up_and_down_tss.mc9nr.genes_vs_motifs.rankings'})","[('TFEB', 1.6747861694617754), ('IL13', 2.195063055737879), ('MAPRE2', 7.710860230360063), ('FAM126B', 2.2006531529137754), ('EGR2', 2.2817789336836767), ('NR4A1', 3.598420396719576)]",236
KLF2,transfac_pro__M05319,0.07261859778090755,3.086392154039544,0.000505,0.876056,gene is orthologous to ENSMUSG00000055148 in M. musculus (identity = 87%) which is annotated for similar motif transfac_pro__M05391 ('V$LKLF_01: LKLF'; q-value = 0.000505),"frozenset({'weight>90.0%', 'activating', 'hg38__refseq-r80__10kb_up_and_down_tss.mc9nr.genes_vs_motifs.rankings'})","[('SOCS3', 1.6363388921253668), ('ACTA2', 9.214596971147111), ('SBNO2', 35.119707323581736), ('KCNAB2', 1.3178318796829955), ('EGLN2', 3.69460378943545), ('KIF2A', 4.608089301244959), ('MBD5', 7.063094112197964), ('VCAN', 2.826485176310849), ('TINAGL1', 27.0122623849506)]",872
NFATC2,taipale_cyt_meth__NFATC1_NTTTCCGCGGAAAN_eDBD_meth,0.06898497812212592,3.5405752454157415,0.0,1.0,"gene is annotated for similar motif taipale_cyt_meth__NFATC2_NTTTCCGCGGAAAN_eDBD_meth ('NFATC2 [RHD_IPT, CpG-meth]'; q-value = 5.64e-13)","frozenset({'weight>90.0%', 'activating', 'hg38__refseq-r80__10kb_up_and_down_tss.mc9nr.genes_vs_motifs.rankings'})","[('KRTDAP', 5.678565634510012), ('STT3B', 2.892156554681052), ('FAM78A', 13.264506706541676), ('ANO9', 22.19641630530562), ('PRRC2B', 1.630353153912427), ('HOXB2', 1.6564401344957258), ('SH3BP5', 1.976500766947338), ('BIN1', 2.0131328369259798), ('PRKX', 2.073533154630026)]",650
NFATC2,taipale_cyt_meth__NFATC2_NTTTCCGCGGAAAN_eDBD_meth,0.07428722722332154,3.964771921351772,0.0,1.0,gene is directly annotated,"frozenset({'weight>90.0%', 'activating', 'hg38__refseq-r80__10kb_up_and_down_tss.mc9nr.genes_vs_motifs.rankings'})","[('ASB3', 16.116926475451972), ('VSTM2L', 4.1481036494983705), ('STT3B', 2.892156554681052), ('CDK13', 1.948574313788484), ('NFATC2', 1.0), ('SOCS3', 2.241923081555033)]",237
POU2F1,taipale_cyt_meth__POU3F2_NTATGCWAATKAN_eDBD,0.14649187592319055,3.2056845473693683,8.8e-05,1.0,motif similar to transfac_public__M00210 ('V$OCT_C: OCT-x'; q-value = 8.75e-05) which is directly annotated,"frozenset({'weight>90.0%', 'activating', 'hg38__refseq-r80__10kb_up_and_down_tss.mc9nr.genes_vs_motifs.rankings'})","[('FLI1', 1.6800477425849167), ('MAP3K14', 7.33215436317952), ('NAPEPLD', 7.244082280101755), ('MAP2K3', 3.3947657456855613), ('BOD1L1', 17.304391423241462), ('MICAL1', 3.01784230475854), ('PTPN6', 1.712047242568319), ('MAN2A2', 14.03314933789921), ('POU2F1', 1.0)]",2653
POU2F1,taipale_cyt_meth__POU3F4_NTATGCWAATKAN_eDBD,0.15406203840472674,3.433422819638262,2.4e-05,1.0,motif similar to transfac_public__M00210 ('V$OCT_C: OCT-x'; q-value = 2.39e-05) which is directly annotated,"frozenset({'weight>90.0%', 'activating', 'hg38__refseq-r80__10kb_up_and_down_tss.mc9nr.genes_vs_motifs.rankings'})","[('C1orf228', 2.794799260980582), ('POU2F1', 1.0), ('MICAL1', 3.01784230475854)]",47
POU2F1,cisbp__M6133,0.14254062038404727,3.086816278429019,1e-06,1.0,"motif similar to cisbp__M6423 ('POU2F1[gene ID: ""ENSG00000143190"" species: ""Homo sapiens"" TF status: ""direct"" TF family: ""Homeodomain,POU"" DBDs: ""Homeobox,Pou""]; pdm2[gene ID: ""FBgn0004394"" species: ""Drosophila melanogaster"" TF status: ""inferred"" TF family: ""Homeodomain,POU"" DBDs: ""Homeobox,Pou""]'; q-value = 1.04e-06) which is directly annotated","frozenset({'weight>90.0%', 'activating', 'hg38__refseq-r80__10kb_up_and_down_tss.mc9nr.genes_vs_motifs.rankings'})","[('FLI1', 1.6800477425849167), ('MAP2K3', 3.3947657456855613), ('NAPEPLD', 7.244082280101755)]",311
POU2F1,transfac_pro__M07850,0.15757016248153619,3.5389600677628708,0.0,0.274151,gene is orthologous to FBgn0085424 in D. melanogaster (identity = 27%) which is directly annotated for motif,"frozenset({'weight>90.0%', 'activating', 'hg38__refseq-r80__10kb_up_and_down_tss.mc9nr.genes_vs_motifs.rankings'})","[('MAP2K3', 3.3947657456855613), ('FLI1', 1.6800477425849167), ('BLOC1S5', 12.112380145660078), ('LYAR', 5.72898447771696)]",590
POU2F1,tfdimers__MD00258,0.1525480059084195,3.3878751651844827,0.0,1.0,gene is directly annotated,"frozenset({'weight>90.0%', 'activating', 'hg38__refseq-r80__10kb_up_and_down_tss.mc9nr.genes_vs_motifs.rankings'})","[('POU2F1', 1.0), ('FLI1', 1.6800477425849167), ('MICAL1', 3.01784230475854)]",118
RBBP5,dbcorrdb__CREB1__ENCSR000BRB_1__m1,0.09279694152402468,3.2417551895018737,0.000873,1.0,"gene is annotated for similar motif dbcorrdb__RBBP5__ENCSR000AQC_1__m5 ('RBBP5 (ENCSR000AQC-1, motif 5)'; q-value = 0.000873)","frozenset({'weight>90.0%', 'activating', 'hg38__refseq-r80__10kb_up_and_down_tss.mc9nr.genes_vs_motifs.rankings'})","[('FBRS', 2.426323141832648), ('SPARC', 2.81070340929382), ('NAPEPLD', 5.007627287324149), ('LINC00959', 8.609173356305229), ('SERPING1', 2.964296199662066), ('CPE', 18.84107238147913), ('IGFBP4', 4.569851874316309), ('SLC20A1', 1.6376185804780552), ('INPP4B', 1.292099200418798), ('TMEM214', 1.372775426157143), ('CCL2', 11.179604797579366), ('TRAF5', 2.055411370234168), ('PHF21A', 9.701278013775347)]",1408
RBBP5,predrem__nrMotif2527,0.09133069771483188,3.161239762868505,1.3e-05,1.0,"gene is annotated for similar motif dbcorrdb__RBBP5__ENCSR000AQC_1__m5 ('RBBP5 (ENCSR000AQC-1, motif 5)'; q-value = 1.3e-05)","frozenset({'weight>90.0%', 'activating', 'hg38__refseq-r80__10kb_up_and_down_tss.mc9nr.genes_vs_motifs.rankings'})","[('PHF21A', 9.701278013775347), ('CYBRD1', 3.766311045790733), ('COL1A1', 1.998876794049369), ('SOD3', 5.4358902529138495), ('TRAF5', 2.055411370234168), ('HECA', 9.128450043154066), ('OSBPL3', 7.830253765031477), ('ARHGEF2', 19.44921016165815), ('DTX3', 7.063055688448037), ('THY1', 9.269060391579725), ('AGPS', 1.4640838590895386), ('INPP4B', 1.292099200418798), ('DCN', 5.448868377855349), ('MGP', 2.7270483365738776), ('C1orf216', 2.5831233680189025), ('NAPEPLD', 5.007627287324149), ('IGFBP4', 4.569851874316309), ('FBRS', 2.426323141832648), ('KRBOX4', 10.671685350981813), ('SLC20A1', 1.6376185804780552), ('LINC00959', 8.609173356305229), ('SPARC', 2.81070340929382), ('CCL21', 6.3752557075324), ('SPRR1B', 1.377178625556361), ('PTN', 13.432283136504), ('CLK4', 2.528252442416156)]",4044
REL,transfac_pro__M01223,0.07806419847207001,3.5647628127594415,0.000307,1.0,motif similar to transfac_pro__M03545 ('V$CREL_Q6: c-Rel'; q-value = 0.000307) which is directly annotated,"frozenset({'weight>90.0%', 'activating', 'hg38__refseq-r80__10kb_up_and_down_tss.mc9nr.genes_vs_motifs.rankings'})","[('ATXN7', 4.4694569959968256), ('MLLT10', 4.71816450487802), ('ELK3', 2.581800379965798), ('DOK2', 3.4516505732558502), ('HID1', 2.7840658923308235), ('FAF2', 3.4254312341411555), ('CAMK2N1', 1.7660838661621805), ('DUSP2', 3.019131507312934), ('PPCDC', 3.3028332677486607), ('PRKD3', 3.8370956492509873), ('EPS15', 6.693096009447853), ('PLAC8', 6.579744558865197), ('CAMK2G', 4.434799000511764), ('NRBF2', 3.117560406069018)]",1291
RFX2,cisbp__M1526,0.08211999718646691,3.09575092250425,0.000387,1.0,gene is annotated for similar motif transfac_pro__M07305 ('V$RFX_Q6_01: RFX'; q-value = 0.000387),"frozenset({'weight>90.0%', 'activating', 'hg38__refseq-r80__10kb_up_and_down_tss.mc9nr.genes_vs_motifs.rankings'})","[('RFX2', 1.0), ('POU6F1', 6.421948556462631), ('KANK3', 7.339863213470711), ('SLC6A6', 1.3993207940904455), ('NCK2', 1.895635468971824), ('ZNFX1', 1.565437041718945), ('TMEM91', 9.91342423648599)]",734
RUNX3,jaspar__MA0242.1,0.07577548005908419,3.0997060259120657,0.000146,1.0,"motif similar to cisbp__M5791 ('ENSG00000250096[gene ID: ""ENSG00000250096"" species: ""Homo sapiens"" TF status: ""inferred"" TF family: ""Runt"" DBDs: ""Runt""]; RUNX3[gene ID: ""ENSG00000020633"" species: ""Homo sapiens"" TF status: ""direct"" TF family: ""Runt"" DBDs: ""Runt""]; Runx2[gene ID: ""ENSMUSG00000039153"" species: ""Mus musculus"" TF status: ""inferred"" TF family: ""Runt"" DBDs: ""Runt""]; Runx3[gene ID: ""ENSMUSG00000070691"" species: ""Mus musculus"" TF status: ""inferred"" TF family: ""Runt"" DBDs: ""Runt""]; RunxA[gene ID: ""FBgn0083981"" species: ""Drosophila melanogaster"" TF status: ""inferred"" TF family: ""Runt"" DBDs: ""Runt""]'; q-value = 0.000146) which is directly annotated","frozenset({'weight>90.0%', 'activating', 'hg38__refseq-r80__10kb_up_and_down_tss.mc9nr.genes_vs_motifs.rankings'})","[('SH2D3C', 2.160587289366744), ('MMD', 15.712248019993767), ('RHBDF2', 19.867407479499278), ('FMNL1', 4.538620323136347), ('FURIN', 1.401656371303436), ('SUSD3', 2.4991181069384174)]",340
RUNX3,transfac_pro__M07889,0.08043328409650419,3.410076002527772,0.0,0.305361,gene is orthologous to FBgn0002576 in D. melanogaster (identity = 30%) which is directly annotated for motif,"frozenset({'weight>90.0%', 'activating', 'hg38__refseq-r80__10kb_up_and_down_tss.mc9nr.genes_vs_motifs.rankings'})","[('INTS6', 1.6325166242274989), ('DYRK4', 4.889723554720037), ('CASK', 3.0511718484714705), ('RGS1', 2.5570359621896723), ('CD83', 9.59055891603402)]",300
SP2,hocomoco__KLF9_HUMAN.H11MO.0.C,0.10149139943774718,3.017250062306994,6e-06,1.0,gene is annotated for similar motif transfac_pro__M03807 ('V$SP2_Q3_01: SP2'; q-value = 6.39e-06),"frozenset({'weight>90.0%', 'activating', 'hg38__refseq-r80__10kb_up_and_down_tss.mc9nr.genes_vs_motifs.rankings'})","[('FBXW11', 8.274588756243316), ('SETD5', 4.551006136015698), ('NACC1', 7.538692132863962), ('DOK2', 3.099547534382172)]",555
SP2,transfac_pro__M01783,0.10642302377662362,3.2237165512249466,0.0,1.0,gene is directly annotated,"frozenset({'weight>90.0%', 'activating', 'hg38__refseq-r80__10kb_up_and_down_tss.mc9nr.genes_vs_motifs.rankings'})","[('SETD5', 4.551006136015698), ('NACC1', 7.538692132863962), ('ACVR2A', 7.153853855499942), ('FAM168A', 32.535734259391994), ('HPCAL1', 15.34213907251781), ('FBXW11', 8.274588756243316), ('KCTD10', 21.36016388528705), ('STMN3', 5.064729365816176), ('DNAJB1', 3.229163936749107), ('EGLN2', 1.404672545513613), ('PRIM2', 5.768880928936162)]",2963
SP2,taipale_cyt_meth__SP2_NYWAGYCCCGCCCMCYN_eDBD_meth,0.10568447133940058,3.1927964490198426,0.0,1.0,gene is directly annotated,"frozenset({'weight>90.0%', 'activating', 'hg38__refseq-r80__10kb_up_and_down_tss.mc9nr.genes_vs_motifs.rankings'})","[('USP8', 3.842436160705496), ('ACVR2A', 7.153853855499942), ('AKT1', 5.951847560922498), ('HPCAL1', 15.34213907251781)]",544
SP2,transfac_pro__M05332,0.10218230333063325,3.0461753192085426,0.0,1.0,gene is directly annotated,"frozenset({'weight>90.0%', 'activating', 'hg38__refseq-r80__10kb_up_and_down_tss.mc9nr.genes_vs_motifs.rankings'})","[('SETD5', 4.551006136015698), ('GABARAPL1', 9.271940699108733), ('ACVR2A', 7.153853855499942), ('SPON2', 42.56751342310461), ('APBB1IP', 2.9106584488822014), ('MED15', 6.712640804508995), ('GIMAP7', 3.006263330205014)]",1359
XRCC4,dbcorrdb__GABPA__ENCSR000BPY_1__m1,0.10113479168132049,4.4511073886025105,0.000953,1.0,"gene is annotated for similar motif dbcorrdb__XRCC4__ENCSR000FAC_1__m1 ('XRCC4 (ENCSR000FAC-1, motif 1)'; q-value = 0.000953)","frozenset({'weight>90.0%', 'activating', 'hg38__refseq-r80__10kb_up_and_down_tss.mc9nr.genes_vs_motifs.rankings'})","[('ETS1', 1.354981528378536), ('PVT1', 2.2192326359069927), ('SULF2', 2.500362338156665), ('EPC1', 2.49923231423963), ('RUNX2', 8.7706013061233), ('MBTPS1', 2.4838976892552798), ('WDTC1', 5.7688318855820615)]",528
XRCC4,dbcorrdb__POLR2A__ENCSR000BGO_1__m1,0.08464045391667253,3.4517377841623023,0.000909,1.0,"gene is annotated for similar motif dbcorrdb__XRCC4__ENCSR000FAC_1__m1 ('XRCC4 (ENCSR000FAC-1, motif 1)'; q-value = 0.000909)","frozenset({'weight>90.0%', 'activating', 'hg38__refseq-r80__10kb_up_and_down_tss.mc9nr.genes_vs_motifs.rankings'})","[('RUNX2', 8.7706013061233), ('SETD5', 1.3239703562479272), ('FAM78A', 1.3755599160843968), ('PVT1', 2.2192326359069927), ('WDTC1', 5.7688318855820615), ('GMDS', 2.3428782826402785), ('RAB3IP', 3.912530336219741), ('CAMK2N1', 6.821857093095124), ('SULF2', 2.500362338156665)]",991
XRCC4,dbcorrdb__POLR2AphosphoS5__ENCSR000BML_1__m1,0.0786968652552109,3.091623790238218,0.000686,1.0,"gene is annotated for similar motif dbcorrdb__XRCC4__ENCSR000FAC_1__m1 ('XRCC4 (ENCSR000FAC-1, motif 1)'; q-value = 0.000686)","frozenset({'weight>90.0%', 'activating', 'hg38__refseq-r80__10kb_up_and_down_tss.mc9nr.genes_vs_motifs.rankings'})","[('RUNX2', 8.7706013061233), ('REEP2', 7.245899495902504), ('FAM78A', 1.3755599160843968), ('EPC1', 2.49923231423963), ('PHRF1', 2.707782000820672), ('NACC1', 1.656221049921228), ('CAMK2N1', 6.821857093095124), ('SULF2', 2.500362338156665)]",849
XRCC4,dbcorrdb__POLR2A__ENCSR000EHP_1__m1,0.08104147616703009,3.233680592575135,0.000667,1.0,"gene is annotated for similar motif dbcorrdb__XRCC4__ENCSR000FAC_1__m1 ('XRCC4 (ENCSR000FAC-1, motif 1)'; q-value = 0.000667)","frozenset({'weight>90.0%', 'activating', 'hg38__refseq-r80__10kb_up_and_down_tss.mc9nr.genes_vs_motifs.rankings'})","[('RUNX2', 8.7706013061233), ('CLK4', 2.444603312626894), ('SULF2', 2.500362338156665), ('APOL3', 4.097632402953599), ('SETD5', 1.3239703562479272), ('PLA2G4C', 3.6774925060861943)]",475
XRCC4,dbcorrdb__POLR2A__ENCSR000DMK_1__m1,0.07880237274624276,3.098016346343379,0.000608,1.0,"gene is annotated for similar motif dbcorrdb__XRCC4__ENCSR000FAC_1__m1 ('XRCC4 (ENCSR000FAC-1, motif 1)'; q-value = 0.000608)","frozenset({'weight>90.0%', 'activating', 'hg38__refseq-r80__10kb_up_and_down_tss.mc9nr.genes_vs_motifs.rankings'})","[('RAB3IP', 3.912530336219741), ('FAM78A', 1.3755599160843968), ('SULF2', 2.500362338156665), ('CAMK2N1', 6.821857093095124), ('NACC1', 1.656221049921228), ('EPC1', 2.49923231423963), ('MBTPS1', 2.4838976892552798), ('TFEB', 7.212868838540827), ('SETD5', 1.3239703562479272)]",1138
XRCC4,dbcorrdb__POLR2A__ENCSR000EBK_1__m1,0.09111158003329348,3.8438145586121912,0.000608,1.0,"gene is annotated for similar motif dbcorrdb__XRCC4__ENCSR000FAC_1__m1 ('XRCC4 (ENCSR000FAC-1, motif 1)'; q-value = 0.000608)","frozenset({'weight>90.0%', 'activating', 'hg38__refseq-r80__10kb_up_and_down_tss.mc9nr.genes_vs_motifs.rankings'})","[('PHRF1', 2.707782000820672), ('XRCC4', 1.0), ('DZIP3', 1.3871620323333214), ('MAP3K11', 4.575960565572667), ('GTF2H2', 2.0793019496308154), ('NACC1', 1.656221049921228), ('EIF1AD', 2.345582565741165), ('PDPK1', 2.024853218338964), ('G2E3', 2.3721461103201182)]",584
XRCC4,dbcorrdb__GABPA__ENCSR000BHS_1__m1,0.09989214789805632,4.375817283363945,0.000503,1.0,"gene is annotated for similar motif dbcorrdb__XRCC4__ENCSR000FAC_1__m1 ('XRCC4 (ENCSR000FAC-1, motif 1)'; q-value = 0.000503)","frozenset({'weight>90.0%', 'activating', 'hg38__refseq-r80__10kb_up_and_down_tss.mc9nr.genes_vs_motifs.rankings'})","[('EIF1AD', 2.345582565741165), ('MBTPS1', 2.4838976892552798), ('REEP2', 7.245899495902504), ('KIAA0586', 10.76377510367696), ('ETS1', 1.354981528378536), ('TBP', 8.980324816475811), ('RUNX2', 8.7706013061233), ('PHTF1', 1.4917693150069131)]",397
XRCC4,dbcorrdb__POLR2A__ENCSR000EZL_1__m1,0.07975194016552953,3.1555493512898303,0.000463,1.0,"gene is annotated for similar motif dbcorrdb__XRCC4__ENCSR000FAC_1__m1 ('XRCC4 (ENCSR000FAC-1, motif 1)'; q-value = 0.000463)","frozenset({'weight>90.0%', 'activating', 'hg38__refseq-r80__10kb_up_and_down_tss.mc9nr.genes_vs_motifs.rankings'})","[('XRCC4', 1.0), ('EIF1AD', 2.345582565741165), ('PHRF1', 2.707782000820672), ('TBP', 8.980324816475811), ('IPO4', 2.783573290954656), ('MAP3K11', 4.575960565572667), ('GTF2H2', 2.0793019496308154), ('SULF2', 2.500362338156665), ('MBTPS1', 2.4838976892552798), ('G2E3', 2.3721461103201182), ('PSME4', 9.195396644665722), ('PVT1', 2.2192326359069927), ('SETD5', 1.3239703562479272), ('BORA', 2.7226746700077444), ('PDPK1', 2.024853218338964), ('FAM78A', 1.3755599160843968), ('MMP25-AS1', 4.986063122676652), ('PHTF1', 1.4917693150069131), ('CAMK2N1', 6.821857093095124), ('SF3A2', 2.0639088789737388), ('TFEB', 7.212868838540827), ('MADD', 2.063656073990747), ('ETS1', 1.354981528378536), ('PTPN22', 1.7118022696108144), ('WDTC1', 5.7688318855820615)]",4988
XRCC4,dbcorrdb__ELK1__ENCSR000ECI_1__m1,0.08234273522308973,3.3125221178721236,0.000463,1.0,"gene is annotated for similar motif dbcorrdb__XRCC4__ENCSR000FAC_1__m1 ('XRCC4 (ENCSR000FAC-1, motif 1)'; q-value = 0.000463)","frozenset({'weight>90.0%', 'activating', 'hg38__refseq-r80__10kb_up_and_down_tss.mc9nr.genes_vs_motifs.rankings'})","[('DZIP3', 1.3871620323333214), ('MBTPS1', 2.4838976892552798), ('TFEB', 7.212868838540827), ('PVT1', 2.2192326359069927), ('PHRF1', 2.707782000820672), ('SULF2', 2.500362338156665), ('CLK4', 2.444603312626894), ('ETS1', 1.354981528378536), ('RUNX2', 8.7706013061233), ('FAM78A', 1.3755599160843968), ('GTF2H2', 2.0793019496308154), ('CAMK2N1', 6.821857093095124), ('DOT1L', 11.431884675937118), ('PDPK1', 2.024853218338964), ('EPC1', 2.49923231423963), ('XRCC4', 1.0), ('PDK1', 7.294403460057768)]",3654
XRCC4,dbcorrdb__BCLAF1__ENCSR000BJZ_1__m1,0.08197932053175776,3.2905033135099013,0.000463,1.0,"gene is annotated for similar motif dbcorrdb__XRCC4__ENCSR000FAC_1__m1 ('XRCC4 (ENCSR000FAC-1, motif 1)'; q-value = 0.000463)","frozenset({'weight>90.0%', 'activating', 'hg38__refseq-r80__10kb_up_and_down_tss.mc9nr.genes_vs_motifs.rankings'})","[('FAM78A', 1.3755599160843968), ('LINS1', 1.6096070549092394), ('RAB3IP', 3.912530336219741), ('SULF2', 2.500362338156665), ('GTF2H2', 2.0793019496308154), ('REEP2', 7.245899495902504), ('EPC1', 2.49923231423963), ('RUNX2', 8.7706013061233), ('SF3A2', 2.0639088789737388)]",882
XRCC4,dbcorrdb__POLR2A__ENCSR000EAM_1__m1,0.07908372605566107,3.1150631626238097,0.000419,1.0,"gene is annotated for similar motif dbcorrdb__XRCC4__ENCSR000FAC_1__m1 ('XRCC4 (ENCSR000FAC-1, motif 1)'; q-value = 0.000419)","frozenset({'weight>90.0%', 'activating', 'hg38__refseq-r80__10kb_up_and_down_tss.mc9nr.genes_vs_motifs.rankings'})","[('XRCC4', 1.0), ('FAM78A', 1.3755599160843968), ('GTF2H2', 2.0793019496308154), ('PHRF1', 2.707782000820672), ('CAMK2N1', 6.821857093095124), ('ETS1', 1.354981528378536), ('EIF1AD', 2.345582565741165), ('G2E3', 2.3721461103201182), ('MAP3K11', 4.575960565572667), ('TATDN2', 5.414355007598392), ('PTPN22', 1.7118022696108144), ('MBTPS1', 2.4838976892552798), ('SULF2', 2.500362338156665), ('DZIP3', 1.3871620323333214)]",2108
XRCC4,dbcorrdb__HCFC1__ENCSR000ECH_1__m3,0.09666830789430494,4.180489180150683,0.000419,1.0,"gene is annotated for similar motif dbcorrdb__XRCC4__ENCSR000FAC_1__m1 ('XRCC4 (ENCSR000FAC-1, motif 1)'; q-value = 0.000419)","frozenset({'weight>90.0%', 'activating', 'hg38__refseq-r80__10kb_up_and_down_tss.mc9nr.genes_vs_motifs.rankings'})","[('RAB3IP', 3.912530336219741), ('NACC1', 1.656221049921228), ('TFEB', 7.212868838540827), ('APOL3', 4.097632402953599), ('SETD5', 1.3239703562479272), ('PHRF1', 2.707782000820672), ('SULF2', 2.500362338156665), ('TBP', 8.980324816475811), ('PVT1', 2.2192326359069927), ('REEP2', 7.245899495902504), ('MADD', 2.063656073990747), ('FAM78A', 1.3755599160843968), ('DDX11', 5.473036210171506)]",1340
XRCC4,dbcorrdb__GABPA__ENCSR000BGC_1__m1,0.08607066657288223,3.5383924335878207,0.000374,1.0,"gene is annotated for similar motif dbcorrdb__XRCC4__ENCSR000FAC_1__m1 ('XRCC4 (ENCSR000FAC-1, motif 1)'; q-value = 0.000374)","frozenset({'weight>90.0%', 'activating', 'hg38__refseq-r80__10kb_up_and_down_tss.mc9nr.genes_vs_motifs.rankings'})","[('XRCC4', 1.0), ('PHRF1', 2.707782000820672), ('MAP3K11', 4.575960565572667), ('G2E3', 2.3721461103201182), ('EIF1AD', 2.345582565741165), ('TBP', 8.980324816475811)]",564
XRCC4,dbcorrdb__GABPA__ENCSR000BIW_1__m1,0.11024360507373801,5.002998065681431,0.00036,1.0,"gene is annotated for similar motif dbcorrdb__XRCC4__ENCSR000FAC_1__m1 ('XRCC4 (ENCSR000FAC-1, motif 1)'; q-value = 0.00036)","frozenset({'weight>90.0%', 'activating', 'hg38__refseq-r80__10kb_up_and_down_tss.mc9nr.genes_vs_motifs.rankings'})","[('XRCC4', 1.0), ('PHRF1', 2.707782000820672), ('EIF1AD', 2.345582565741165), ('KIAA0586', 10.76377510367696), ('PDPK1', 2.024853218338964), ('GTF2H2', 2.0793019496308154), ('TFEB', 7.212868838540827), ('DZIP3', 1.3871620323333214), ('SULF2', 2.500362338156665), ('SETD5', 1.3239703562479272), ('NACC1', 1.656221049921228), ('G2E3', 2.3721461103201182)]",1433
XRCC4,dbcorrdb__ELK1__ENCSR000DZB_1__m1,0.09630489320297296,4.158470375788462,0.000332,1.0,"gene is annotated for similar motif dbcorrdb__XRCC4__ENCSR000FAC_1__m1 ('XRCC4 (ENCSR000FAC-1, motif 1)'; q-value = 0.000332)","frozenset({'weight>90.0%', 'activating', 'hg38__refseq-r80__10kb_up_and_down_tss.mc9nr.genes_vs_motifs.rankings'})","[('EPC1', 2.49923231423963), ('FAM78A', 1.3755599160843968), ('RUNX2', 8.7706013061233), ('DZIP3', 1.3871620323333214)]",252
XRCC4,dbcorrdb__SIN3A__ENCSR000BLR_1__m2,0.08367916344282667,3.393494495204166,0.000293,1.0,"gene is annotated for similar motif dbcorrdb__XRCC4__ENCSR000FAC_1__m1 ('XRCC4 (ENCSR000FAC-1, motif 1)'; q-value = 0.000293)","frozenset({'weight>90.0%', 'activating', 'hg38__refseq-r80__10kb_up_and_down_tss.mc9nr.genes_vs_motifs.rankings'})","[('XRCC4', 1.0), ('IPO4', 2.783573290954656), ('FAM78A', 1.3755599160843968), ('MAP3K11', 4.575960565572667), ('RUNX2', 8.7706013061233), ('PHRF1', 2.707782000820672), ('EIF1AD', 2.345582565741165), ('SETD5', 1.3239703562479272), ('PHTF1', 1.4917693150069131), ('G2E3', 2.3721461103201182), ('TBP', 8.980324816475811), ('PVT1', 2.2192326359069927), ('SULF2', 2.500362338156665), ('CAMK2N1', 6.821857093095124), ('GTF2H2', 2.0793019496308154)]",2016
XRCC4,dbcorrdb__POLR2A__ENCSR000EAY_1__m1,0.09200253217978477,3.8977961435002197,0.000293,1.0,"gene is annotated for similar motif dbcorrdb__XRCC4__ENCSR000FAC_1__m1 ('XRCC4 (ENCSR000FAC-1, motif 1)'; q-value = 0.000293)","frozenset({'weight>90.0%', 'activating', 'hg38__refseq-r80__10kb_up_and_down_tss.mc9nr.genes_vs_motifs.rankings'})","[('MBTPS1', 2.4838976892552798), ('SELL', 5.460897137875518), ('KIAA0586', 10.76377510367696), ('RUNX2', 8.7706013061233), ('TBP', 8.980324816475811), ('EPC1', 2.49923231423963), ('ETS1', 1.354981528378536), ('PHRF1', 2.707782000820672), ('SF3A2', 2.0639088789737388), ('APOL3', 4.097632402953599)]",1325
XRCC4,dbcorrdb__POLR2A__ENCSR000EBC_1__m1,0.07965815572905677,3.1498670791963543,0.000283,1.0,"gene is annotated for similar motif dbcorrdb__XRCC4__ENCSR000FAC_1__m1 ('XRCC4 (ENCSR000FAC-1, motif 1)'; q-value = 0.000283)","frozenset({'weight>90.0%', 'activating', 'hg38__refseq-r80__10kb_up_and_down_tss.mc9nr.genes_vs_motifs.rankings'})","[('CLK4', 2.444603312626894), ('GTF2H2', 2.0793019496308154), ('TFEB', 7.212868838540827), ('RUNX2', 8.7706013061233), ('G2E3', 2.3721461103201182), ('PHRF1', 2.707782000820672), ('EIF1AD', 2.345582565741165), ('SETD5', 1.3239703562479272), ('TCEANC2', 6.284380388845327), ('ETS1', 1.354981528378536), ('KIAA0586', 10.76377510367696), ('XRCC4', 1.0), ('RAB3IP', 3.912530336219741), ('APOL3', 4.097632402953599), ('FAM78A', 1.3755599160843968), ('EPC1', 2.49923231423963), ('SULF2', 2.500362338156665), ('SLC17A5', 3.285417184289128), ('GCSAM', 5.135477214024761), ('TBP', 8.980324816475811), ('WDTC1', 5.7688318855820615), ('CAMK2N1', 6.821857093095124), ('MBTPS1', 2.4838976892552798)]",4711
XRCC4,dbcorrdb__TAF1__ENCSR000BGS_1__m2,0.07836861972755621,3.0717358379110498,0.000273,1.0,"gene is annotated for similar motif dbcorrdb__XRCC4__ENCSR000FAC_1__m1 ('XRCC4 (ENCSR000FAC-1, motif 1)'; q-value = 0.000273)","frozenset({'weight>90.0%', 'activating', 'hg38__refseq-r80__10kb_up_and_down_tss.mc9nr.genes_vs_motifs.rankings'})","[('SELL', 5.460897137875518), ('GTF2H2', 2.0793019496308154), ('PVT1', 2.2192326359069927), ('CLK4', 2.444603312626894), ('MBTPS1', 2.4838976892552798), ('SULF2', 2.500362338156665), ('RAB3IP', 3.912530336219741), ('SETD5', 1.3239703562479272), ('G2E3', 2.3721461103201182)]",1089
XRCC4,dbcorrdb__SIN3A__ENCSR000BGL_1__m1,0.08303439544207639,3.354428874561514,0.000236,1.0,"gene is annotated for similar motif dbcorrdb__XRCC4__ENCSR000FAC_1__m1 ('XRCC4 (ENCSR000FAC-1, motif 1)'; q-value = 0.000236)","frozenset({'weight>90.0%', 'activating', 'hg38__refseq-r80__10kb_up_and_down_tss.mc9nr.genes_vs_motifs.rankings'})","[('G2E3', 2.3721461103201182), ('NACC1', 1.656221049921228), ('ETS1', 1.354981528378536), ('CLK4', 2.444603312626894), ('SETD5', 1.3239703562479272), ('FAM78A', 1.3755599160843968), ('SULF2', 2.500362338156665), ('GTF2H2', 2.0793019496308154), ('EPC1', 2.49923231423963), ('RAB3IP', 3.912530336219741), ('MBTPS1', 2.4838976892552798), ('PHRF1', 2.707782000820672), ('PVT1', 2.2192326359069927), ('BORA', 2.7226746700077444), ('WDTC1', 5.7688318855820615), ('GMDS', 2.3428782826402785), ('TBP', 8.980324816475811), ('RUNX2', 8.7706013061233), ('SELL', 5.460897137875518), ('APOL3', 4.097632402953599)]",4339
XRCC4,dbcorrdb__ELF1__ENCSR000BPT_1__m2,0.08802841668425125,3.6570098635391464,0.000189,1.0,"gene is annotated for similar motif dbcorrdb__XRCC4__ENCSR000FAC_1__m1 ('XRCC4 (ENCSR000FAC-1, motif 1)'; q-value = 0.000189)","frozenset({'weight>90.0%', 'activating', 'hg38__refseq-r80__10kb_up_and_down_tss.mc9nr.genes_vs_motifs.rankings'})","[('REEP2', 7.245899495902504), ('SETD5', 1.3239703562479272), ('EPC1', 2.49923231423963), ('RUNX2', 8.7706013061233), ('FAM78A', 1.3755599160843968), ('PHRF1', 2.707782000820672), ('SULF2', 2.500362338156665)]",566
XRCC4,dbcorrdb__POLR2A__ENCSR000EBG_1__m1,0.09078333450563879,3.8239266062850237,0.00012,1.0,"gene is annotated for similar motif dbcorrdb__XRCC4__ENCSR000FAC_1__m1 ('XRCC4 (ENCSR000FAC-1, motif 1)'; q-value = 0.00012)","frozenset({'weight>90.0%', 'activating', 'hg38__refseq-r80__10kb_up_and_down_tss.mc9nr.genes_vs_motifs.rankings'})","[('TBP', 8.980324816475811), ('MAP3K11', 4.575960565572667), ('IPO4', 2.783573290954656), ('TATDN2', 5.414355007598392), ('PHRF1', 2.707782000820672), ('XRCC4', 1.0), ('ETS1', 1.354981528378536), ('GTF2H2', 2.0793019496308154), ('MBTPS1', 2.4838976892552798), ('G2E3', 2.3721461103201182), ('EIF1AD', 2.345582565741165), ('MADD', 2.063656073990747), ('SULF2', 2.500362338156665), ('SETD5', 1.3239703562479272), ('CAMK2N1', 6.821857093095124), ('ALDH1B1', 2.5806402291335733), ('WDTC1', 5.7688318855820615), ('PVT1', 2.2192326359069927), ('FAM78A', 1.3755599160843968), ('MMP25-AS1', 4.986063122676652), ('RAB3IP', 3.912530336219741), ('RUNX2', 8.7706013061233)]",3386
XRCC4,dbcorrdb__GABPA__ENCSR000BJK_1__m1,0.07763006729033317,3.026987945174921,7.9e-05,1.0,"gene is annotated for similar motif dbcorrdb__XRCC4__ENCSR000FAC_1__m1 ('XRCC4 (ENCSR000FAC-1, motif 1)'; q-value = 7.93e-05)","frozenset({'weight>90.0%', 'activating', 'hg38__refseq-r80__10kb_up_and_down_tss.mc9nr.genes_vs_motifs.rankings'})","[('ETS1', 1.354981528378536), ('SULF2', 2.500362338156665), ('RAB3IP', 3.912530336219741), ('MADD', 2.063656073990747), ('GTF2H2', 2.0793019496308154), ('EPC1', 2.49923231423963), ('PDK1', 7.294403460057768), ('SETD5', 1.3239703562479272), ('WDTC1', 5.7688318855820615)]",867
XRCC4,dbcorrdb__PHF8__ENCSR000AQH_1__m1,0.07977538627464772,3.1569699193132,7.9e-05,1.0,"gene is annotated for similar motif dbcorrdb__XRCC4__ENCSR000FAC_1__m1 ('XRCC4 (ENCSR000FAC-1, motif 1)'; q-value = 7.93e-05)","frozenset({'weight>90.0%', 'activating', 'hg38__refseq-r80__10kb_up_and_down_tss.mc9nr.genes_vs_motifs.rankings'})","[('MAP3K11', 4.575960565572667), ('PHRF1', 2.707782000820672), ('EIF1AD', 2.345582565741165), ('XRCC4', 1.0), ('BORA', 2.7226746700077444), ('GTF2H2', 2.0793019496308154), ('G2E3', 2.3721461103201182), ('MBTPS1', 2.4838976892552798), ('SF3A2', 2.0639088789737388), ('TATDN2', 5.414355007598392), ('SULF2', 2.500362338156665), ('ETS1', 1.354981528378536), ('PSME4', 9.195396644665722), ('PDPK1', 2.024853218338964), ('IPO4', 2.783573290954656), ('PVT1', 2.2192326359069927), ('MMP25-AS1', 4.986063122676652), ('SETD5', 1.3239703562479272), ('RUNX2', 8.7706013061233), ('TFEB', 7.212868838540827)]",2878
ZBTB49,c2h2_zfs__M5103,0.09483882179164133,3.553272930479227,0.0,1.0,gene is directly annotated,"frozenset({'weight>90.0%', 'activating', 'hg38__refseq-r80__10kb_up_and_down_tss.mc9nr.genes_vs_motifs.rankings'})","[('FBXL20', 9.121985323206776), ('VEZT', 5.566926086270945), ('PTGDR2', 3.636565606076503), ('DGKZ', 3.2047215227329424)]",557
ZNF195,transfac_pro__M06067,0.0999955239246229,3.5812886362145853,0.0,1.0,gene is directly annotated,"frozenset({'weight>90.0%', 'activating', 'hg38__refseq-r80__10kb_up_and_down_tss.mc9nr.genes_vs_motifs.rankings'})","[('DENND2D', 3.187344206238788), ('PHF3', 6.523955188023328), ('AKAP7', 5.9873182296298575), ('MIR181A1HG', 4.688967563903316)]",425
ZNF740,hocomoco__TBX15_HUMAN.H11MO.0.D,0.1150536253291375,3.352445896851838,4e-06,1.0,gene is annotated for similar motif hocomoco__ZN740_HUMAN.H11MO.0.D ('ZN740_HUMAN'; q-value = 3.8e-06),"frozenset({'weight>90.0%', 'activating', 'hg38__refseq-r80__10kb_up_and_down_tss.mc9nr.genes_vs_motifs.rankings'})","[('CSNK1G2', 13.716741886593194), ('GNL3L', 11.52448340297459), ('U2SURP', 2.8456317159971345), ('PTPN6', 1.7582739535480063), ('PKN1', 3.796536744461824)]",924
CXXC1,transfac_pro__M07482,0.1329104758594723,3.1675062191785592,0.0,1.0,gene is directly annotated,"frozenset({'activating', 'hg38__refseq-r80__10kb_up_and_down_tss.mc9nr.genes_vs_motifs.rankings', 'top50'})","[('FYN', 2.101894592725492), ('TRIB2', 1.7237777701596784), ('INO80D', 3.6418694180550166), ('MESDC1', 1.8412863120925167), ('SP3', 1.5352650466106716), ('TRERF1', 2.3240077442019307), ('MAP4K4', 1.8968050189391863), ('DUSP4', 1.7960878024291462), ('MLLT3', 4.6081261188384826), ('ZNF821', 8.285766613927795), ('PRR5L', 3.863372818420136), ('SNX25', 1.825525709061169), ('TRAF5', 1.5816471362438764), ('ARID1A', 3.733297182490343), ('SH2D3C', 1.4752002907630526), ('DUSP16', 9.16947314779127), ('PIAS3', 1.4572817504290154), ('IGFBP3', 4.817850996531081)]",2517
ELF1,taipale_cyt_meth__ETV3_NNAGGAANNNNNNNTTCCTNN_eDBD_meth,0.08613933017815693,3.123458209673212,0.000921,1.0,"gene is annotated for similar motif cisbp__M6203 ('ELF1[gene ID: ""ENSG00000120690"" species: ""Homo sapiens"" TF status: ""direct"" TF family: ""Ets"" DBDs: ""Ets""]; Elf1[gene ID: ""ENSMUSG00000036461"" species: ""Mus musculus"" TF status: ""inferred"" TF family: ""Ets"" DBDs: ""Ets""]'; q-value = 0.000921)","frozenset({'activating', 'hg38__refseq-r80__10kb_up_and_down_tss.mc9nr.genes_vs_motifs.rankings', 'top50'})","[('CCDC122', 19.578169340233543), ('PTGES2', 6.77592008843474), ('PLXNA1', 23.486053545623093), ('GOLGA8A', 12.547389886305108), ('ZFP36', 8.555023990514247)]",423
ELF1,hocomoco__FEV_HUMAN.H11MO.0.B,0.08579266270762367,3.1049086751825654,0.000744,1.0,"gene is annotated for similar motif cisbp__M6203 ('ELF1[gene ID: ""ENSG00000120690"" species: ""Homo sapiens"" TF status: ""direct"" TF family: ""Ets"" DBDs: ""Ets""]; Elf1[gene ID: ""ENSMUSG00000036461"" species: ""Mus musculus"" TF status: ""inferred"" TF family: ""Ets"" DBDs: ""Ets""]'; q-value = 0.000744)","frozenset({'activating', 'hg38__refseq-r80__10kb_up_and_down_tss.mc9nr.genes_vs_motifs.rankings', 'top50'})","[('TBC1D23', 7.939686147352721), ('ELF1', 1.0), ('GOLGA8A', 12.547389886305108), ('COL1A1', 10.206535797398416), ('PTPRE', 10.362488364774435), ('ZNF800', 11.859176534979946), ('MAPKAPK2', 10.216454486650422)]",852
ELF1,cisbp__M0714,0.09197238718234708,3.435574290015836,0.000533,1.0,motif similar to homer__AACCGGAAGT_ELF1 ('ELF1(ETS)/Jurkat-ELF1-ChIP-Seq(SRA014231)/Homer'; q-value = 0.000533) which is directly annotated,"frozenset({'activating', 'hg38__refseq-r80__10kb_up_and_down_tss.mc9nr.genes_vs_motifs.rankings', 'top50'})","[('ACKR4', 24.367576706135512), ('SCAF1', 6.521647841298079), ('PTPRE', 10.362488364774435), ('COL1A1', 10.206535797398416), ('GOLGA8A', 12.547389886305108), ('C1RL-AS1', 7.15417279086269), ('PTGES2', 6.77592008843474), ('GPC3', 29.423307261305744), ('CCDC122', 19.578169340233543), ('BGN', 36.33053933496579), ('ELF1', 1.0), ('PLXNA1', 23.486053545623093)]",2488
ELF1,transfac_pro__M03579,0.09031441232327496,3.346859125060569,0.000528,1.0,"gene is annotated for similar motif taipale_cyt_meth__ELF1_NACCMGGAAGTN_eDBD_meth ('ELF1 [ETS, CpG-meth]'; q-value = 0.000528)","frozenset({'activating', 'hg38__refseq-r80__10kb_up_and_down_tss.mc9nr.genes_vs_motifs.rankings', 'top50'})","[('GPC3', 29.423307261305744), ('COL1A1', 10.206535797398416), ('PLXNA1', 23.486053545623093), ('FNTB', 8.480713899251962), ('BGN', 36.33053933496579), ('ZFP36', 8.555023990514247)]",502
ELF1,taipale_cyt_meth__ETV3_NNAGGAANNNNNNNTTCCTNN_eDBD_repr,0.10030747897386429,3.8815696192909557,0.000488,1.0,gene is annotated for similar motif factorbook__ELF1 ('ELF1'; q-value = 0.000488),"frozenset({'activating', 'hg38__refseq-r80__10kb_up_and_down_tss.mc9nr.genes_vs_motifs.rankings', 'top50'})","[('PTPRE', 10.362488364774435), ('TNXB', 22.519439999366377), ('BGN', 36.33053933496579), ('MIR646HG', 14.553872206786243), ('PIAS3', 8.223384579706007)]",527
ELF1,cisbp__M0689,0.09182166219515871,3.4275092750199025,0.000339,1.0,motif similar to homer__AACCGGAAGT_ELF1 ('ELF1(ETS)/Jurkat-ELF1-ChIP-Seq(SRA014231)/Homer'; q-value = 0.000339) which is directly annotated,"frozenset({'activating', 'hg38__refseq-r80__10kb_up_and_down_tss.mc9nr.genes_vs_motifs.rankings', 'top50'})","[('TNXB', 22.519439999366377), ('COL1A1', 10.206535797398416), ('TRERF1', 9.579857120567487), ('MAPKAPK2', 10.216454486650422)]",195
ELF1,cisbp__M0705,0.09931269405842101,3.8283405203177954,0.000141,1.0,motif similar to homer__AACCGGAAGT_ELF1 ('ELF1(ETS)/Jurkat-ELF1-ChIP-Seq(SRA014231)/Homer'; q-value = 0.000141) which is directly annotated,"frozenset({'activating', 'hg38__refseq-r80__10kb_up_and_down_tss.mc9nr.genes_vs_motifs.rankings', 'top50'})","[('BGN', 36.33053933496579), ('TNXB', 22.519439999366377), ('PTPRE', 10.362488364774435), ('GOLGA8A', 12.547389886305108), ('PLXNA1', 23.486053545623093)]",490
ELF1,transfac_pro__M08824,0.08389352786905013,3.003289486233804,5.2e-05,1.0,"motif similar to taipale_cyt_meth__ELF1_NACCMGGAAGTN_eDBD_meth ('ELF1 [ETS, CpG-meth]'; q-value = 5.18e-05) which is directly annotated","frozenset({'activating', 'hg38__refseq-r80__10kb_up_and_down_tss.mc9nr.genes_vs_motifs.rankings', 'top50'})","[('ZNF800', 11.859176534979946), ('SLC17A5', 7.297851303146687), ('TRERF1', 9.579857120567487), ('DDX60L', 9.923153428372618), ('PTPRE', 10.362488364774435), ('ELF1', 1.0)]",533
ELF1,cisbp__M0708,0.08458686281011667,3.040388555215098,3.2e-05,1.0,motif similar to taipale_cyt_meth__ELF1_NACCCGGAAGTN_FL ('ELF1 [ETS]'; q-value = 3.24e-05) which is directly annotated,"frozenset({'activating', 'hg38__refseq-r80__10kb_up_and_down_tss.mc9nr.genes_vs_motifs.rankings', 'top50'})","[('BGN', 36.33053933496579), ('TRERF1', 9.579857120567487), ('C1RL-AS1', 7.15417279086269), ('MAPKAPK2', 10.216454486650422), ('MIR646HG', 14.553872206786243), ('TBC1D23', 7.939686147352721), ('ELF1', 1.0)]",842
ELF1,homer__NRYTTCCGGH_Fli1,0.09029933982455611,3.346052623560975,3.1e-05,1.0,motif similar to factorbook__ELF1 ('ELF1'; q-value = 3.06e-05) which is directly annotated,"frozenset({'activating', 'hg38__refseq-r80__10kb_up_and_down_tss.mc9nr.genes_vs_motifs.rankings', 'top50'})","[('C3', 20.287545306040062), ('BGN', 36.33053933496579), ('ZFP36', 8.555023990514247), ('COL1A1', 10.206535797398416), ('TNXB', 22.519439999366377), ('GOLGA8A', 12.547389886305108), ('COMP', 19.514468951269187), ('DDX60L', 9.923153428372618), ('PTPRE', 10.362488364774435), ('PLXDC1', 10.296250032675406), ('PLXNA1', 23.486053545623093)]",2218
ELF1,cisbp__M0706,0.08549121273324692,3.0887786451906982,3e-06,1.0,motif similar to taipale_cyt_meth__ELF1_NACCCGGAAGTN_FL ('ELF1 [ETS]'; q-value = 2.8e-06) which is directly annotated,"frozenset({'activating', 'hg38__refseq-r80__10kb_up_and_down_tss.mc9nr.genes_vs_motifs.rankings', 'top50'})","[('TRERF1', 9.579857120567487), ('PTPRE', 10.362488364774435), ('TNXB', 22.519439999366377), ('ZFP36', 8.555023990514247), ('TMEM87B', 7.82403080179588)]",260
ELK3,hocomoco__ETS1_HUMAN.H11MO.0.A,0.09756428420703585,3.027045669550573,5.3e-05,1.0,"gene is annotated for similar motif taipale_cyt_meth__ELK3_NACCGGAAGTN_eDBD_meth ('ELK3 [ETS, CpG-meth]'; q-value = 5.27e-05)","frozenset({'activating', 'hg38__refseq-r80__10kb_up_and_down_tss.mc9nr.genes_vs_motifs.rankings', 'top50'})","[('TBC1D23', 4.28361442114663), ('DHX40', 5.834243848159715), ('ACVR1', 10.393707976051475), ('LINC00936', 8.087066492341211), ('MLLT10', 15.815390377591466), ('CASK', 3.3947211426356163), ('DCAF12', 3.5138051960507406), ('CDKN1B', 6.24436168107685)]",771
EOMES,transfac_pro__M07901,0.09908911866075824,3.40526339474266,0.000112,1.0,motif similar to taipale_cyt_meth__EOMES_NAGGTGTGAN_eDBD_repr ('EOMES [T_box]'; q-value = 0.000112) which is directly annotated,"frozenset({'activating', 'hg38__refseq-r80__10kb_up_and_down_tss.mc9nr.genes_vs_motifs.rankings', 'top50'})","[('CASK', 10.722297202026908), ('NAB1', 4.158660728293272), ('ELK3', 6.209053972624799), ('INPP4B', 1.8790379954014904), ('ATXN7', 1.054277407453509), ('FYN', 5.238096262158595), ('EOMES', 1.0), ('PECAM1', 0.3223180287981456), ('TSC22D3', 0.6647401969626897), ('ASCC3', 6.682988392119836), ('PLAC8', 5.125666376206572)]",1981
EOMES,taipale__TBX4_DBD_AGGTGTNANWWNTNACACCT,0.12901807695013012,4.917679463750405,0.000106,1.0,motif similar to swissregulon__hs__EOMES.p2 ('hs__EOMES.p2'; q-value = 0.000106) which is directly annotated,"frozenset({'activating', 'hg38__refseq-r80__10kb_up_and_down_tss.mc9nr.genes_vs_motifs.rankings', 'top50'})","[('ATXN7', 1.054277407453509), ('XCL1', 2.251624194403523), ('XCL2', 3.169153083190684), ('ELK3', 6.209053972624799), ('GZMB', 1.339018082962277), ('GPR82', 8.665611357938824), ('FYN', 5.238096262158595), ('FCER1G', 1.0991092776121425), ('ASCC3', 6.682988392119836), ('PLAC8', 5.125666376206572), ('TSC22D3', 0.6647401969626897)]",1817
EOMES,taipale__TBX5_DBD_AGGTGTNANWWNTNACACCT,0.10923542238165576,3.917991991580186,7.1e-05,1.0,motif similar to swissregulon__hs__EOMES.p2 ('hs__EOMES.p2'; q-value = 7.05e-05) which is directly annotated,"frozenset({'activating', 'hg38__refseq-r80__10kb_up_and_down_tss.mc9nr.genes_vs_motifs.rankings', 'top50'})","[('TSC22D3', 0.6647401969626897), ('XCL1', 2.251624194403523), ('FGR', 18.983004761164384), ('ELK3', 6.209053972624799), ('FCER1G', 1.0991092776121425), ('PLAC8', 5.125666376206572), ('GZMB', 1.339018082962277), ('XCL2', 3.169153083190684), ('KIF2A', 7.382371463632587), ('ATXN7', 1.054277407453509), ('NKG7', 2.610070535265155), ('KCNAB2', 2.8126327825005064), ('INPP4B', 1.8790379954014904), ('TYROBP', 1.0151327817784217), ('NAB1', 4.158660728293272), ('ASCC3', 6.682988392119836)]",3519
EOMES,taipale_cyt_meth__TBX3_NAGGTGTGAN_eDBD,0.09975733277062672,3.4390306160248545,5.6e-05,1.0,gene is annotated for similar motif taipale_cyt_meth__EOMES_NAGGTGTGAN_eDBD_repr ('EOMES [T_box]'; q-value = 5.58e-05),"frozenset({'activating', 'hg38__refseq-r80__10kb_up_and_down_tss.mc9nr.genes_vs_motifs.rankings', 'top50'})","[('EOMES', 1.0), ('ELK3', 6.209053972624799), ('ATXN7', 1.054277407453509), ('INPP4B', 1.8790379954014904), ('FYN', 5.238096262158595)]",237
EOMES,taipale_cyt_meth__TBX18_NRAGGTGTGAAN_eDBD,0.09416543574593796,3.1564522905580725,5.1e-05,1.0,gene is annotated for similar motif taipale_cyt_meth__EOMES_NAGGTGTGAN_eDBD_repr ('EOMES [T_box]'; q-value = 5.11e-05),"frozenset({'activating', 'hg38__refseq-r80__10kb_up_and_down_tss.mc9nr.genes_vs_motifs.rankings', 'top50'})","[('FGR', 18.983004761164384), ('KIF2A', 7.382371463632587), ('ATXN7', 1.054277407453509), ('INPP4B', 1.8790379954014904), ('FYN', 5.238096262158595), ('CASK', 10.722297202026908), ('KCNAB2', 2.8126327825005064)]",1041
EOMES,cisbp__M5897,0.12718928043891117,4.825263910767558,4e-05,1.0,motif similar to swissregulon__hs__EOMES.p2 ('hs__EOMES.p2'; q-value = 4.03e-05) which is directly annotated,"frozenset({'activating', 'hg38__refseq-r80__10kb_up_and_down_tss.mc9nr.genes_vs_motifs.rankings', 'top50'})","[('TSC22D3', 0.6647401969626897), ('EOMES', 1.0), ('KCNAB2', 2.8126327825005064), ('CCND3', 0.1963917570109615), ('ELK3', 6.209053972624799), ('CTSW', 0.3168691427272427), ('XCL2', 3.169153083190684), ('XCL1', 2.251624194403523)]",1239
EOMES,cisbp__M5899,0.10909474572694661,3.9108831028891977,2e-05,1.0,motif similar to swissregulon__hs__EOMES.p2 ('hs__EOMES.p2'; q-value = 2.04e-05) which is directly annotated,"frozenset({'activating', 'hg38__refseq-r80__10kb_up_and_down_tss.mc9nr.genes_vs_motifs.rankings', 'top50'})","[('FYN', 5.238096262158595), ('LAT2', 4.625675867488435), ('FGR', 18.983004761164384), ('ELK3', 6.209053972624799), ('KCNAB2', 2.8126327825005064), ('GNLY', 1.3856594234689323), ('NAB1', 4.158660728293272), ('TSC22D3', 0.6647401969626897), ('KIF2A', 7.382371463632587), ('CCND3', 0.1963917570109615), ('CD7', 1.357704190014957), ('FASLG', 6.451738933633027)]",2868
EOMES,taipale_cyt_meth__T_NANGTGTGANNNNTNACACCTN_eDBD_meth_repr,0.1043996623760287,3.6736239428274655,1.6e-05,1.0,"gene is annotated for similar motif taipale_cyt_meth__EOMES_NAGGTGTGAN_eDBD_meth ('EOMES [T_box, CpG-meth]'; q-value = 1.58e-05)","frozenset({'activating', 'hg38__refseq-r80__10kb_up_and_down_tss.mc9nr.genes_vs_motifs.rankings', 'top50'})","[('CD7', 1.357704190014957), ('KCNAB2', 2.8126327825005064), ('ELK3', 6.209053972624799), ('INPP4B', 1.8790379954014904), ('FGR', 18.983004761164384)]",558
EOMES,taipale_cyt_meth__TBX15_NAGGTGTGAN_eDBD,0.1284026165857776,4.886578075727331,9e-06,1.0,motif similar to taipale_cyt_meth__EOMES_NAGGTGTGAN_eDBD_repr ('EOMES [T_box]'; q-value = 8.94e-06) which is directly annotated,"frozenset({'activating', 'hg38__refseq-r80__10kb_up_and_down_tss.mc9nr.genes_vs_motifs.rankings', 'top50'})","[('EOMES', 1.0), ('FYN', 5.238096262158595), ('ELK3', 6.209053972624799), ('INPP4B', 1.8790379954014904), ('CASK', 10.722297202026908), ('ATXN7', 1.054277407453509)]",877
EOMES,taipale_cyt_meth__T_NANGTGTGANNNNTNACACCTN_eDBD,0.09940564113385383,3.4212583942973844,7e-06,1.0,"gene is annotated for similar motif taipale_cyt_meth__EOMES_NAGGTGTGAN_eDBD_meth ('EOMES [T_box, CpG-meth]'; q-value = 6.94e-06)","frozenset({'activating', 'hg38__refseq-r80__10kb_up_and_down_tss.mc9nr.genes_vs_motifs.rankings', 'top50'})","[('CD7', 1.357704190014957), ('KCNAB2', 2.8126327825005064), ('ELK3', 6.209053972624799), ('FGR', 18.983004761164384), ('INPP4B', 1.8790379954014904), ('TSC22D3', 0.6647401969626897), ('CCND3', 0.1963917570109615), ('FYN', 5.238096262158595)]",1328
EOMES,transfac_pro__M02747,0.09894844200604909,3.3981545060516716,0.0,0.906383,gene is orthologous to ENSMUSG00000032446 in M. musculus (identity = 90%) which is directly annotated for motif,"frozenset({'activating', 'hg38__refseq-r80__10kb_up_and_down_tss.mc9nr.genes_vs_motifs.rankings', 'top50'})","[('TSC22D3', 0.6647401969626897), ('KCNAB2', 2.8126327825005064), ('ATXN7', 1.054277407453509), ('INPP4B', 1.8790379954014904), ('KIF2A', 7.382371463632587), ('CCL4', 4.033492881391632), ('PECAM1', 0.3223180287981456)]",960
EOMES,taipale_tf_pairs__MEIS1_EOMES_AGGTGTTGACAN_CAP_repr,0.1005134697896884,3.4772408927389162,0.0,1.0,gene is directly annotated,"frozenset({'activating', 'hg38__refseq-r80__10kb_up_and_down_tss.mc9nr.genes_vs_motifs.rankings', 'top50'})","[('EOMES', 1.0), ('ELK3', 6.209053972624799), ('FYN', 5.238096262158595), ('INPP4B', 1.8790379954014904), ('ATXN7', 1.054277407453509)]",418
ETS1,taipale_cyt_meth__ETV3_NNAGGAANNNNNNNTTCCTNN_eDBD_meth,0.09564254062038405,3.473022959439382,0.000285,1.0,motif similar to transfac_pro__M08881 ('V$ETSLIKE_Q4: ETSLIKE'; q-value = 0.000285) which is directly annotated,"frozenset({'activating', 'hg38__refseq-r80__10kb_up_and_down_tss.mc9nr.genes_vs_motifs.rankings', 'top50'})","[('FURIN', 4.179720973151326), ('FNTB', 5.749567018498512), ('PTPRE', 4.911682857162023), ('PHRF1', 4.132708798647391)]",219
ETS1,cisbp__M0701,0.08693377646479566,3.0206169069572626,0.000277,0.841237,"gene is orthologous to ENSMUSG00000032035 in M. musculus (identity = 84%) which is annotated for similar motif cisbp__M0707 ('ENSG00000235187[gene ID: ""ENSG00000235187"" species: ""Homo sapiens"" TF status: ""inferred"" TF family: ""Ets"" DBDs: ""Ets""]; ENSMUSG00000044690[gene ID: ""ENSMUSG00000044690"" species: ""Mus musculus"" TF status: ""inferred"" TF family: ""Ets"" DBDs: ""Ets""]; Erf[gene ID: ""ENSMUSG00000040857"" species: ""Mus musculus"" TF status: ""inferred"" TF family: ""Ets"" DBDs: ""Ets""]; Ets1[gene ID: ""ENSMUSG00000032035"" species: ""Mus musculus"" TF status: ""direct"" TF family: ""Ets"" DBDs: ""Ets""]; Ets2[gene ID: ""ENSMUSG00000022895"" species: ""Mus musculus"" TF status: ""inferred"" TF family: ""Ets"" DBDs: ""Ets""]; Etv2[gene ID: ""ENSMUSG00000006311"" species: ""Mus musculus"" TF status: ""inferred"" TF family: ""Ets"" DBDs: ""Ets""]; Fev[gene ID: ""ENSMUSG00000055197"" species: ""Mus musculus"" TF status: ""inferred"" TF family: ""Ets"" DBDs: ""Ets""]'; q-value = 0.000277)","frozenset({'activating', 'hg38__refseq-r80__10kb_up_and_down_tss.mc9nr.genes_vs_motifs.rankings', 'top50'})","[('FURIN', 4.179720973151326), ('MYH11', 13.585423460276076), ('PLEKHA2', 5.15483583410214), ('PLCL2', 6.239230080700297), ('NFAT5', 27.591197120208115), ('RUNX2', 3.2424912754153574), ('NIN', 9.78142705540718)]",954
ETS1,cisbp__M0689,0.08774926144756277,3.062980017878733,0.000111,1.0,"gene is annotated for similar motif cisbp__M3049 ('ETS1[gene ID: ""ENSG00000134954"" species: ""Homo sapiens"" TF status: ""direct"" TF family: ""Ets"" DBDs: ""Ets""]'; q-value = 0.000111)","frozenset({'activating', 'hg38__refseq-r80__10kb_up_and_down_tss.mc9nr.genes_vs_motifs.rankings', 'top50'})","[('CAMK2N1', 3.8363307660752857), ('FURIN', 4.179720973151326), ('ETS1', 1.0), ('DKFZP434I0714', 4.106265831505685), ('PLEKHA2', 5.15483583410214), ('CASS4', 3.827125448425408), ('TBP', 5.774756143595544), ('NIN', 9.78142705540718), ('PTPRE', 4.911682857162023), ('TMEM184B', 2.6693071827387693), ('MYH11', 13.585423460276076)]",1482
ETS1,dbcorrdb__RELA__ENCSR000EAQ_1__m2,0.0967349827671098,3.52977354199456,0.000104,1.0,motif similar to transfac_pro__M08881 ('V$ETSLIKE_Q4: ETSLIKE'; q-value = 0.000104) which is directly annotated,"frozenset({'activating', 'hg38__refseq-r80__10kb_up_and_down_tss.mc9nr.genes_vs_motifs.rankings', 'top50'})","[('RSBN1', 3.0264723158235567), ('PLEKHA2', 5.15483583410214), ('PTPRE', 4.911682857162023), ('PHRF1', 4.132708798647391), ('RUNX2', 3.2424912754153574), ('FURIN', 4.179720973151326), ('NFAT5', 27.591197120208115)]",954
ETS1,taipale_cyt_meth__ETV3_NNAGGAANNNNNNNTTCCTNN_eDBD_repr,0.11733751846381094,4.600041570746429,5e-06,1.0,gene is annotated for similar motif jaspar__MA0098.3 ('ETS1'; q-value = 5.31e-06),"frozenset({'activating', 'hg38__refseq-r80__10kb_up_and_down_tss.mc9nr.genes_vs_motifs.rankings', 'top50'})","[('PLEKHA2', 5.15483583410214), ('NIN', 9.78142705540718), ('NFAT5', 27.591197120208115), ('RUNX2', 3.2424912754153574), ('ARHGAP19', 5.267546534682166), ('FNTB', 5.749567018498512)]",495
ETS1,transfac_pro__M04692,0.0903034219596258,3.195664478500698,0.0,1.0,gene is directly annotated,"frozenset({'activating', 'hg38__refseq-r80__10kb_up_and_down_tss.mc9nr.genes_vs_motifs.rankings', 'top50'})","[('SBSN', 4.64297303374798), ('PLEKHA2', 5.15483583410214), ('FURIN', 4.179720973151326), ('IRAK1', 6.182135974719398), ('ETS1', 1.0), ('PTPRE', 4.911682857162023), ('CCDC57', 7.427750128755779), ('PSME4', 7.91844039082258), ('SPAG9', 2.9093699234169823), ('REPIN1', 3.971302432119289)]",1540
ETS1,tfdimers__MD00044,0.09425775480059084,3.401085601270847,0.0,1.0,gene is directly annotated,"frozenset({'activating', 'hg38__refseq-r80__10kb_up_and_down_tss.mc9nr.genes_vs_motifs.rankings', 'top50'})","[('SBSN', 4.64297303374798), ('IRAK1', 6.182135974719398), ('PLEKHA2', 5.15483583410214), ('FURIN', 4.179720973151326), ('PTPRE', 4.911682857162023), ('ETS1', 1.0)]",672
FLI1,swissregulon__hs__EWSR1-FLI1.p2,0.09183228145561971,3.032357966606817,0.0,1.0,gene is directly annotated,"frozenset({'activating', 'hg38__refseq-r80__10kb_up_and_down_tss.mc9nr.genes_vs_motifs.rankings', 'top50'})","[('KANSL1-AS1', 7.084592878250366), ('SLC2A6', 3.993835564427674), ('LBH', 8.214186026152369), ('STK39', 4.550569269321709), ('FLI1', 1.0), ('FAM126B', 7.446819664624546), ('CCDC69', 7.403117194249267)]",727
FOSB,dbcorrdb__JUN__ENCSR000EEK_1__m1,0.1194916297390448,4.669810538685257,7.6e-05,1.0,motif similar to taipale_cyt_meth__FOSB_NRTGACGTCAYN_eDBD ('FOSB [bZIP]'; q-value = 7.57e-05) which is directly annotated,"frozenset({'activating', 'hg38__refseq-r80__10kb_up_and_down_tss.mc9nr.genes_vs_motifs.rankings', 'top50'})","[('TBC1D9', 8.372803180129424), ('RNF2', 3.8424067274892746), ('MKLN1', 3.011335939418773), ('FCER1A', 5.378944149132331), ('VCAN', 2.68853399590929), ('USP8', 6.4545862443118605)]",826
FOSB,transfac_pro__M08947,0.0869799359921221,3.038961072911716,1e-06,1.0,motif similar to transfac_pro__M08937 ('V$JUNFOSB_02: C-JUN:FOSB'; q-value = 1.18e-06) which is directly annotated,"frozenset({'activating', 'hg38__refseq-r80__10kb_up_and_down_tss.mc9nr.genes_vs_motifs.rankings', 'top50'})","[('MBD5', 2.5355311149758446), ('GABBR1', 8.226252177089501), ('FOSB', 1.0), ('MKLN1', 3.011335939418773), ('FMNL3', 4.261193527544703), ('RHOH', 2.4058957210536622), ('VCAN', 2.68853399590929), ('S100A5', 5.491349212483272), ('PPP1R10', 7.242129518876164)]",1292
KDM5A,cisbp__M4568,0.09164335774222948,3.2706440225879603,0.000324,1.0,"motif similar to dbcorrdb__KDM5A__ENCSR000AQL_1__m2 ('KDM5A (ENCSR000AQL-1, motif 2)'; q-value = 0.000324) which is directly annotated","frozenset({'activating', 'hg38__refseq-r80__10kb_up_and_down_tss.mc9nr.genes_vs_motifs.rankings', 'top50'})","[('MPZL3', 4.719693302917394), ('PXN', 3.074801249946497), ('ZNF316', 23.518760900730506), ('PLEKHO2', 3.9852133180219935), ('RNF220', 3.1988818681206608), ('DUSP4', 3.490257383619896), ('FLCN', 7.735478716056179), ('MMP25-AS1', 4.316121043650362), ('SLC6A6', 5.309825896757854), ('KDM5A', 1.0), ('DCAF12', 4.8227051337642495)]",1870
KDM5B,dbcorrdb__YY1__ENCSR000BNT_1__m1,0.10232719380218852,3.2082335080033757,0.000321,1.0,"motif similar to dbcorrdb__KDM5B__ENCSR000AQA_1__m2 ('KDM5B (ENCSR000AQA-1, motif 2)'; q-value = 0.000321) which is directly annotated","frozenset({'activating', 'hg38__refseq-r80__10kb_up_and_down_tss.mc9nr.genes_vs_motifs.rankings', 'top50'})","[('EGR2', 2.2817789336836767), ('CCDC91', 2.2946250993138486), ('NEDD9', 3.170669942733843), ('MLLT3', 3.3973421651424003), ('LINC00869', 4.324052451959941), ('B3GAT2', 2.3798281060066526), ('PIEZO1', 6.809924146230859), ('MIR3142HG', 3.76619134486295), ('MAPRE2', 7.710860230360063), ('TTC39B', 3.802835862100983), ('B4GALT3', 7.742227084777732), ('SP3', 4.142512424212741), ('SNTB1', 3.969121094914146)]",1949
POU2F1,dbcorrdb__POU2F2__ENCSR000BGP_1__m1,0.09970457902511078,3.051811921631668,0.000125,1.0,gene is annotated for similar motif transfac_public__M00161 ('V$OCT1_05: Oct-1'; q-value = 0.000125),"frozenset({'activating', 'hg38__refseq-r80__10kb_up_and_down_tss.mc9nr.genes_vs_motifs.rankings', 'top50'})","[('FLI1', 1.6800477425849167), ('MAP3K14', 7.33215436317952), ('NAPEPLD', 7.244082280101755), ('PTPRC', 0.1381237891874416), ('ARHGAP15', 0.6280485847585622), ('MAP2K3', 3.3947657456855613), ('BOD1L1', 17.304391423241462), ('MICAL1', 3.01784230475854), ('PTPN6', 1.712047242568319), ('MAN2A2', 14.03314933789921), ('POU2F1', 1.0)]",2653
POU2F1,cisbp__M6133,0.11358041269414977,3.6637981977360017,1e-06,1.0,"motif similar to cisbp__M6423 ('POU2F1[gene ID: ""ENSG00000143190"" species: ""Homo sapiens"" TF status: ""direct"" TF family: ""Homeodomain,POU"" DBDs: ""Homeobox,Pou""]; pdm2[gene ID: ""FBgn0004394"" species: ""Drosophila melanogaster"" TF status: ""inferred"" TF family: ""Homeodomain,POU"" DBDs: ""Homeobox,Pou""]'; q-value = 1.04e-06) which is directly annotated","frozenset({'activating', 'hg38__refseq-r80__10kb_up_and_down_tss.mc9nr.genes_vs_motifs.rankings', 'top50'})","[('ARHGAP15', 0.6280485847585622), ('FLI1', 1.6800477425849167), ('C1orf228', 2.794799260980582), ('MAN2A2', 14.03314933789921), ('BOD1L1', 17.304391423241462), ('PTPRC', 0.1381237891874416), ('BIRC3', 0.3326865127387429), ('CXCL14', 0.4890992606287075)]",1922
POU2F1,cisbp__M3676,0.10433731704041896,3.256136371879405,0.0,1.0,gene is directly annotated,"frozenset({'activating', 'hg38__refseq-r80__10kb_up_and_down_tss.mc9nr.genes_vs_motifs.rankings', 'top50'})","[('FLI1', 1.6800477425849167), ('BLOC1S5', 12.112380145660078), ('CYSLTR1', 0.4596224395244979), ('PTPRC', 0.1381237891874416), ('MAP3K14', 7.33215436317952)]",576
POU2F1,tfdimers__MD00258,0.11393849872431852,3.679591391958049,0.0,1.0,gene is directly annotated,"frozenset({'activating', 'hg38__refseq-r80__10kb_up_and_down_tss.mc9nr.genes_vs_motifs.rankings', 'top50'})","[('MAP2K3', 3.3947657456855613), ('FLI1', 1.6800477425849167), ('BLOC1S5', 12.112380145660078), ('STMN3', 0.9186266104935996), ('LYAR', 5.72898447771696)]",590
POU2F1,transfac_public__M00136,0.10534443400026856,3.3005547306289134,0.0,1.0,gene is directly annotated,"frozenset({'activating', 'hg38__refseq-r80__10kb_up_and_down_tss.mc9nr.genes_vs_motifs.rankings', 'top50'})","[('POU2F1', 1.0), ('MAP3K14', 7.33215436317952), ('PTPRC', 0.1381237891874416), ('FLI1', 1.6800477425849167), ('NAPEPLD', 7.244082280101755)]",790
RBBP5,dbcorrdb__CREB1__ENCSR000BRB_1__m1,0.1164651976004582,3.863509587803075,0.000873,1.0,"gene is annotated for similar motif dbcorrdb__RBBP5__ENCSR000AQC_1__m5 ('RBBP5 (ENCSR000AQC-1, motif 5)'; q-value = 0.000873)","frozenset({'activating', 'hg38__refseq-r80__10kb_up_and_down_tss.mc9nr.genes_vs_motifs.rankings', 'top50'})","[('FBRS', 2.426323141832648), ('SPARC', 2.81070340929382), ('NAPEPLD', 5.007627287324149), ('LINC00959', 8.609173356305229), ('SERPING1', 2.964296199662066), ('CPE', 18.84107238147913), ('IGFBP4', 4.569851874316309)]",515
RBBP5,hocomoco__TBX15_HUMAN.H11MO.0.D,0.1019955988303741,3.180064036749998,4e-06,1.0,"gene is annotated for similar motif dbcorrdb__RBBP5__ENCSR000AQC_1__m5 ('RBBP5 (ENCSR000AQC-1, motif 5)'; q-value = 3.75e-06)","frozenset({'activating', 'hg38__refseq-r80__10kb_up_and_down_tss.mc9nr.genes_vs_motifs.rankings', 'top50'})","[('ARHGEF2', 19.44921016165815), ('FBRS', 2.426323141832648), ('GPM6B', 10.224060538684393), ('OSBPL3', 7.830253765031477), ('IGFBP6', 2.4653191932206284), ('IGFBP2', 8.042473485304274)]",448
RORA,hocomoco__NR1D2_MOUSE.H11MO.0.A,0.10131462333825701,3.1947360664480775,0.000394,1.0,gene is annotated for similar motif swissregulon__hs__RORA.p2 ('hs__RORA.p2'; q-value = 0.000394),"frozenset({'activating', 'hg38__refseq-r80__10kb_up_and_down_tss.mc9nr.genes_vs_motifs.rankings', 'top50'})","[('CDC42EP3', 6.805197533826363), ('DNAJB2', 5.157612613987332), ('RNF144A', 4.588474617335763), ('TGFBR3', 4.882122460697829)]",193
RORA,cisbp__M6073,0.09951255539143279,3.1041749245792376,0.00014,1.0,motif similar to taipale__RORA_DBD_NRAAGGTCAANNNNRGGTCA ('RORA dimeric nuclearreceptor DBD'; q-value = 0.00014) which is directly annotated,"frozenset({'activating', 'hg38__refseq-r80__10kb_up_and_down_tss.mc9nr.genes_vs_motifs.rankings', 'top50'})","[('CHD7', 5.671661949184645), ('PAN3', 7.654148905021606), ('CDC42SE1', 3.824420143614127), ('DENND1A', 4.085455799502129), ('EGR2', 3.231503372667171), ('ARHGAP44', 3.3870938884095207), ('SETD7', 3.9104627070876985), ('TGFBR3', 4.882122460697829), ('CDC42EP3', 6.805197533826363), ('CEP85L', 3.822814140228432), ('YPEL1', 7.293680913213926), ('NABP1', 4.59348068424394)]",1897
RORA,flyfactorsurvey__Hr46_SANGER_5_FBgn0000448,0.1005317577548006,3.155393931046041,0.0,0.23741,gene is orthologous to FBgn0000448 in D. melanogaster (identity = 23%) which is directly annotated for motif,"frozenset({'activating', 'hg38__refseq-r80__10kb_up_and_down_tss.mc9nr.genes_vs_motifs.rankings', 'top50'})","[('CHD7', 5.671661949184645), ('TGFBR3', 4.882122460697829), ('BIN2', 4.1264816569684974), ('DENND1A', 4.085455799502129), ('AKIRIN1', 4.651197551374922), ('CEP85L', 3.822814140228432), ('ITGAD', 3.715906278676985), ('YPEL1', 7.293680913213926)]",949
RUNX3,transfac_pro__M01658,0.0998030526834072,3.414747125610062,0.000387,1.0,gene is annotated for similar motif transfac_pro__M08866 ('V$AML_Q4: AML'; q-value = 0.000387),"frozenset({'activating', 'hg38__refseq-r80__10kb_up_and_down_tss.mc9nr.genes_vs_motifs.rankings', 'top50'})","[('MARCH9', 13.57099439909196), ('MKLN1', 5.4828594716152965), ('USP7', 6.784986945504402)]",130
RUNX3,transfac_pro__M07889,0.11157065484982767,3.9900213948930445,0.0,0.305361,gene is orthologous to FBgn0002576 in D. melanogaster (identity = 30%) which is directly annotated for motif,"frozenset({'activating', 'hg38__refseq-r80__10kb_up_and_down_tss.mc9nr.genes_vs_motifs.rankings', 'top50'})","[('MKLN1', 5.4828594716152965), ('RHBDF2', 19.867407479499278), ('USP7', 6.784986945504402), ('FMNL1', 4.538620323136347)]",296
RUNX3,transfac_pro__M01759,0.09647136057771213,3.2518730995787575,0.0,1.0,gene is directly annotated,"frozenset({'activating', 'hg38__refseq-r80__10kb_up_and_down_tss.mc9nr.genes_vs_motifs.rankings', 'top50'})","[('ATL2', 3.8742852396433407), ('RUNX3', 1.0), ('TUBE1', 10.508803530259843), ('LPP', 2.546908125537649), ('CD83', 9.59055891603402), ('MMD', 15.712248019993767), ('MYLIP', 2.546334688021045), ('MKLN1', 5.4828594716152965)]",1279
SP2,c2h2_zfs__M3928,0.0982274741506647,3.3035903773606927,0.000555,0.158238,gene is orthologous to FBgn0000233 in D. melanogaster (identity = 15%) which is annotated for similar motif jaspar__MA0443.1 ('btd'; q-value = 0.000555),"frozenset({'activating', 'hg38__refseq-r80__10kb_up_and_down_tss.mc9nr.genes_vs_motifs.rankings', 'top50'})","[('DNAJB1', 3.229163936749107), ('EGLN2', 1.404672545513613), ('SP2', 1.0), ('CXCR4', 0.8698533044438308), ('HPCAL1', 15.34213907251781)]",688
SP2,flyfactorsurvey__Bteb2_SOLEXA_2.5_FBgn0025679,0.09543738716559987,3.172646489831488,0.000555,0.158238,gene is orthologous to FBgn0000233 in D. melanogaster (identity = 15%) which is annotated for similar motif jaspar__MA0443.1 ('btd'; q-value = 0.000555),"frozenset({'activating', 'hg38__refseq-r80__10kb_up_and_down_tss.mc9nr.genes_vs_motifs.rankings', 'top50'})","[('PRRC2B', 2.39518968688221), ('CD8A', 1.1189244920644283), ('ACVR2A', 7.153853855499942), ('PRKX', 2.707632616062612)]",351
SP2,cisbp__M5856,0.09264730018053505,3.041702602302284,0.000539,1.0,motif similar to transfac_pro__M00932 ('V$SP1_Q4_01: Sp1'; q-value = 0.000539) which is directly annotated,"frozenset({'activating', 'hg38__refseq-r80__10kb_up_and_down_tss.mc9nr.genes_vs_motifs.rankings', 'top50'})","[('CXCR4', 0.8698533044438308), ('GIMAP7', 3.006263330205014), ('FBXW11', 8.274588756243316)]",136
SP2,taipale__SP8_DBD_NMCMCGCCCMCN,0.09744789102248481,3.267003114668709,0.000508,1.0,motif similar to transfac_pro__M00932 ('V$SP1_Q4_01: Sp1'; q-value = 0.000508) which is directly annotated,"frozenset({'activating', 'hg38__refseq-r80__10kb_up_and_down_tss.mc9nr.genes_vs_motifs.rankings', 'top50'})","[('SETD5', 4.551006136015698), ('NACC1', 7.538692132863962), ('ACVR2A', 7.153853855499942), ('FAM168A', 32.535734259391994), ('HPCAL1', 15.34213907251781), ('FBXW11', 8.274588756243316), ('KCTD10', 21.36016388528705), ('CXCR4', 0.8698533044438308), ('STMN3', 5.064729365816176), ('DNAJB1', 3.229163936749107), ('EGLN2', 1.404672545513613), ('PRIM2', 5.768880928936162)]",2963
SP2,hocomoco__E2F4_MOUSE.H11MO.0.A,0.09393976694567537,3.1023604325547827,4.3e-05,1.0,gene is annotated for similar motif hocomoco__SP2_HUMAN.H11MO.1.B ('SP2_HUMAN'; q-value = 4.33e-05),"frozenset({'activating', 'hg38__refseq-r80__10kb_up_and_down_tss.mc9nr.genes_vs_motifs.rankings', 'top50'})","[('FKBP11', 0.5628822939746123), ('USP8', 3.842436160705496), ('NACC1', 7.538692132863962), ('CD8A', 1.1189244920644283), ('SP2', 1.0), ('HPCAL1', 15.34213907251781)]",999
SP2,dbcorrdb__SP1__ENCSR000BKO_1__m2,0.09287296898079764,3.0522936520289106,7e-06,1.0,gene is annotated for similar motif hocomoco__SP2_HUMAN.H11MO.0.A ('SP2_HUMAN'; q-value = 6.65e-06),"frozenset({'activating', 'hg38__refseq-r80__10kb_up_and_down_tss.mc9nr.genes_vs_motifs.rankings', 'top50'})","[('USP8', 3.842436160705496), ('ACVR2A', 7.153853855499942), ('AKT1', 5.951847560922498), ('CXCR4', 0.8698533044438308), ('HPCAL1', 15.34213907251781)]",544
SP2,hocomoco__KLF9_HUMAN.H11MO.0.C,0.09445265058263581,3.1264310001152986,6e-06,1.0,gene is annotated for similar motif transfac_pro__M03807 ('V$SP2_Q3_01: SP2'; q-value = 6.39e-06),"frozenset({'activating', 'hg38__refseq-r80__10kb_up_and_down_tss.mc9nr.genes_vs_motifs.rankings', 'top50'})","[('ZFP36', 5.819789858434004), ('SP2', 1.0), ('CXCR4', 0.8698533044438308), ('SETD5', 4.551006136015698), ('DHX40', 14.667387327521142), ('FAM168A', 32.535734259391994)]",1094
SP2,transfac_pro__M00931,0.09787871327753159,3.287222391419542,0.0,1.0,gene is annotated for similar motif transfac_pro__M00932 ('V$SP1_Q4_01: Sp1'; q-value = 7.3e-09),"frozenset({'activating', 'hg38__refseq-r80__10kb_up_and_down_tss.mc9nr.genes_vs_motifs.rankings', 'top50'})","[('SETD5', 4.551006136015698), ('GABARAPL1', 9.271940699108733), ('ACVR2A', 7.153853855499942), ('SPON2', 42.56751342310461), ('APBB1IP', 2.9106584488822014), ('MED15', 6.712640804508995), ('GIMAP7', 3.006263330205014)]",1359
SP2,transfac_pro__M01783,0.11322419169538815,4.0074137728301675,0.0,1.0,gene is directly annotated,"frozenset({'activating', 'hg38__refseq-r80__10kb_up_and_down_tss.mc9nr.genes_vs_motifs.rankings', 'top50'})","[('NACC1', 7.538692132863962), ('AKT1', 5.951847560922498), ('ACVR2A', 7.153853855499942), ('HPCAL1', 15.34213907251781), ('FBXW11', 8.274588756243316), ('SPON2', 42.56751342310461), ('ZFP36', 5.819789858434004), ('FAM168A', 32.535734259391994)]",2023
SP2,taipale_cyt_meth__SP2_NYWAGYCCCGCCCMCYN_eDBD_meth,0.1089159691449204,3.8052210053218367,0.0,1.0,gene is directly annotated,"frozenset({'activating', 'hg38__refseq-r80__10kb_up_and_down_tss.mc9nr.genes_vs_motifs.rankings', 'top50'})","[('CXCR4', 0.8698533044438308), ('SETD5', 4.551006136015698), ('EGLN2', 1.404672545513613), ('DNAJB1', 3.229163936749107), ('ACVR2A', 7.153853855499942), ('AKT1', 5.951847560922498), ('NACC1', 7.538692132863962)]",1369
TCF7,transfac_pro__M02774,0.06622353520433284,3.030332081171061,4e-05,1.0,gene is annotated for similar motif transfac_pro__M08977 ('V$TCF1_08: TCF-1'; q-value = 4.03e-05),"frozenset({'activating', 'hg38__refseq-r80__10kb_up_and_down_tss.mc9nr.genes_vs_motifs.rankings', 'top50'})","[('CLSTN3', 3.996278619970886), ('TCF7', 1.0), ('GPR18', 9.126860014765132), ('CARD11', 5.870051403331137), ('LRCH4', 5.589976185141761)]",884
XRCC4,dbcorrdb__GABPA__ENCSR000BPY_1__m1,0.13046118496635484,5.07759609143988,0.000953,1.0,"gene is annotated for similar motif dbcorrdb__XRCC4__ENCSR000FAC_1__m1 ('XRCC4 (ENCSR000FAC-1, motif 1)'; q-value = 0.000953)","frozenset({'activating', 'hg38__refseq-r80__10kb_up_and_down_tss.mc9nr.genes_vs_motifs.rankings', 'top50'})","[('PVT1', 2.2192326359069927), ('SULF2', 2.500362338156665), ('EPC1', 2.49923231423963), ('RUNX2', 8.7706013061233), ('MBTPS1', 2.4838976892552798), ('WDTC1', 5.7688318855820615)]",528
XRCC4,dbcorrdb__POLR2A__ENCSR000BGO_1__m1,0.10095191203019858,3.6040084596276785,0.000909,1.0,"gene is annotated for similar motif dbcorrdb__XRCC4__ENCSR000FAC_1__m1 ('XRCC4 (ENCSR000FAC-1, motif 1)'; q-value = 0.000909)","frozenset({'activating', 'hg38__refseq-r80__10kb_up_and_down_tss.mc9nr.genes_vs_motifs.rankings', 'top50'})","[('XRCC4', 1.0), ('PHRF1', 2.707782000820672), ('EIF1AD', 2.345582565741165), ('IPO4', 2.783573290954656), ('MAP3K11', 4.575960565572667), ('G2E3', 2.3721461103201182), ('TBP', 8.980324816475811)]",906
XRCC4,dbcorrdb__POLR2AphosphoS5__ENCSR000BML_1__m1,0.10326604300016412,3.7195678901535523,0.000686,1.0,"gene is annotated for similar motif dbcorrdb__XRCC4__ENCSR000FAC_1__m1 ('XRCC4 (ENCSR000FAC-1, motif 1)'; q-value = 0.000686)","frozenset({'activating', 'hg38__refseq-r80__10kb_up_and_down_tss.mc9nr.genes_vs_motifs.rankings', 'top50'})","[('PHRF1', 2.707782000820672), ('CAMK2N1', 6.821857093095124), ('SULF2', 2.500362338156665), ('MAP3K11', 4.575960565572667), ('PVT1', 2.2192326359069927)]",476
XRCC4,dbcorrdb__POLR2A__ENCSR000EHP_1__m1,0.11293287378959461,4.202294872988584,0.000667,1.0,"gene is annotated for similar motif dbcorrdb__XRCC4__ENCSR000FAC_1__m1 ('XRCC4 (ENCSR000FAC-1, motif 1)'; q-value = 0.000667)","frozenset({'activating', 'hg38__refseq-r80__10kb_up_and_down_tss.mc9nr.genes_vs_motifs.rankings', 'top50'})","[('RUNX2', 8.7706013061233), ('REEP2', 7.245899495902504), ('EPC1', 2.49923231423963), ('PHRF1', 2.707782000820672), ('CAMK2N1', 6.821857093095124), ('SULF2', 2.500362338156665)]",849
XRCC4,dbcorrdb__POLR2A__ENCSR000DMK_1__m1,0.11032332184473986,4.071983174736003,0.000608,1.0,"gene is annotated for similar motif dbcorrdb__XRCC4__ENCSR000FAC_1__m1 ('XRCC4 (ENCSR000FAC-1, motif 1)'; q-value = 0.000608)","frozenset({'activating', 'hg38__refseq-r80__10kb_up_and_down_tss.mc9nr.genes_vs_motifs.rankings', 'top50'})","[('RUNX2', 8.7706013061233), ('CLK4', 2.444603312626894), ('SULF2', 2.500362338156665), ('APOL3', 4.097632402953599), ('PLA2G4C', 3.6774925060861943)]",475
XRCC4,dbcorrdb__POLR2A__ENCSR000EBK_1__m1,0.10840308550795995,3.9760934345124057,0.000608,1.0,"gene is annotated for similar motif dbcorrdb__XRCC4__ENCSR000FAC_1__m1 ('XRCC4 (ENCSR000FAC-1, motif 1)'; q-value = 0.000608)","frozenset({'activating', 'hg38__refseq-r80__10kb_up_and_down_tss.mc9nr.genes_vs_motifs.rankings', 'top50'})","[('APOL3', 4.097632402953599), ('RUNX2', 8.7706013061233), ('SULF2', 2.500362338156665), ('GTF2H2', 2.0793019496308154), ('PVT1', 2.2192326359069927), ('WDTC1', 5.7688318855820615)]",682
XRCC4,dbcorrdb__GABPA__ENCSR000BHS_1__m1,0.13165928114229444,5.137424732775972,0.000503,1.0,"gene is annotated for similar motif dbcorrdb__XRCC4__ENCSR000FAC_1__m1 ('XRCC4 (ENCSR000FAC-1, motif 1)'; q-value = 0.000503)","frozenset({'activating', 'hg38__refseq-r80__10kb_up_and_down_tss.mc9nr.genes_vs_motifs.rankings', 'top50'})","[('PHRF1', 2.707782000820672), ('XRCC4', 1.0), ('MAP3K11', 4.575960565572667), ('GTF2H2', 2.0793019496308154), ('EIF1AD', 2.345582565741165), ('G2E3', 2.3721461103201182)]",584
XRCC4,dbcorrdb__POLR2A__ENCSR000EZL_1__m1,0.11165271623174135,4.138368379506186,0.000463,1.0,"gene is annotated for similar motif dbcorrdb__XRCC4__ENCSR000FAC_1__m1 ('XRCC4 (ENCSR000FAC-1, motif 1)'; q-value = 0.000463)","frozenset({'activating', 'hg38__refseq-r80__10kb_up_and_down_tss.mc9nr.genes_vs_motifs.rankings', 'top50'})","[('CAMK2N1', 6.821857093095124), ('RUNX2', 8.7706013061233), ('PHRF1', 2.707782000820672), ('APOL3', 4.097632402953599), ('MBTPS1', 2.4838976892552798), ('CLK4', 2.444603312626894), ('WDTC1', 5.7688318855820615)]",804
XRCC4,dbcorrdb__ELK1__ENCSR000ECI_1__m1,0.11372066305596586,4.241634253593136,0.000463,1.0,"gene is annotated for similar motif dbcorrdb__XRCC4__ENCSR000FAC_1__m1 ('XRCC4 (ENCSR000FAC-1, motif 1)'; q-value = 0.000463)","frozenset({'activating', 'hg38__refseq-r80__10kb_up_and_down_tss.mc9nr.genes_vs_motifs.rankings', 'top50'})","[('EIF1AD', 2.345582565741165), ('MBTPS1', 2.4838976892552798), ('REEP2', 7.245899495902504), ('KIAA0586', 10.76377510367696), ('TBP', 8.980324816475811), ('RUNX2', 8.7706013061233)]",332
XRCC4,dbcorrdb__BCLAF1__ENCSR000BJZ_1__m1,0.10336451665846053,3.7244853127291213,0.000463,1.0,"gene is annotated for similar motif dbcorrdb__XRCC4__ENCSR000FAC_1__m1 ('XRCC4 (ENCSR000FAC-1, motif 1)'; q-value = 0.000463)","frozenset({'activating', 'hg38__refseq-r80__10kb_up_and_down_tss.mc9nr.genes_vs_motifs.rankings', 'top50'})","[('XRCC4', 1.0), ('PHRF1', 2.707782000820672), ('EIF1AD', 2.345582565741165), ('IPO4', 2.783573290954656), ('G2E3', 2.3721461103201182), ('TBP', 8.980324816475811), ('GTF2H2', 2.0793019496308154), ('MAP3K11', 4.575960565572667)]",1146
XRCC4,dbcorrdb__POLR2A__ENCSR000EAM_1__m1,0.10423436730674544,3.7679225454799816,0.000419,1.0,"gene is annotated for similar motif dbcorrdb__XRCC4__ENCSR000FAC_1__m1 ('XRCC4 (ENCSR000FAC-1, motif 1)'; q-value = 0.000419)","frozenset({'activating', 'hg38__refseq-r80__10kb_up_and_down_tss.mc9nr.genes_vs_motifs.rankings', 'top50'})","[('XRCC4', 1.0), ('EIF1AD', 2.345582565741165), ('PHRF1', 2.707782000820672), ('TBP', 8.980324816475811), ('IPO4', 2.783573290954656), ('MAP3K11', 4.575960565572667), ('GTF2H2', 2.0793019496308154), ('SULF2', 2.500362338156665), ('MBTPS1', 2.4838976892552798), ('G2E3', 2.3721461103201182), ('PSME4', 9.195396644665722), ('PVT1', 2.2192326359069927), ('BORA', 2.7226746700077444)]",2439
XRCC4,dbcorrdb__HCFC1__ENCSR000ECH_1__m3,0.11514853110126375,4.312936880938889,0.000419,1.0,"gene is annotated for similar motif dbcorrdb__XRCC4__ENCSR000FAC_1__m1 ('XRCC4 (ENCSR000FAC-1, motif 1)'; q-value = 0.000419)","frozenset({'activating', 'hg38__refseq-r80__10kb_up_and_down_tss.mc9nr.genes_vs_motifs.rankings', 'top50'})","[('XRCC4', 1.0), ('GTF2H2', 2.0793019496308154), ('PHRF1', 2.707782000820672), ('CAMK2N1', 6.821857093095124), ('EIF1AD', 2.345582565741165), ('G2E3', 2.3721461103201182), ('MAP3K11', 4.575960565572667), ('TATDN2', 5.414355007598392), ('MBTPS1', 2.4838976892552798), ('SULF2', 2.500362338156665)]",2089
XRCC4,dbcorrdb__POLR2A__ENCSR000BMR_1__m1,0.0987526669949122,3.494186022106636,0.000391,1.0,"gene is annotated for similar motif dbcorrdb__XRCC4__ENCSR000FAC_1__m1 ('XRCC4 (ENCSR000FAC-1, motif 1)'; q-value = 0.000391)","frozenset({'activating', 'hg38__refseq-r80__10kb_up_and_down_tss.mc9nr.genes_vs_motifs.rankings', 'top50'})","[('XRCC4', 1.0), ('PHRF1', 2.707782000820672), ('MAP3K11', 4.575960565572667), ('G2E3', 2.3721461103201182), ('EIF1AD', 2.345582565741165), ('TBP', 8.980324816475811)]",564
XRCC4,dbcorrdb__GABPA__ENCSR000BGC_1__m1,0.12049893320203513,4.580116840878142,0.000374,1.0,"gene is annotated for similar motif dbcorrdb__XRCC4__ENCSR000FAC_1__m1 ('XRCC4 (ENCSR000FAC-1, motif 1)'; q-value = 0.000374)","frozenset({'activating', 'hg38__refseq-r80__10kb_up_and_down_tss.mc9nr.genes_vs_motifs.rankings', 'top50'})","[('XRCC4', 1.0), ('PHRF1', 2.707782000820672), ('EIF1AD', 2.345582565741165), ('KIAA0586', 10.76377510367696), ('GTF2H2', 2.0793019496308154), ('TFEB', 7.212868838540827), ('SULF2', 2.500362338156665)]",819
XRCC4,dbcorrdb__GABPA__ENCSR000BIW_1__m1,0.13924175283111767,5.5160662710947905,0.00036,1.0,"gene is annotated for similar motif dbcorrdb__XRCC4__ENCSR000FAC_1__m1 ('XRCC4 (ENCSR000FAC-1, motif 1)'; q-value = 0.00036)","frozenset({'activating', 'hg38__refseq-r80__10kb_up_and_down_tss.mc9nr.genes_vs_motifs.rankings', 'top50'})","[('XRCC4', 1.0), ('IPO4', 2.783573290954656), ('MAP3K11', 4.575960565572667), ('RUNX2', 8.7706013061233), ('PHRF1', 2.707782000820672), ('EIF1AD', 2.345582565741165), ('G2E3', 2.3721461103201182), ('TBP', 8.980324816475811), ('PVT1', 2.2192326359069927), ('SULF2', 2.500362338156665), ('CAMK2N1', 6.821857093095124), ('GTF2H2', 2.0793019496308154), ('EPC1', 2.49923231423963)]",2334
XRCC4,dbcorrdb__ELK1__ENCSR000DZB_1__m1,0.12189397669456753,4.64978032736537,0.000332,1.0,"gene is annotated for similar motif dbcorrdb__XRCC4__ENCSR000FAC_1__m1 ('XRCC4 (ENCSR000FAC-1, motif 1)'; q-value = 0.000332)","frozenset({'activating', 'hg38__refseq-r80__10kb_up_and_down_tss.mc9nr.genes_vs_motifs.rankings', 'top50'})","[('XRCC4', 1.0), ('KIAA0586', 10.76377510367696), ('CLK4', 2.444603312626894), ('G2E3', 2.3721461103201182), ('TFEB', 7.212868838540827), ('PHRF1', 2.707782000820672), ('GTF2H2', 2.0793019496308154), ('SULF2', 2.500362338156665)]",947
XRCC4,dbcorrdb__ELK4__ENCSR000EVI_1__m1,0.09921221073362875,3.5171339941259583,0.000308,1.0,"gene is annotated for similar motif dbcorrdb__XRCC4__ENCSR000FAC_1__m1 ('XRCC4 (ENCSR000FAC-1, motif 1)'; q-value = 0.000308)","frozenset({'activating', 'hg38__refseq-r80__10kb_up_and_down_tss.mc9nr.genes_vs_motifs.rankings', 'top50'})","[('MBTPS1', 2.4838976892552798), ('SELL', 5.460897137875518), ('KIAA0586', 10.76377510367696), ('RUNX2', 8.7706013061233), ('TBP', 8.980324816475811), ('EPC1', 2.49923231423963), ('PHRF1', 2.707782000820672), ('APOL3', 4.097632402953599), ('G2E3', 2.3721461103201182), ('PVT1', 2.2192326359069927), ('DDX11', 5.473036210171506), ('PDK1', 7.294403460057768), ('ZNF781', 3.0979663458138997), ('GMDS', 2.3428782826402785)]",3422
XRCC4,dbcorrdb__SIN3A__ENCSR000BLR_1__m2,0.10369276218611521,3.7408767213143514,0.000293,1.0,"gene is annotated for similar motif dbcorrdb__XRCC4__ENCSR000FAC_1__m1 ('XRCC4 (ENCSR000FAC-1, motif 1)'; q-value = 0.000293)","frozenset({'activating', 'hg38__refseq-r80__10kb_up_and_down_tss.mc9nr.genes_vs_motifs.rankings', 'top50'})","[('XRCC4', 1.0), ('PHRF1', 2.707782000820672), ('EIF1AD', 2.345582565741165), ('GTF2H2', 2.0793019496308154), ('MAP3K11', 4.575960565572667), ('G2E3', 2.3721461103201182), ('IPO4', 2.783573290954656), ('PSME4', 9.195396644665722), ('TATDN2', 5.414355007598392), ('RUNX2', 8.7706013061233), ('MMP25-AS1', 4.986063122676652), ('TFEB', 7.212868838540827), ('MBTPS1', 2.4838976892552798), ('TBP', 8.980324816475811), ('SULF2', 2.500362338156665), ('EPC1', 2.49923231423963)]",4766
XRCC4,dbcorrdb__POLR2A__ENCSR000EAY_1__m1,0.11193172493024782,4.1523010768036315,0.000293,1.0,"gene is annotated for similar motif dbcorrdb__XRCC4__ENCSR000FAC_1__m1 ('XRCC4 (ENCSR000FAC-1, motif 1)'; q-value = 0.000293)","frozenset({'activating', 'hg38__refseq-r80__10kb_up_and_down_tss.mc9nr.genes_vs_motifs.rankings', 'top50'})","[('CLK4', 2.444603312626894), ('GTF2H2', 2.0793019496308154), ('TFEB', 7.212868838540827), ('RUNX2', 8.7706013061233), ('G2E3', 2.3721461103201182), ('PHRF1', 2.707782000820672), ('EIF1AD', 2.345582565741165), ('TCEANC2', 6.284380388845327), ('KIAA0586', 10.76377510367696), ('XRCC4', 1.0), ('RAB3IP', 3.912530336219741), ('APOL3', 4.097632402953599), ('EPC1', 2.49923231423963), ('SULF2', 2.500362338156665), ('SLC17A5', 3.285417184289128), ('GCSAM', 5.135477214024761), ('TBP', 8.980324816475811), ('WDTC1', 5.7688318855820615), ('CAMK2N1', 6.821857093095124), ('MBTPS1', 2.4838976892552798)]",4711
XRCC4,dbcorrdb__POLR2A__ENCSR000EBC_1__m1,0.10247825373379288,3.6802285095489995,0.000283,1.0,"gene is annotated for similar motif dbcorrdb__XRCC4__ENCSR000FAC_1__m1 ('XRCC4 (ENCSR000FAC-1, motif 1)'; q-value = 0.000283)","frozenset({'activating', 'hg38__refseq-r80__10kb_up_and_down_tss.mc9nr.genes_vs_motifs.rankings', 'top50'})","[('SELL', 5.460897137875518), ('GTF2H2', 2.0793019496308154), ('PVT1', 2.2192326359069927), ('CLK4', 2.444603312626894), ('MBTPS1', 2.4838976892552798), ('SULF2', 2.500362338156665), ('RAB3IP', 3.912530336219741), ('G2E3', 2.3721461103201182)]",1089
XRCC4,dbcorrdb__TAF1__ENCSR000BGS_1__m2,0.10841949778434269,3.9769130049416677,0.000273,1.0,"gene is annotated for similar motif dbcorrdb__XRCC4__ENCSR000FAC_1__m1 ('XRCC4 (ENCSR000FAC-1, motif 1)'; q-value = 0.000273)","frozenset({'activating', 'hg38__refseq-r80__10kb_up_and_down_tss.mc9nr.genes_vs_motifs.rankings', 'top50'})","[('XRCC4', 1.0), ('EIF1AD', 2.345582565741165), ('GTF2H2', 2.0793019496308154), ('PHRF1', 2.707782000820672), ('G2E3', 2.3721461103201182), ('IPO4', 2.783573290954656), ('TBP', 8.980324816475811), ('MAP3K11', 4.575960565572667)]",1253
XRCC4,dbcorrdb__SIN3A__ENCSR000BGL_1__m1,0.10910881339241753,4.011334962970651,0.000236,1.0,"gene is annotated for similar motif dbcorrdb__XRCC4__ENCSR000FAC_1__m1 ('XRCC4 (ENCSR000FAC-1, motif 1)'; q-value = 0.000236)","frozenset({'activating', 'hg38__refseq-r80__10kb_up_and_down_tss.mc9nr.genes_vs_motifs.rankings', 'top50'})","[('RUNX2', 8.7706013061233), ('SULF2', 2.500362338156665), ('EPC1', 2.49923231423963), ('CAMK2N1', 6.821857093095124), ('PHRF1', 2.707782000820672), ('TFEB', 7.212868838540827), ('PVT1', 2.2192326359069927)]",962
XRCC4,dbcorrdb__ELF1__ENCSR000BPT_1__m2,0.12323978335795174,4.716985102564815,0.000189,1.0,"gene is annotated for similar motif dbcorrdb__XRCC4__ENCSR000FAC_1__m1 ('XRCC4 (ENCSR000FAC-1, motif 1)'; q-value = 0.000189)","frozenset({'activating', 'hg38__refseq-r80__10kb_up_and_down_tss.mc9nr.genes_vs_motifs.rankings', 'top50'})","[('TBP', 8.980324816475811), ('MAP3K11', 4.575960565572667), ('IPO4', 2.783573290954656), ('TATDN2', 5.414355007598392), ('PHRF1', 2.707782000820672), ('XRCC4', 1.0), ('GTF2H2', 2.0793019496308154), ('MBTPS1', 2.4838976892552798), ('G2E3', 2.3721461103201182), ('EIF1AD', 2.345582565741165), ('SULF2', 2.500362338156665), ('CAMK2N1', 6.821857093095124), ('ALDH1B1', 2.5806402291335733), ('WDTC1', 5.7688318855820615), ('PVT1', 2.2192326359069927), ('MMP25-AS1', 4.986063122676652), ('RAB3IP', 3.912530336219741), ('RUNX2', 8.7706013061233)]",3386
XRCC4,dbcorrdb__POLR2A__ENCSR000EBG_1__m1,0.12619399310684393,4.864507779831888,0.00012,1.0,"gene is annotated for similar motif dbcorrdb__XRCC4__ENCSR000FAC_1__m1 ('XRCC4 (ENCSR000FAC-1, motif 1)'; q-value = 0.00012)","frozenset({'activating', 'hg38__refseq-r80__10kb_up_and_down_tss.mc9nr.genes_vs_motifs.rankings', 'top50'})","[('MAP3K11', 4.575960565572667), ('PHRF1', 2.707782000820672), ('EIF1AD', 2.345582565741165), ('XRCC4', 1.0), ('BORA', 2.7226746700077444), ('GTF2H2', 2.0793019496308154), ('G2E3', 2.3721461103201182), ('MBTPS1', 2.4838976892552798), ('TATDN2', 5.414355007598392), ('SULF2', 2.500362338156665), ('PSME4', 9.195396644665722), ('IPO4', 2.783573290954656), ('PVT1', 2.2192326359069927), ('MMP25-AS1', 4.986063122676652), ('RUNX2', 8.7706013061233), ('TFEB', 7.212868838540827)]",2878
XRCC4,dbcorrdb__ELK4__ENCSR000EVB_1__m1,0.09011980961759396,3.0630919763150795,8.2e-05,1.0,"gene is annotated for similar motif dbcorrdb__XRCC4__ENCSR000FAC_1__m1 ('XRCC4 (ENCSR000FAC-1, motif 1)'; q-value = 8.21e-05)","frozenset({'activating', 'hg38__refseq-r80__10kb_up_and_down_tss.mc9nr.genes_vs_motifs.rankings', 'top50'})","[('CLK4', 2.444603312626894), ('TBP', 8.980324816475811), ('XRCC4', 1.0), ('MAP3K11', 4.575960565572667), ('EIF1AD', 2.345582565741165), ('PVT1', 2.2192326359069927), ('PHRF1', 2.707782000820672), ('SULF2', 2.500362338156665), ('GTF2H2', 2.0793019496308154), ('IPO4', 2.783573290954656), ('TFEB', 7.212868838540827), ('MBTPS1', 2.4838976892552798), ('CAMK2N1', 6.821857093095124), ('RUNX2', 8.7706013061233)]",3657
XRCC4,dbcorrdb__GABPA__ENCSR000BJK_1__m1,0.10868209420646643,3.9900261318098518,7.9e-05,1.0,"gene is annotated for similar motif dbcorrdb__XRCC4__ENCSR000FAC_1__m1 ('XRCC4 (ENCSR000FAC-1, motif 1)'; q-value = 7.93e-05)","frozenset({'activating', 'hg38__refseq-r80__10kb_up_and_down_tss.mc9nr.genes_vs_motifs.rankings', 'top50'})","[('PVT1', 2.2192326359069927), ('GTF2H2', 2.0793019496308154), ('POLD1', 6.585076308135725), ('WDTC1', 5.7688318855820615), ('PHRF1', 2.707782000820672), ('SULF2', 2.500362338156665)]",724
XRCC4,dbcorrdb__PHF8__ENCSR000AQH_1__m1,0.10505498112588216,3.808901066943057,7.9e-05,1.0,"gene is annotated for similar motif dbcorrdb__XRCC4__ENCSR000FAC_1__m1 ('XRCC4 (ENCSR000FAC-1, motif 1)'; q-value = 7.93e-05)","frozenset({'activating', 'hg38__refseq-r80__10kb_up_and_down_tss.mc9nr.genes_vs_motifs.rankings', 'top50'})","[('EIF1AD', 2.345582565741165), ('XRCC4', 1.0), ('PHRF1', 2.707782000820672), ('MAP3K11', 4.575960565572667), ('G2E3', 2.3721461103201182), ('RUNX2', 8.7706013061233), ('TCEANC2', 6.284380388845327)]",994
ZNF195,transfac_pro__M06067,0.09335654498136034,3.6990689752393706,0.0,1.0,gene is directly annotated,"frozenset({'activating', 'hg38__refseq-r80__10kb_up_and_down_tss.mc9nr.genes_vs_motifs.rankings', 'top50'})","[('EVI2B', 1.010140236069528), ('APOE', 2.9851575944105373), ('CCND3', 0.449820025294956), ('FAM135A', 13.322828300648377), ('PHF3', 6.523955188023328), ('MIR181A1HG', 4.688967563903316)]",494
ZNF528,transfac_pro__M06849,0.07550520129482385,3.2342592055646775,0.0,1.0,gene is directly annotated,"frozenset({'activating', 'hg38__refseq-r80__10kb_up_and_down_tss.mc9nr.genes_vs_motifs.rankings', 'top50'})","[('INPP4B', 2.906516742718513), ('RHOH', 0.600457769958511), ('CXCR4', 0.4777925334109812), ('DGKZ', 3.036298703812412)]",388
ZNF740,hocomoco__TBX15_HUMAN.H11MO.0.D,0.09909212090643801,3.890151206980713,4e-06,1.0,gene is annotated for similar motif hocomoco__ZN740_HUMAN.H11MO.0.D ('ZN740_HUMAN'; q-value = 3.8e-06),"frozenset({'activating', 'hg38__refseq-r80__10kb_up_and_down_tss.mc9nr.genes_vs_motifs.rankings', 'top50'})","[('FOXP4', 20.14377364600384), ('TIMP1', 0.1909400349921869), ('PPCDC', 0.4191579927262348), ('ZNF740', 1.0), ('SIT1', 1.081195677052923), ('PHF1', 1.6354600820673832), ('GSN', 0.8474665562979575), ('MIAT', 5.5048354677272044), ('CTSW', 0.3873926477763155), ('PKN1', 3.796536744461824), ('ID3', 5.073065997179166), ('CST7', 0.1711638916059286), ('RCBTB2', 0.6456285345795204), ('C11orf21', 18.4739019162752), ('FAM105A', 1.9604318201194904)]",3936
ELF1,dbcorrdb__BRF1__ENCSR000DOJ_1__m2,0.06556370444162,3.377368560063384,0.000724,1.0,"motif similar to dbcorrdb__ELF1__ENCSR000BPT_1__m2 ('ELF1 (ENCSR000BPT-1, motif 2)'; q-value = 0.000724) which is directly annotated","frozenset({'top5perTarget', 'activating', 'hg38__refseq-r80__10kb_up_and_down_tss.mc9nr.genes_vs_motifs.rankings'})","[('COL1A2', 2.2408229170333094), ('ALG9', 34.82403251061674), ('FLI1', 3.4516006498011564), ('MLLT10', 1.037679730017916), ('RFTN1', 1.1509951096402231), ('C7orf31', 3.3121886533822877), ('GPC3', 29.423307261305744), ('TRAF5', 3.881511179964377), ('FSTL1', 11.285227525630702), ('ACVR1', 0.263504303306885), ('FNTB', 8.480713899251962), ('MESDC1', 4.477990504656902), ('C15orf48', 5.877983032778026), ('PIEZO1', 3.3261845266776966), ('ARHGAP15', 2.5582728082513237), ('LINC01358', 2.166020025227427), ('MAPRE2', 2.2953659129767687), ('RNF2', 2.541118982858629), ('TTC39B', 5.54400828265382), ('CYP1B1', 4.004390675976532), ('SIAH1', 3.4696854037638407), ('FLCN', 2.663965594116891), ('ZNF626', 32.80243774058728), ('TRERF1', 9.579857120567487), ('RIPK3', 2.972135576451876), ('ANKH', 1.3562172862199933), ('SNTB1', 2.9393086144476497), ('ZAP70', 2.3873094646085566), ('COL6A3', 2.550023613625493)]",1998
ELF1,dbcorrdb__HDAC2__ENCSR000AQG_1__m4,0.07978513276768232,4.710400515812382,0.000702,1.0,"motif similar to dbcorrdb__ELF1__ENCSR000BPT_1__m2 ('ELF1 (ENCSR000BPT-1, motif 2)'; q-value = 0.000702) which is directly annotated","frozenset({'top5perTarget', 'activating', 'hg38__refseq-r80__10kb_up_and_down_tss.mc9nr.genes_vs_motifs.rankings'})","[('SOCS1', 3.112202874344705), ('RNF213', 3.2987827706328394), ('ACVR1', 0.263504303306885), ('ZCCHC6', 4.501371077328933), ('IFITM3', 4.35925262083578), ('ARL8A', 2.8226564039011093), ('COL6A3', 2.550023613625493), ('PARP8', 2.2120008929769748), ('LINC00936', 0.6517292142671111), ('SIAH1', 3.4696854037638407), ('DDX60L', 9.923153428372618), ('TRAF5', 3.881511179964377), ('ZFP36', 8.555023990514247), ('ANKH', 1.3562172862199933), ('FNBP1', 5.088264201940717), ('TRERF1', 9.579857120567487), ('FSTL1', 11.285227525630702)]",867
ELF1,dbcorrdb__RBBP5__ENCSR000AQC_1__m5,0.07685668647590257,4.435905408982425,0.000625,1.0,"motif similar to dbcorrdb__ELF1__ENCSR000BPT_1__m2 ('ELF1 (ENCSR000BPT-1, motif 2)'; q-value = 0.000625) which is directly annotated","frozenset({'top5perTarget', 'activating', 'hg38__refseq-r80__10kb_up_and_down_tss.mc9nr.genes_vs_motifs.rankings'})","[('BGN', 36.33053933496579), ('IDNK', 5.70242681596282), ('TMEM161B', 4.610789360120839), ('TNXB', 22.519439999366377), ('SPECC1L', 6.340157452682249), ('PTPRE', 10.362488364774435), ('MESDC1', 4.477990504656902), ('GOLGA8A', 12.547389886305108), ('EHMT1', 2.595690442146072), ('SEC24C', 2.298587451403364), ('SLC2A6', 3.690407294434076)]",377
ELF1,dbcorrdb__SMARCA4__ENCSR000EZC_1__m10,0.062390505307272165,3.07993178008195,0.000536,1.0,"motif similar to dbcorrdb__ELF1__ENCSR000BMB_1__m1 ('ELF1 (ENCSR000BMB-1, motif 1)'; q-value = 0.000536) which is directly annotated","frozenset({'top5perTarget', 'activating', 'hg38__refseq-r80__10kb_up_and_down_tss.mc9nr.genes_vs_motifs.rankings'})","[('DKFZP434I0714', 2.352084000667514), ('RC3H2', 4.037377300446277), ('PIAS3', 8.223384579706007), ('PTPRE', 10.362488364774435), ('C3', 20.287545306040062), ('FLJ37453', 4.736572436351562), ('PPM1B', 0.8693551369963913), ('MESDC1', 4.477990504656902), ('DCAF12', 1.9512708440283528), ('OXNAD1', 1.833612573457285), ('SIAH1', 3.4696854037638407), ('CAMK2G', 2.4328111317192262), ('COL6A3', 2.550023613625493), ('ACVR1', 0.263504303306885), ('MAPRE2', 2.2953659129767687), ('JARID2', 5.906774356974608), ('PLXDC1', 10.296250032675406), ('ARHGAP15', 2.5582728082513237), ('MCCC2', 7.856140991498676), ('ZAP70', 2.3873094646085566), ('FNBP1', 5.088264201940717), ('CDNF', 8.123541760015907), ('PARP8', 2.2120008929769748)]",1388
ELF1,dbcorrdb__SREBF1__ENCSR000EZP_1__m1,0.06353697914877537,3.1873954069493964,0.000501,1.0,"motif similar to dbcorrdb__ELF1__ENCSR000BPT_1__m2 ('ELF1 (ENCSR000BPT-1, motif 2)'; q-value = 0.000501) which is directly annotated","frozenset({'top5perTarget', 'activating', 'hg38__refseq-r80__10kb_up_and_down_tss.mc9nr.genes_vs_motifs.rankings'})","[('PPM1B', 0.8693551369963913), ('MLLT10', 1.037679730017916), ('TNXB', 22.519439999366377), ('WDTC1', 5.447915626869458), ('COMP', 19.514468951269187), ('MYB', 3.010917685824852), ('ACVR1', 0.263504303306885), ('STK11', 0.2878145917294435), ('SNTB1', 2.9393086144476497), ('FLI1', 3.4516006498011564), ('MTRNR2L8', 8.996613990818014), ('CCND3', 2.2936771197173584), ('TRERF1', 9.579857120567487), ('RFTN1', 1.1509951096402231), ('ZFP36', 8.555023990514247), ('LINC01358', 2.166020025227427)]",782
ELF1,dbcorrdb__SREBF2__ENCSR000DYT_1__m7,0.07385953763182303,4.1549705342503005,0.000439,1.0,"motif similar to dbcorrdb__ELF1__ENCSR000BPT_1__m2 ('ELF1 (ENCSR000BPT-1, motif 2)'; q-value = 0.000439) which is directly annotated","frozenset({'top5perTarget', 'activating', 'hg38__refseq-r80__10kb_up_and_down_tss.mc9nr.genes_vs_motifs.rankings'})","[('ARHGAP15', 2.5582728082513237), ('TRAF5', 3.881511179964377), ('CAMK2G', 2.4328111317192262), ('C7orf31', 3.3121886533822877), ('TRERF1', 9.579857120567487), ('ANKH', 1.3562172862199933), ('PCBP4', 2.9624940430765755e-08), ('MLLT10', 1.037679730017916), ('SIAH1', 3.4696854037638407), ('MAPRE2', 2.2953659129767687), ('FLI1', 3.4516006498011564), ('PLXNA1', 23.486053545623093), ('ZFYVE28', 5.432725152341445), ('BGN', 36.33053933496579), ('TARBP2', 3.0201075996205176), ('COL1A1', 10.206535797398416), ('TNXB', 22.519439999366377), ('COL6A3', 2.550023613625493), ('GOLGA8A', 12.547389886305108)]",897
ELF1,dbcorrdb__POLR2AphosphoS2__ENCSR000DYF_1__m10,0.06303029782556421,3.139902118670899,0.00042,1.0,"motif similar to dbcorrdb__ELF1__ENCSR000BMB_1__m1 ('ELF1 (ENCSR000BMB-1, motif 1)'; q-value = 0.00042) which is directly annotated","frozenset({'top5perTarget', 'activating', 'hg38__refseq-r80__10kb_up_and_down_tss.mc9nr.genes_vs_motifs.rankings'})","[('SIAH1', 3.4696854037638407), ('MESDC1', 4.477990504656902), ('FLCN', 2.663965594116891), ('TRAF5', 3.881511179964377), ('TNXB', 22.519439999366377), ('CEP164', 5.28500563981647), ('LGALS1', 0.3793041738264135), ('ARHGAP15', 2.5582728082513237), ('FLJ37453', 4.736572436351562), ('SETD4', 3.678703672876496), ('ACVR1', 0.263504303306885), ('PARP8', 2.2120008929769748), ('ZFYVE28', 5.432725152341445), ('TRERF1', 9.579857120567487), ('SPECC1L', 6.340157452682249), ('SLC2A6', 3.690407294434076), ('RNF2', 2.541118982858629)]",833
ELF1,dbcorrdb__MXI1__ENCSR000EIA_1__m4,0.07148500566796057,3.9323960561315814,0.000292,1.0,"motif similar to dbcorrdb__ELF1__ENCSR000BMB_1__m1 ('ELF1 (ENCSR000BMB-1, motif 1)'; q-value = 0.000292) which is directly annotated","frozenset({'top5perTarget', 'activating', 'hg38__refseq-r80__10kb_up_and_down_tss.mc9nr.genes_vs_motifs.rankings'})","[('TARBP2', 3.0201075996205176), ('PPM1B', 0.8693551369963913), ('FLI1', 3.4516006498011564), ('TRERF1', 9.579857120567487), ('ZNF800', 11.859176534979946), ('NUP58', 3.417337514838488), ('MCCC2', 7.856140991498676), ('CLU', 1.6262821561691256), ('SLC2A6', 3.690407294434076), ('ZFYVE28', 5.432725152341445), ('SIAH1', 3.4696854037638407), ('TRAF5', 3.881511179964377), ('RNF2', 2.541118982858629), ('DDX50', 2.092398178915917), ('MYB', 3.010917685824852), ('ACVR1', 0.263504303306885), ('SPECC1L', 6.340157452682249), ('COL1A1', 10.206535797398416), ('SLC19A1', 5.1280868587811685), ('BGN', 36.33053933496579)]",1295
ELF1,dbcorrdb__EZH2__ENCSR000ARK_1__m4,0.06700645803991619,3.512603686008935,0.000207,1.0,"motif similar to dbcorrdb__ELF1__ENCSR000BPT_1__m2 ('ELF1 (ENCSR000BPT-1, motif 2)'; q-value = 0.000207) which is directly annotated","frozenset({'top5perTarget', 'activating', 'hg38__refseq-r80__10kb_up_and_down_tss.mc9nr.genes_vs_motifs.rankings'})","[('DCAF12', 1.9512708440283528), ('FBXO9', 2.520048513230445), ('PCBP4', 2.9624940430765755e-08), ('DKFZP434I0714', 2.352084000667514), ('SCAF1', 6.521647841298079), ('ANKH', 1.3562172862199933), ('PIEZO1', 3.3261845266776966), ('GPC3', 29.423307261305744), ('CAMK2G', 2.4328111317192262), ('GDPD5', 5.5797381109906015), ('COL6A1', 2.1009171115861074), ('TRERF1', 9.579857120567487), ('CYP1B1', 4.004390675976532), ('PTPRE', 10.362488364774435), ('SPECC1L', 6.340157452682249), ('CLU', 1.6262821561691256), ('RNF2', 2.541118982858629), ('CEP164', 5.28500563981647), ('WDTC1', 5.447915626869458), ('COL6A3', 2.550023613625493), ('JARID2', 5.906774356974608), ('CXCR3', 2.9411087744959783), ('TMEM87B', 7.82403080179588), ('TBC1D23', 7.939686147352721), ('ZBED2', 2.0135695593644454), ('AKT1', 2.3830170159321087), ('TTC39B', 5.54400828265382), ('SIAH1', 3.4696854037638407), ('COL6A2', 5.337996008714444), ('LINC01184', 3.716841052351076), ('C7orf31', 3.3121886533822877), ('FLI1', 3.4516006498011564), ('NUP153', 0.6312567140121992), ('PIAS3', 8.223384579706007), ('BGN', 36.33053933496579), ('CSTA', 2.630168275386029)]",2676
ELK3,cisbp__M5426,0.07386403601322361,3.0803665799617055,0.000366,1.0,gene is annotated for similar motif transfac_pro__M03832 ('V$NET_Q6: Net'; q-value = 0.000366),"frozenset({'top5perTarget', 'activating', 'hg38__refseq-r80__10kb_up_and_down_tss.mc9nr.genes_vs_motifs.rankings'})","[('CD247', 2.242394851653307), ('IPCEF1', 4.630683298970342), ('TBC1D23', 4.28361442114663), ('PRKACB', 2.7863823862641555), ('MIR4435-2HG', 2.018399070816772), ('DCAF12', 3.5138051960507406), ('IL7R', 1.273038383130917), ('ELK3', 1.0), ('PPM1B', 11.398181191393489), ('ZNF548', 9.27064756749228), ('EOMES', 20.74477754407047)]",1219
ELK3,taipale__ETV6_full_KSYGGAAGTN,0.07393437434057819,3.0850184589252554,0.000366,1.0,gene is annotated for similar motif transfac_pro__M03832 ('V$NET_Q6: Net'; q-value = 0.000366),"frozenset({'top5perTarget', 'activating', 'hg38__refseq-r80__10kb_up_and_down_tss.mc9nr.genes_vs_motifs.rankings'})","[('TBC1D23', 4.28361442114663), ('DHX40', 5.834243848159715), ('ELF1', 1.4717016783978951), ('MIR4435-2HG', 2.018399070816772), ('ACVR1', 10.393707976051475), ('ASCC3', 1.909459300996711), ('LINC00936', 8.087066492341211), ('MLLT10', 15.815390377591466), ('RBM15', 2.6013554535394694), ('CASK', 3.3947211426356163), ('DCAF12', 3.5138051960507406)]",556
ELK3,dbcorrdb__ELF1__ENCSR000BMD_1__m1,0.07694133783498629,3.283886284617005,0.000323,1.0,gene is annotated for similar motif transfac_pro__M03832 ('V$NET_Q6: Net'; q-value = 0.000323),"frozenset({'top5perTarget', 'activating', 'hg38__refseq-r80__10kb_up_and_down_tss.mc9nr.genes_vs_motifs.rankings'})","[('TMEM161B', 2.7224616030955), ('PLEKHO2', 2.0716720168505303), ('RGS19', 1.4967254106429495), ('CD70', 14.039464186090864), ('FBXW4', 4.511649483497573), ('BAG4', 2.90636182279392), ('FGR', 5.914741939868566), ('EOMES', 20.74477754407047), ('PRKACB', 2.7863823862641555), ('RBM15', 2.6013554535394694), ('KIF2A', 1.9270006270137745), ('IPCEF1', 4.630683298970342), ('ID3', 1.7969687751303511), ('USP37', 2.839451711406853), ('FAF2', 6.3569571879356666), ('MLLT10', 15.815390377591466), ('RNF25', 1.6882857431959604), ('NAB1', 4.432364472062539), ('ACVR1', 10.393707976051475), ('TRAPPC2', 6.748950261456059), ('MTMR9', 1.3287256019054474), ('ELK3', 1.0), ('FYN', 10.245173690835472), ('AQR', 2.7370891497383605), ('RUFY2', 4.85493133302697), ('LINC00936', 8.087066492341211), ('ATP6V1H', 2.011280775019138), ('BRD9', 2.0354211232900306), ('CD247', 2.242394851653307), ('DCAF12', 3.5138051960507406)]",3834
ELK3,transfac_pro__M07089,0.07319582190335513,3.0361737298079827,0.00011,1.0,gene is annotated for similar motif transfac_pro__M08824 ('V$NET_Q6_01: NET'; q-value = 0.00011),"frozenset({'top5perTarget', 'activating', 'hg38__refseq-r80__10kb_up_and_down_tss.mc9nr.genes_vs_motifs.rankings'})","[('CDKN1B', 6.24436168107685), ('LINC00936', 8.087066492341211), ('MIR4435-2HG', 2.018399070816772), ('ASCC3', 1.909459300996711), ('VAMP4', 2.8051582520549467), ('MLLT10', 15.815390377591466), ('ACVR1', 10.393707976051475)]",309
ELK3,hocomoco__ETS1_HUMAN.H11MO.0.A,0.09052542730533868,4.182280409452542,5.3e-05,1.0,"gene is annotated for similar motif taipale_cyt_meth__ELK3_NACCGGAAGTN_eDBD_meth ('ELK3 [ETS, CpG-meth]'; q-value = 5.27e-05)","frozenset({'top5perTarget', 'activating', 'hg38__refseq-r80__10kb_up_and_down_tss.mc9nr.genes_vs_motifs.rankings'})","[('ZMYM5', 3.980656830137151), ('FBRS', 3.2595875132510583), ('CHD1', 4.346599740087908), ('MLLT10', 15.815390377591466), ('EPC1', 3.14163055460817), ('FYN', 10.245173690835472), ('CDKN1B', 6.24436168107685), ('ACVR1', 10.393707976051475), ('ID3', 1.7969687751303511), ('PPM1B', 11.398181191393489)]",539
ELK3,taipale_tf_pairs__FOXO1_ELK3_RCCGGAWGTKKW_CAP,0.09431490469156643,4.432900388613782,0.0,1.0,gene is directly annotated,"frozenset({'top5perTarget', 'activating', 'hg38__refseq-r80__10kb_up_and_down_tss.mc9nr.genes_vs_motifs.rankings'})","[('FBRS', 3.2595875132510583), ('RC3H2', 10.284099926984172), ('ZMYM5', 3.980656830137151), ('LINC00936', 8.087066492341211), ('CASK', 3.3947211426356163), ('MLLT10', 15.815390377591466), ('FGR', 5.914741939868566), ('FYN', 10.245173690835472), ('NAB1', 4.432364472062539), ('ACVR1', 10.393707976051475), ('FLJ37453', 14.728493608604074), ('CHD1', 4.346599740087908), ('MYB', 13.45684971716621), ('VAMP4', 2.8051582520549467), ('ELK3', 1.0), ('LBR', 3.685943764291316), ('PPM1B', 11.398181191393489), ('CDKN1B', 6.24436168107685)]",1739
EOMES,transfac_pro__M07901,0.12850812407680945,4.414073899385302,0.000112,1.0,motif similar to taipale_cyt_meth__EOMES_NAGGTGTGAN_eDBD_repr ('EOMES [T_box]'; q-value = 0.000112) which is directly annotated,"frozenset({'top5perTarget', 'activating', 'hg38__refseq-r80__10kb_up_and_down_tss.mc9nr.genes_vs_motifs.rankings'})","[('XCL1', 2.251624194403523), ('XCL2', 3.169153083190684), ('ELK3', 6.209053972624799), ('GZMB', 1.339018082962277), ('GPR82', 8.665611357938824), ('FYN', 5.238096262158595), ('ASCC3', 6.682988392119836), ('PLAC8', 5.125666376206572)]",1664
EOMES,taipale__TBX4_DBD_AGGTGTNANWWNTNACACCT,0.12301514032496308,4.166246086601697,0.000106,1.0,motif similar to swissregulon__hs__EOMES.p2 ('hs__EOMES.p2'; q-value = 0.000106) which is directly annotated,"frozenset({'top5perTarget', 'activating', 'hg38__refseq-r80__10kb_up_and_down_tss.mc9nr.genes_vs_motifs.rankings'})","[('CD7', 1.357704190014957), ('FYN', 5.238096262158595), ('FGR', 18.983004761164384), ('KCNAB2', 2.8126327825005064)]",446
EOMES,taipale_cyt_meth__TBX3_NAGGTGTGAN_eDBD,0.10452824963072378,3.3321701284518275,5.6e-05,1.0,gene is annotated for similar motif taipale_cyt_meth__EOMES_NAGGTGTGAN_eDBD_repr ('EOMES [T_box]'; q-value = 5.58e-05),"frozenset({'top5perTarget', 'activating', 'hg38__refseq-r80__10kb_up_and_down_tss.mc9nr.genes_vs_motifs.rankings'})","[('XCL1', 2.251624194403523), ('XCL2', 3.169153083190684), ('ELK3', 6.209053972624799), ('FYN', 5.238096262158595), ('KLRD1', 4.055953005881091)]",966
EOMES,taipale_cyt_meth__TBX18_NRAGGTGTGAAN_eDBD,0.12153803545051699,4.099603313416189,5.1e-05,1.0,gene is annotated for similar motif taipale_cyt_meth__EOMES_NAGGTGTGAN_eDBD_repr ('EOMES [T_box]'; q-value = 5.11e-05),"frozenset({'top5perTarget', 'activating', 'hg38__refseq-r80__10kb_up_and_down_tss.mc9nr.genes_vs_motifs.rankings'})","[('EOMES', 1.0), ('ELK3', 6.209053972624799), ('FYN', 5.238096262158595)]",237
EOMES,cisbp__M5897,0.11980705317577547,4.021506313589422,4e-05,1.0,motif similar to swissregulon__hs__EOMES.p2 ('hs__EOMES.p2'; q-value = 4.03e-05) which is directly annotated,"frozenset({'top5perTarget', 'activating', 'hg38__refseq-r80__10kb_up_and_down_tss.mc9nr.genes_vs_motifs.rankings'})","[('CASK', 10.722297202026908), ('FGR', 18.983004761164384), ('FYN', 5.238096262158595)]",233
EOMES,cisbp__M1626,0.09820439438700147,3.046855755751373,2.3e-05,1.0,motif similar to taipale_cyt_meth__EOMES_NAGGTGTGAN_eDBD_repr ('EOMES [T_box]'; q-value = 2.26e-05) which is directly annotated,"frozenset({'top5perTarget', 'activating', 'hg38__refseq-r80__10kb_up_and_down_tss.mc9nr.genes_vs_motifs.rankings'})","[('XCL1', 2.251624194403523), ('NKG7', 2.610070535265155), ('TBC1D19', 11.466160967315204), ('FGR', 18.983004761164384), ('EPM2AIP1', 19.50003143099876)]",681
EOMES,cisbp__M5899,0.09820439438700147,3.046855755751373,2e-05,1.0,motif similar to swissregulon__hs__EOMES.p2 ('hs__EOMES.p2'; q-value = 2.04e-05) which is directly annotated,"frozenset({'top5perTarget', 'activating', 'hg38__refseq-r80__10kb_up_and_down_tss.mc9nr.genes_vs_motifs.rankings'})","[('CD7', 1.357704190014957), ('FGR', 18.983004761164384), ('KCNAB2', 2.8126327825005064)]",112
EOMES,taipale_cyt_meth__TBX15_NAGGTGTGAN_eDBD,0.14369460856720828,5.099244911198804,9e-06,1.0,motif similar to taipale_cyt_meth__EOMES_NAGGTGTGAN_eDBD_repr ('EOMES [T_box]'; q-value = 8.94e-06) which is directly annotated,"frozenset({'top5perTarget', 'activating', 'hg38__refseq-r80__10kb_up_and_down_tss.mc9nr.genes_vs_motifs.rankings'})","[('FYN', 5.238096262158595), ('LAT2', 4.625675867488435), ('FGR', 18.983004761164384), ('ELK3', 6.209053972624799), ('KCNAB2', 2.8126327825005064), ('GNLY', 1.3856594234689323), ('NAB1', 4.158660728293272)]",1044
EOMES,cisbp__M5895,0.10660542836041359,3.4258865282439475,5e-06,1.0,"motif similar to cisbp__M5396 ('EOMES[gene ID: ""ENSG00000163508"" species: ""Homo sapiens"" TF status: ""direct"" TF family: ""T-box"" DBDs: ""T-box""]; Tbx21[gene ID: ""ENSMUSG00000001444"" species: ""Mus musculus"" TF status: ""inferred"" TF family: ""T-box"" DBDs: ""T-box""]'; q-value = 5.13e-06) which is directly annotated","frozenset({'top5perTarget', 'activating', 'hg38__refseq-r80__10kb_up_and_down_tss.mc9nr.genes_vs_motifs.rankings'})","[('FYN', 5.238096262158595), ('FGR', 18.983004761164384), ('NAB1', 4.158660728293272), ('EOMES', 1.0), ('ASCC3', 6.682988392119836)]",867
EOMES,cisbp__M1635,0.10325886262924668,3.2748989952455316,5e-06,1.0,"motif similar to cisbp__M5396 ('EOMES[gene ID: ""ENSG00000163508"" species: ""Homo sapiens"" TF status: ""direct"" TF family: ""T-box"" DBDs: ""T-box""]; Tbx21[gene ID: ""ENSMUSG00000001444"" species: ""Mus musculus"" TF status: ""inferred"" TF family: ""T-box"" DBDs: ""T-box""]'; q-value = 4.96e-06) which is directly annotated","frozenset({'top5perTarget', 'activating', 'hg38__refseq-r80__10kb_up_and_down_tss.mc9nr.genes_vs_motifs.rankings'})","[('CD7', 1.357704190014957), ('KCNAB2', 2.8126327825005064), ('ELK3', 6.209053972624799), ('FGR', 18.983004761164384)]",558
EOMES,taipale__TBX2_full_NAGGTGTGAWN,0.0983428729689808,3.053103515737514,3e-06,1.0,"motif similar to cisbp__M5396 ('EOMES[gene ID: ""ENSG00000163508"" species: ""Homo sapiens"" TF status: ""direct"" TF family: ""T-box"" DBDs: ""T-box""]; Tbx21[gene ID: ""ENSMUSG00000001444"" species: ""Mus musculus"" TF status: ""inferred"" TF family: ""T-box"" DBDs: ""T-box""]'; q-value = 3.39e-06) which is directly annotated","frozenset({'top5perTarget', 'activating', 'hg38__refseq-r80__10kb_up_and_down_tss.mc9nr.genes_vs_motifs.rankings'})","[('CD7', 1.357704190014957), ('KCNAB2', 2.8126327825005064), ('ELK3', 6.209053972624799), ('FGR', 18.983004761164384)]",575
EOMES,transfac_pro__M02747,0.12986983013293943,4.475510205915692,0.0,0.906383,gene is orthologous to ENSMUSG00000032446 in M. musculus (identity = 90%) which is directly annotated for motif,"frozenset({'top5perTarget', 'activating', 'hg38__refseq-r80__10kb_up_and_down_tss.mc9nr.genes_vs_motifs.rankings'})","[('ELK3', 6.209053972624799), ('EOMES', 1.0), ('FYN', 5.238096262158595)]",229
EOMES,transfac_pro__M07899,0.09986613737075332,3.121828875585069,0.0,1.0,motif similar to taipale_cyt_meth__EOMES_NAGGTGTGAN_eDBD_repr ('EOMES [T_box]'; q-value = 1e-08) which is directly annotated,"frozenset({'top5perTarget', 'activating', 'hg38__refseq-r80__10kb_up_and_down_tss.mc9nr.genes_vs_motifs.rankings'})","[('XCL2', 3.169153083190684), ('XCL1', 2.251624194403523), ('CASK', 10.722297202026908), ('NAB1', 4.158660728293272)]",429
EOMES,taipale_tf_pairs__MEIS1_EOMES_AGGTGTTGACAN_CAP_repr,0.13192392909896603,4.568185312376789,0.0,1.0,gene is directly annotated,"frozenset({'top5perTarget', 'activating', 'hg38__refseq-r80__10kb_up_and_down_tss.mc9nr.genes_vs_motifs.rankings'})","[('XCL1', 2.251624194403523), ('CASK', 10.722297202026908), ('XCL2', 3.169153083190684), ('GZMB', 1.339018082962277)]",299
ETS1,cisbp__M0712,0.079810555438325,3.068001291899035,0.000305,1.0,gene is annotated for similar motif transfac_public__M00032 ('V$CETS1P54_01: c-Ets-1(p54)'; q-value = 0.000305),"frozenset({'top5perTarget', 'activating', 'hg38__refseq-r80__10kb_up_and_down_tss.mc9nr.genes_vs_motifs.rankings'})","[('PLPP5', 1.619743659004775), ('MAP3K11', 1.1881849834216325), ('PLA2G4C', 3.791483547799394), ('PLEKHA2', 5.15483583410214), ('PLCL2', 6.239230080700297), ('CAMK2N1', 3.8363307660752857), ('PTPRE', 4.911682857162023), ('SBSN', 4.64297303374798), ('ETS1', 1.0), ('FURIN', 4.179720973151326), ('LAIR1', 3.911867408184644), ('FNTB', 5.749567018498512), ('PHRF1', 4.132708798647391), ('RUNX3', 2.3528592982390157), ('MYH11', 13.585423460276076), ('PDK1', 2.2259043552706475), ('HLA-DRB1', 1.5347148663424384), ('NFAT5', 27.591197120208115), ('TMEM184B', 2.6693071827387693), ('GADD45B', 2.097940363190253)]",3997
ETS1,cisbp__M0701,0.07909544911022016,3.0253431961747133,0.000277,0.841237,"gene is orthologous to ENSMUSG00000032035 in M. musculus (identity = 84%) which is annotated for similar motif cisbp__M0707 ('ENSG00000235187[gene ID: ""ENSG00000235187"" species: ""Homo sapiens"" TF status: ""inferred"" TF family: ""Ets"" DBDs: ""Ets""]; ENSMUSG00000044690[gene ID: ""ENSMUSG00000044690"" species: ""Mus musculus"" TF status: ""inferred"" TF family: ""Ets"" DBDs: ""Ets""]; Erf[gene ID: ""ENSMUSG00000040857"" species: ""Mus musculus"" TF status: ""inferred"" TF family: ""Ets"" DBDs: ""Ets""]; Ets1[gene ID: ""ENSMUSG00000032035"" species: ""Mus musculus"" TF status: ""direct"" TF family: ""Ets"" DBDs: ""Ets""]; Ets2[gene ID: ""ENSMUSG00000022895"" species: ""Mus musculus"" TF status: ""inferred"" TF family: ""Ets"" DBDs: ""Ets""]; Etv2[gene ID: ""ENSMUSG00000006311"" species: ""Mus musculus"" TF status: ""inferred"" TF family: ""Ets"" DBDs: ""Ets""]; Fev[gene ID: ""ENSMUSG00000055197"" species: ""Mus musculus"" TF status: ""inferred"" TF family: ""Ets"" DBDs: ""Ets""]'; q-value = 0.000277)","frozenset({'top5perTarget', 'activating', 'hg38__refseq-r80__10kb_up_and_down_tss.mc9nr.genes_vs_motifs.rankings'})","[('RUNX2', 3.2424912754153574), ('REEP2', 1.5400334766308932), ('PLCL2', 6.239230080700297), ('RUNX3', 2.3528592982390157), ('PHRF1', 4.132708798647391), ('CAMK2N1', 3.8363307660752857), ('DKFZP434I0714', 4.106265831505685), ('NFAT5', 27.591197120208115), ('FURIN', 4.179720973151326)]",931
ETS1,transfac_pro__M08824,0.07881409580080186,3.0085596831028485,0.000132,1.0,"motif similar to swissregulon__hs__ETS1_2.p2 ('hs__ETS1,2.p2'; q-value = 0.000132) which is directly annotated","frozenset({'top5perTarget', 'activating', 'hg38__refseq-r80__10kb_up_and_down_tss.mc9nr.genes_vs_motifs.rankings'})","[('CAMK2N1', 3.8363307660752857), ('FURIN', 4.179720973151326), ('PLPP5', 1.619743659004775), ('ETS1', 1.0), ('DKFZP434I0714', 4.106265831505685), ('PLEKHA2', 5.15483583410214), ('CASS4', 3.827125448425408), ('TBP', 5.774756143595544), ('NIN', 9.78142705540718), ('PTPRE', 4.911682857162023), ('TMEM184B', 2.6693071827387693), ('MYH11', 13.585423460276076)]",1482
ETS1,cisbp__M0689,0.08302267238751729,3.2596130661361538,0.000111,1.0,"gene is annotated for similar motif cisbp__M3049 ('ETS1[gene ID: ""ENSG00000134954"" species: ""Homo sapiens"" TF status: ""direct"" TF family: ""Ets"" DBDs: ""Ets""]'; q-value = 0.000111)","frozenset({'top5perTarget', 'activating', 'hg38__refseq-r80__10kb_up_and_down_tss.mc9nr.genes_vs_motifs.rankings'})","[('RSBN1', 3.0264723158235567), ('PLEKHA2', 5.15483583410214), ('PTPRE', 4.911682857162023), ('RUNX3', 2.3528592982390157), ('PHRF1', 4.132708798647391), ('RUNX2', 3.2424912754153574), ('FURIN', 4.179720973151326), ('NFAT5', 27.591197120208115)]",954
ETS1,dbcorrdb__RELA__ENCSR000EAQ_1__m2,0.084452885043727,3.3449292575847984,0.000104,1.0,motif similar to transfac_pro__M08881 ('V$ETSLIKE_Q4: ETSLIKE'; q-value = 0.000104) which is directly annotated,"frozenset({'top5perTarget', 'activating', 'hg38__refseq-r80__10kb_up_and_down_tss.mc9nr.genes_vs_motifs.rankings'})","[('SBSN', 4.64297303374798), ('PLEKHA2', 5.15483583410214), ('FURIN', 4.179720973151326), ('IRAK1', 6.182135974719398), ('GADD45B', 2.097940363190253), ('ETS1', 1.0), ('PTPRE', 4.911682857162023), ('CCDC57', 7.427750128755779), ('PLPP5', 1.619743659004775), ('PSME4', 7.91844039082258)]",1255
ETS1,taipale_cyt_meth__ETV3_NNAGGAANNNNNNNTTCCTNN_eDBD_repr,0.09984525567981993,4.263127285224714,5e-06,1.0,gene is annotated for similar motif jaspar__MA0098.3 ('ETS1'; q-value = 5.31e-06),"frozenset({'top5perTarget', 'activating', 'hg38__refseq-r80__10kb_up_and_down_tss.mc9nr.genes_vs_motifs.rankings'})","[('SBSN', 4.64297303374798), ('IRAK1', 6.182135974719398), ('GADD45B', 2.097940363190253), ('PLEKHA2', 5.15483583410214), ('FURIN', 4.179720973151326), ('PTPRE', 4.911682857162023), ('RUNX3', 2.3528592982390157), ('ETS1', 1.0)]",672
ETS1,hocomoco__ELK4_MOUSE.H11MO.0.B,0.08355020984267661,3.2910821531459,3e-06,1.0,"gene is annotated for similar motif dbcorrdb__ETS1__ENCSR000BKQ_1__m3 ('ETS1 (ENCSR000BKQ-1, motif 3)'; q-value = 3.18e-06)","frozenset({'top5perTarget', 'activating', 'hg38__refseq-r80__10kb_up_and_down_tss.mc9nr.genes_vs_motifs.rankings'})","[('RUNX3', 2.3528592982390157), ('NFAT5', 27.591197120208115), ('PLEKHA2', 5.15483583410214), ('REPIN1', 3.971302432119289), ('PHRF1', 4.132708798647391), ('RSBN1', 3.0264723158235567), ('FABP5', 2.095084345553315)]",602
ETS1,homer__NRYTTCCGGH_Fli1,0.08277648824177627,3.2449274921982725,0.0,1.0,"motif similar to cisbp__M5418 ('ETS1[gene ID: ""ENSG00000134954"" species: ""Homo sapiens"" TF status: ""direct"" TF family: ""Ets"" DBDs: ""Ets""]'; q-value = 1.39e-07) which is directly annotated","frozenset({'top5perTarget', 'activating', 'hg38__refseq-r80__10kb_up_and_down_tss.mc9nr.genes_vs_motifs.rankings'})","[('ETS1', 1.0), ('RUNX3', 2.3528592982390157), ('FNTB', 5.749567018498512), ('C9orf40', 11.214237518748623), ('TMEM184B', 2.6693071827387693)]",312
ETS1,transfac_pro__M04692,0.08447633115284518,3.34632788367412,0.0,1.0,gene is directly annotated,"frozenset({'top5perTarget', 'activating', 'hg38__refseq-r80__10kb_up_and_down_tss.mc9nr.genes_vs_motifs.rankings'})","[('PLEKHA2', 5.15483583410214), ('GADD45B', 2.097940363190253), ('RUNX2', 3.2424912754153574), ('ARHGAP19', 5.267546534682166), ('NIN', 9.78142705540718), ('ETS1', 1.0), ('PLCL2', 6.239230080700297), ('PHRF1', 4.132708798647391), ('FBXL4', 4.292103268869435), ('CASS4', 3.827125448425408)]",1333
ETS1,tfdimers__MD00044,0.09875501160582402,4.198091172071241,0.0,1.0,gene is directly annotated,"frozenset({'top5perTarget', 'activating', 'hg38__refseq-r80__10kb_up_and_down_tss.mc9nr.genes_vs_motifs.rankings'})","[('REEP2', 1.5400334766308932), ('SH2D3C', 2.215425721142944), ('RUNX2', 3.2424912754153574), ('DKFZP434I0714', 4.106265831505685), ('PLCL2', 6.239230080700297), ('NFAT5', 27.591197120208115), ('PHRF1', 4.132708798647391)]",592
FLI1,dbcorrdb__POLR2A__ENCSR000BJM_1__m1,0.07191123788179765,3.0122858119670846,0.000946,0.966814,gene is orthologous to ENSMUSG00000016087 in M. musculus (identity = 96%) which is annotated for similar motif hocomoco__FLI1_MOUSE.H11MO.0.A ('FLI1_MOUSE'; q-value = 0.000946),"frozenset({'top5perTarget', 'activating', 'hg38__refseq-r80__10kb_up_and_down_tss.mc9nr.genes_vs_motifs.rankings'})","[('KANSL1-AS1', 7.084592878250366), ('SLC2A6', 3.993835564427674), ('LBH', 8.214186026152369), ('IKZF3', 1.657460271618325), ('STK39', 4.550569269321709), ('CCNG2', 1.6532348597724007), ('FLI1', 1.0), ('FAM126B', 7.446819664624546), ('CCDC69', 7.403117194249267)]",727
FLI1,dbcorrdb__ELF1__ENCSR000BPT_1__m2,0.0744919268578414,3.189375898475515,0.000861,1.0,motif similar to hocomoco__FLI1_HUMAN.H11MO.1.A ('FLI1_HUMAN'; q-value = 0.000861) which is directly annotated,"frozenset({'top5perTarget', 'activating', 'hg38__refseq-r80__10kb_up_and_down_tss.mc9nr.genes_vs_motifs.rankings'})","[('POU2F1', 7.566975673056265), ('ACTB', 0.2904743137727463), ('FLI1', 1.0), ('FAM120B', 2.510358489544529), ('DIAPH1', 2.7983314244628485), ('GOLGA8B', 13.993140682474328), ('CCNG2', 1.6532348597724007), ('AKT1', 3.6445981187999688), ('KANSL1-AS1', 7.084592878250366), ('LBH', 8.214186026152369), ('ANKH', 0.8211608964025967), ('GRK5', 3.622318241792247)]",1281
FLI1,dbcorrdb__POLR2A__ENCSR000BHH_1__m1,0.07889777415575816,3.4917106185343143,0.000398,0.966814,motif similar to hocomoco__FLI1_MOUSE.H11MO.0.A ('FLI1_MOUSE'; q-value = 0.000398) which is annotated for orthologous gene ENSMUSG00000016087 in M. musculus (identity = 96%),"frozenset({'top5perTarget', 'activating', 'hg38__refseq-r80__10kb_up_and_down_tss.mc9nr.genes_vs_motifs.rankings'})","[('ACTB', 0.2904743137727463), ('BIRC2', 5.251793876678439), ('POU2F1', 7.566975673056265), ('ZCCHC6', 5.140667092156583), ('MAN2A2', 8.392560107076305), ('TRRAP', 2.7566879146067813), ('MAP3K14', 2.9803640344319717), ('GOLGA8B', 13.993140682474328), ('PRIM2', 0.9667389179956092), ('ATP2C1', 9.945082360200267), ('FLI1', 1.0), ('LRRC58', 0.7109786354008958), ('AMIGO2', 26.83272503115605)]",1266
FLI1,dbcorrdb__POLR2A__ENCSR000EBC_1__m1,0.07677549703730115,3.346077323708303,0.000181,0.966814,motif similar to hocomoco__FLI1_MOUSE.H11MO.0.A ('FLI1_MOUSE'; q-value = 0.000181) which is annotated for orthologous gene ENSMUSG00000016087 in M. musculus (identity = 96%),"frozenset({'top5perTarget', 'activating', 'hg38__refseq-r80__10kb_up_and_down_tss.mc9nr.genes_vs_motifs.rankings'})","[('DUS3L', 1.819312551904404), ('FLI1', 1.0), ('SKAP1', 3.441262794532844), ('GRK5', 3.622318241792247), ('LBH', 8.214186026152369), ('CWC22', 10.403342520486952), ('GDPD5', 8.854676093061274), ('NAPEPLD', 2.70614225577264), ('MFSD12', 8.136474062970233), ('AMIGO2', 26.83272503115605), ('CD28', 8.523189207447887), ('LINC01006', 30.42197653498063)]",813
FLI1,dbcorrdb__POLR2A__ENCSR000DLY_1__m1,0.07318460415287187,3.0996657888626915,0.000175,0.966814,gene is orthologous to ENSMUSG00000016087 in M. musculus (identity = 96%) which is annotated for similar motif hocomoco__FLI1_MOUSE.H11MO.0.A ('FLI1_MOUSE'; q-value = 0.000175),"frozenset({'top5perTarget', 'activating', 'hg38__refseq-r80__10kb_up_and_down_tss.mc9nr.genes_vs_motifs.rankings'})","[('IKZF3', 1.657460271618325), ('CCNG2', 1.6532348597724007), ('LPIN1', 4.092173536564952), ('MAP3K14', 2.9803640344319717), ('CWC22', 10.403342520486952), ('FAM219A', 46.658197330771685), ('GRK5', 3.622318241792247), ('FLI1', 1.0)]",668
FLI1,dbcorrdb__POLR2A__ENCSR000EAM_1__m1,0.07354114670877264,3.124132182393461,9.1e-05,0.966814,motif similar to hocomoco__FLI1_MOUSE.H11MO.0.A ('FLI1_MOUSE'; q-value = 9.08e-05) which is annotated for orthologous gene ENSMUSG00000016087 in M. musculus (identity = 96%),"frozenset({'top5perTarget', 'activating', 'hg38__refseq-r80__10kb_up_and_down_tss.mc9nr.genes_vs_motifs.rankings'})","[('FAM120B', 2.510358489544529), ('CWC22', 10.403342520486952), ('FAM126B', 7.446819664624546), ('GGACT', 3.924714753854458), ('GOLGA8B', 13.993140682474328), ('GDPD5', 8.854676093061274), ('FLI1', 1.0), ('POU2F1', 7.566975673056265), ('ATP2C1', 9.945082360200267), ('IKZF3', 1.657460271618325)]",831
FLI1,dbcorrdb__ELK4__ENCSR000EVI_1__m1,0.07489940406458513,3.2173374910821084,2.6e-05,1.0,motif similar to taipale_cyt_meth__FLI1_NACCGGAARTN_FL ('FLI1 [ETS]'; q-value = 2.63e-05) which is directly annotated,"frozenset({'top5perTarget', 'activating', 'hg38__refseq-r80__10kb_up_and_down_tss.mc9nr.genes_vs_motifs.rankings'})","[('FAM120B', 2.510358489544529), ('CCNG2', 1.6532348597724007), ('FLI1', 1.0), ('POU2F1', 7.566975673056265), ('ARL8A', 3.0507081391309896), ('ATP2C1', 9.945082360200267), ('MAN2A2', 8.392560107076305), ('ZCCHC6', 5.140667092156583), ('PHKG1', 3.2102706057244235), ('STK39', 4.550569269321709), ('LINC01358', 4.64307691333525), ('AKT1', 3.6445981187999688), ('GOLGA8B', 13.993140682474328), ('ANKH', 0.8211608964025967), ('C7orf31', 2.3546402728087648), ('LBH', 8.214186026152369), ('ZNF800', 12.281816181916138)]",1875
FLI1,dbcorrdb__HCFC1__ENCSR000ECH_1__m3,0.07246302993259648,3.050150468621848,2e-06,0.966814,motif similar to hocomoco__FLI1_MOUSE.H11MO.0.A ('FLI1_MOUSE'; q-value = 1.8e-06) which is annotated for orthologous gene ENSMUSG00000016087 in M. musculus (identity = 96%),"frozenset({'top5perTarget', 'activating', 'hg38__refseq-r80__10kb_up_and_down_tss.mc9nr.genes_vs_motifs.rankings'})","[('ACTB', 0.2904743137727463), ('POU2F1', 7.566975673056265), ('ANKH', 0.8211608964025967), ('FLI1', 1.0), ('SKAP1', 3.441262794532844), ('CCNG2', 1.6532348597724007), ('MAP3K14', 2.9803640344319717), ('LINC01006', 30.42197653498063), ('IKZF3', 1.657460271618325), ('AKT1', 3.6445981187999688), ('GRK5', 3.622318241792247), ('STK39', 4.550569269321709), ('ANKRD54', 2.000823836185307), ('GOLGA8B', 13.993140682474328), ('IDNK', 2.350996094249192)]",1760
FLI1,dbcorrdb__ETS1__ENCSR000BKQ_1__m3,0.07385524372230429,3.1456859100277113,0.0,0.966814,motif similar to hocomoco__FLI1_MOUSE.H11MO.0.A ('FLI1_MOUSE'; q-value = 4.32e-08) which is annotated for orthologous gene ENSMUSG00000016087 in M. musculus (identity = 96%),"frozenset({'top5perTarget', 'activating', 'hg38__refseq-r80__10kb_up_and_down_tss.mc9nr.genes_vs_motifs.rankings'})","[('TYROBP', 2.666625850450651), ('LINC01358', 4.64307691333525), ('ANKRD54', 2.000823836185307), ('ARHGAP15', 1.959895781913428), ('C7orf31', 2.3546402728087648), ('BOD1L1', 3.6082781139285216), ('GOLGA8B', 13.993140682474328)]",325
FOSB,dbcorrdb__JUN__ENCSR000EEK_1__m1,0.09170135625083926,3.7474600090927037,7.6e-05,1.0,motif similar to taipale_cyt_meth__FOSB_NRTGACGTCAYN_eDBD ('FOSB [bZIP]'; q-value = 7.57e-05) which is directly annotated,"frozenset({'top5perTarget', 'activating', 'hg38__refseq-r80__10kb_up_and_down_tss.mc9nr.genes_vs_motifs.rankings'})","[('PHF1', 2.730889416808666), ('FCER1A', 5.378944149132331), ('ACTB', 0.3651709737293927), ('AIF1', 2.1504523907462), ('RHOH', 2.4058957210536622), ('AKNA', 1.9936978115670607)]",690
FOXP4,transfac_pro__M07717,0.11041358936484491,3.011773549853129,0.000827,0.116009,motif similar to swissregulon__sacCer__FKH2 ('sacCer__FKH2'; q-value = 0.000827) which is annotated for orthologous gene YNL068C in S. cerevisiae (identity = 11%),"frozenset({'top5perTarget', 'activating', 'hg38__refseq-r80__10kb_up_and_down_tss.mc9nr.genes_vs_motifs.rankings'})","[('CSNK1G2', 13.81514757970428), ('GNL3L', 15.14146026458898), ('U2SURP', 2.761585396498156)]",294
KDM5B,dbcorrdb__YY1__ENCSR000BNT_1__m1,0.10283604135893648,3.2984459448087424,0.000321,1.0,"motif similar to dbcorrdb__KDM5B__ENCSR000AQA_1__m2 ('KDM5B (ENCSR000AQA-1, motif 2)'; q-value = 0.000321) which is directly annotated","frozenset({'top5perTarget', 'activating', 'hg38__refseq-r80__10kb_up_and_down_tss.mc9nr.genes_vs_motifs.rankings'})","[('RLN2', 8.469341624958306), ('LINC01281', 4.650804017804324), ('TNFSF14', 4.829227061289304), ('LINC00869', 4.324052451959941), ('CEP164', 4.525501584068358), ('SP3', 4.142512424212741), ('PARP8', 6.797857128162397)]",832
NFATC2,swissregulon__sacCer__PDR3,0.07454389396782307,3.5499816865172455,0.000419,1.0,"motif similar to taipale_cyt_meth__NFATC2_NTTTCCGCGGAAAN_eDBD_meth ('NFATC2 [RHD_IPT, CpG-meth]'; q-value = 0.000419) which is directly annotated","frozenset({'top5perTarget', 'activating', 'hg38__refseq-r80__10kb_up_and_down_tss.mc9nr.genes_vs_motifs.rankings'})","[('IFT74', 12.91928177499465), ('NFATC2', 1.0), ('TSEN54', 3.222583584914007), ('SFXN1', 1.576294030664271), ('SYNC', 2.1784539085936783), ('MTA1', 7.097821678338148), ('TOB2', 6.7315053134704215), ('STT3B', 2.892156554681052)]",870
NFATC2,taipale_cyt_meth__NFATC2_NTTTCCGCGGAAAN_eDBD_meth,0.07324643698351231,3.4611955331127997,0.0,1.0,gene is directly annotated,"frozenset({'top5perTarget', 'activating', 'hg38__refseq-r80__10kb_up_and_down_tss.mc9nr.genes_vs_motifs.rankings'})","[('KRTDAP', 5.678565634510012), ('STT3B', 2.892156554681052), ('FAM78A', 13.264506706541676), ('ANO9', 22.19641630530562), ('PRRC2B', 1.630353153912427), ('BIN1', 2.0131328369259798), ('NFATC2', 1.0), ('ITGAD', 3.541895224935188), ('HIST1H3H', 11.91221883749516), ('TMEM168', 25.14995392876869)]",1550
POU2F1,taipale_cyt_meth__POU1F1_NTATGCWAATKAGN_eDBD_repr,0.13068033712746546,3.034121618580633,0.000108,1.0,motif similar to transfac_public__M00210 ('V$OCT_C: OCT-x'; q-value = 0.000108) which is directly annotated,"frozenset({'top5perTarget', 'activating', 'hg38__refseq-r80__10kb_up_and_down_tss.mc9nr.genes_vs_motifs.rankings'})","[('C1orf228', 2.794799260980582), ('POU2F1', 1.0), ('MICAL1', 3.01784230475854)]",47
POU2F1,taipale_cyt_meth__POU3F2_NTATGCWAATKAN_eDBD,0.14679815796333304,3.5292379422078035,8.8e-05,1.0,motif similar to transfac_public__M00210 ('V$OCT_C: OCT-x'; q-value = 8.75e-05) which is directly annotated,"frozenset({'top5perTarget', 'activating', 'hg38__refseq-r80__10kb_up_and_down_tss.mc9nr.genes_vs_motifs.rankings'})","[('MAP3K14', 7.33215436317952), ('MAN2A2', 14.03314933789921), ('MICAL1', 3.01784230475854), ('BOD1L1', 17.304391423241462)]",923
POU2F1,taipale_cyt_meth__POU3F4_NTATGCWAATKAN_eDBD,0.15648622816925883,3.826841554522788,2.4e-05,1.0,motif similar to transfac_public__M00210 ('V$OCT_C: OCT-x'; q-value = 2.39e-05) which is directly annotated,"frozenset({'top5perTarget', 'activating', 'hg38__refseq-r80__10kb_up_and_down_tss.mc9nr.genes_vs_motifs.rankings'})","[('NAPEPLD', 7.244082280101755), ('POU2F1', 1.0), ('BOD1L1', 17.304391423241462), ('MICAL1', 3.01784230475854), ('MAP3K14', 7.33215436317952), ('ANKRD54', 5.655057713771575), ('MAP2K3', 3.3947657456855613)]",2355
POU2F1,transfac_pro__M07850,0.13176644365279347,3.067485252248232,0.0,0.274151,gene is orthologous to FBgn0085424 in D. melanogaster (identity = 27%) which is directly annotated for motif,"frozenset({'top5perTarget', 'activating', 'hg38__refseq-r80__10kb_up_and_down_tss.mc9nr.genes_vs_motifs.rankings'})","[('POU2F1', 1.0), ('C1orf228', 2.794799260980582)]",167
POU2F1,taipale_tf_pairs__POU2F1_SOX15_NNNGMATAACAAWRRN_CAP_repr,0.14036840733339126,3.331725230895617,0.0,1.0,gene is directly annotated,"frozenset({'top5perTarget', 'activating', 'hg38__refseq-r80__10kb_up_and_down_tss.mc9nr.genes_vs_motifs.rankings'})","[('POU2F1', 1.0), ('BLOC1S5', 12.112380145660078), ('MAP3K14', 7.33215436317952)]",606
POU2F1,taipale__POU1F1_DBD_NWTATGCWAATKAG_repr,0.13650186810322357,3.2129506950389644,0.0,1.0,gene is annotated for similar motif jaspar__MA0785.1 ('POU2F1'; q-value = 3.04e-09),"frozenset({'top5perTarget', 'activating', 'hg38__refseq-r80__10kb_up_and_down_tss.mc9nr.genes_vs_motifs.rankings'})","[('MAP3K14', 7.33215436317952), ('C1orf228', 2.794799260980582), ('IL15RA', 5.595308741777477)]",481
POU2F1,cisbp__M5724,0.13450343209662002,3.151561609090581,0.0,1.0,gene is annotated for similar motif jaspar__MA0785.1 ('POU2F1'; q-value = 2.06e-10),"frozenset({'top5perTarget', 'activating', 'hg38__refseq-r80__10kb_up_and_down_tss.mc9nr.genes_vs_motifs.rankings'})","[('POU2F1', 1.0), ('BOD1L1', 17.304391423241462), ('BLOC1S5', 12.112380145660078), ('NAPEPLD', 7.244082280101755)]",1263
RBBP5,dbcorrdb__CREB1__ENCSR000BRB_1__m1,0.10879641420058066,3.519413482834146,0.000873,1.0,"gene is annotated for similar motif dbcorrdb__RBBP5__ENCSR000AQC_1__m5 ('RBBP5 (ENCSR000AQC-1, motif 5)'; q-value = 0.000873)","frozenset({'top5perTarget', 'activating', 'hg38__refseq-r80__10kb_up_and_down_tss.mc9nr.genes_vs_motifs.rankings'})","[('HECA', 9.128450043154066), ('TRAF5', 2.055411370234168), ('CCL2', 11.179604797579366), ('CCL21', 6.3752557075324), ('LINC00959', 8.609173356305229), ('KRBOX4', 10.671685350981813), ('DCN', 5.448868377855349), ('THY1', 9.269060391579725), ('C1orf216', 2.5831233680189025), ('IGFBP2', 8.042473485304274), ('SLC20A1', 1.6376185804780552), ('CPE', 18.84107238147913), ('DPF2', 6.4509329138314015)]",1762
RBBP5,hocomoco__TBX15_HUMAN.H11MO.0.D,0.10230224621810217,3.2027335536083363,4e-06,1.0,"gene is annotated for similar motif dbcorrdb__RBBP5__ENCSR000AQC_1__m5 ('RBBP5 (ENCSR000AQC-1, motif 5)'; q-value = 3.75e-06)","frozenset({'top5perTarget', 'activating', 'hg38__refseq-r80__10kb_up_and_down_tss.mc9nr.genes_vs_motifs.rankings'})","[('FBRS', 2.426323141832648), ('SPARC', 2.81070340929382), ('NAPEPLD', 5.007627287324149), ('LINC00959', 8.609173356305229), ('SERPING1', 2.964296199662066), ('CPE', 18.84107238147913), ('IGFBP4', 4.569851874316309), ('SLC20A1', 1.6376185804780552)]",693
REL,transfac_pro__M01223,0.07322964636371536,3.0879275655181595,0.000307,1.0,motif similar to transfac_pro__M03545 ('V$CREL_Q6: c-Rel'; q-value = 0.000307) which is directly annotated,"frozenset({'top5perTarget', 'activating', 'hg38__refseq-r80__10kb_up_and_down_tss.mc9nr.genes_vs_motifs.rankings'})","[('HOXB2', 3.17296525127455), ('LINC00936', 0.7251095874973684), ('EPC1', 4.010686568499811), ('CAMK2D', 1.428816265797094), ('TMC6', 3.607132953273152), ('PRPF39', 1.267646810802329)]",276
RFX2,cisbp__M1526,0.09575024618414574,3.3301260469231906,0.000387,1.0,gene is annotated for similar motif transfac_pro__M07305 ('V$RFX_Q6_01: RFX'; q-value = 0.000387),"frozenset({'top5perTarget', 'activating', 'hg38__refseq-r80__10kb_up_and_down_tss.mc9nr.genes_vs_motifs.rankings'})","[('RFX2', 1.0), ('POU6F1', 6.421948556462631), ('KANK3', 7.339863213470711), ('SLC6A6', 1.3993207940904455), ('NCK2', 1.895635468971824), ('TMEM91', 9.91342423648599)]",734
RUNX3,transfac_pro__M07889,0.08734234746051585,3.372408944349261,0.0,0.305361,gene is orthologous to FBgn0002576 in D. melanogaster (identity = 30%) which is directly annotated for motif,"frozenset({'top5perTarget', 'activating', 'hg38__refseq-r80__10kb_up_and_down_tss.mc9nr.genes_vs_motifs.rankings'})","[('FKBP11', 1.9745313529383373), ('MARCH9', 13.57099439909196), ('SPAG9', 6.06530958301926), ('INTS6', 1.6325166242274989), ('RGS1', 2.5570359621896723), ('CASK', 3.0511718484714705), ('RHBDF2', 19.867407479499278)]",601
SP2,transfac_pro__M05665,0.10978054441865373,3.0019874220604112,0.000654,1.0,gene is annotated for similar motif transfac_pro__M05332 ('V$SP2_05: Sp2'; q-value = 0.000654),"frozenset({'top5perTarget', 'activating', 'hg38__refseq-r80__10kb_up_and_down_tss.mc9nr.genes_vs_motifs.rankings'})","[('FBXW11', 8.274588756243316), ('SETD5', 4.551006136015698), ('NACC1', 7.538692132863962), ('DOK2', 3.099547534382172)]",555
SP2,transfac_pro__M01783,0.1178254906098333,3.311608165905936,0.0,1.0,gene is directly annotated,"frozenset({'top5perTarget', 'activating', 'hg38__refseq-r80__10kb_up_and_down_tss.mc9nr.genes_vs_motifs.rankings'})","[('SETD5', 4.551006136015698), ('NACC1', 7.538692132863962), ('ACVR2A', 7.153853855499942), ('FAM168A', 32.535734259391994), ('HPCAL1', 15.34213907251781), ('FBXW11', 8.274588756243316), ('KCTD10', 21.36016388528705), ('STMN3', 5.064729365816176), ('DNAJB1', 3.229163936749107), ('PRIM2', 5.768880928936162)]",2963
SP2,transfac_pro__M05332,0.11313040725891538,3.130911469497728,0.0,1.0,gene is directly annotated,"frozenset({'top5perTarget', 'activating', 'hg38__refseq-r80__10kb_up_and_down_tss.mc9nr.genes_vs_motifs.rankings'})","[('USP8', 3.842436160705496), ('ACVR2A', 7.153853855499942), ('AKT1', 5.951847560922498), ('HPCAL1', 15.34213907251781)]",544
XRCC4,dbcorrdb__GABPA__ENCSR000BPY_1__m1,0.10273519075026741,4.764031746917437,0.000953,1.0,"gene is annotated for similar motif dbcorrdb__XRCC4__ENCSR000FAC_1__m1 ('XRCC4 (ENCSR000FAC-1, motif 1)'; q-value = 0.000953)","frozenset({'top5perTarget', 'activating', 'hg38__refseq-r80__10kb_up_and_down_tss.mc9nr.genes_vs_motifs.rankings'})","[('XRCC4', 1.0), ('PHRF1', 2.707782000820672), ('EIF1AD', 2.345582565741165), ('IPO4', 2.783573290954656), ('MAP3K11', 4.575960565572667), ('G2E3', 2.3721461103201182), ('TBP', 8.980324816475811)]",906
XRCC4,dbcorrdb__POLR2A__ENCSR000BGO_1__m1,0.1040976926603168,4.846413938309731,0.000909,1.0,"gene is annotated for similar motif dbcorrdb__XRCC4__ENCSR000FAC_1__m1 ('XRCC4 (ENCSR000FAC-1, motif 1)'; q-value = 0.000909)","frozenset({'top5perTarget', 'activating', 'hg38__refseq-r80__10kb_up_and_down_tss.mc9nr.genes_vs_motifs.rankings'})","[('MBTPS1', 2.4838976892552798), ('RUNX2', 8.7706013061233), ('TBP', 8.980324816475811), ('SELL', 5.460897137875518), ('KIAA0586', 10.76377510367696), ('PHTF1', 1.4917693150069131), ('EIF1AD', 2.345582565741165), ('SULF2', 2.500362338156665), ('PVT1', 2.2192326359069927), ('GMDS', 2.3428782826402785), ('RAB3IP', 3.912530336219741), ('SF3A2', 2.0639088789737388), ('CAMK2N1', 6.821857093095124), ('G2E3', 2.3721461103201182), ('PHRF1', 2.707782000820672), ('APOL3', 4.097632402953599)]",3437
XRCC4,dbcorrdb__POLR2AphosphoS5__ENCSR000BML_1__m1,0.0948403198696073,4.286676993055537,0.000686,1.0,"gene is annotated for similar motif dbcorrdb__XRCC4__ENCSR000FAC_1__m1 ('XRCC4 (ENCSR000FAC-1, motif 1)'; q-value = 0.000686)","frozenset({'top5perTarget', 'activating', 'hg38__refseq-r80__10kb_up_and_down_tss.mc9nr.genes_vs_motifs.rankings'})","[('RUNX2', 8.7706013061233), ('SETD5', 1.3239703562479272), ('PVT1', 2.2192326359069927), ('WDTC1', 5.7688318855820615), ('GMDS', 2.3428782826402785), ('RAB3IP', 3.912530336219741), ('CAMK2N1', 6.821857093095124), ('SULF2', 2.500362338156665)]",991
XRCC4,dbcorrdb__POLR2A__ENCSR000EHP_1__m1,0.08802781031936026,3.87476603609406,0.000667,1.0,"gene is annotated for similar motif dbcorrdb__XRCC4__ENCSR000FAC_1__m1 ('XRCC4 (ENCSR000FAC-1, motif 1)'; q-value = 0.000667)","frozenset({'top5perTarget', 'activating', 'hg38__refseq-r80__10kb_up_and_down_tss.mc9nr.genes_vs_motifs.rankings'})","[('PHRF1', 2.707782000820672), ('CAMK2N1', 6.821857093095124), ('SULF2', 2.500362338156665), ('MAP3K11', 4.575960565572667), ('PVT1', 2.2192326359069927), ('NACC1', 1.656221049921228)]",491
XRCC4,dbcorrdb__POLR2A__ENCSR000DMK_1__m1,0.08559568074160852,3.7277099748237013,0.000608,1.0,"gene is annotated for similar motif dbcorrdb__XRCC4__ENCSR000FAC_1__m1 ('XRCC4 (ENCSR000FAC-1, motif 1)'; q-value = 0.000608)","frozenset({'top5perTarget', 'activating', 'hg38__refseq-r80__10kb_up_and_down_tss.mc9nr.genes_vs_motifs.rankings'})","[('RUNX2', 8.7706013061233), ('CLK4', 2.444603312626894), ('SULF2', 2.500362338156665), ('APOL3', 4.097632402953599), ('SETD5', 1.3239703562479272), ('PLA2G4C', 3.6774925060861943)]",475
XRCC4,dbcorrdb__POLR2A__ENCSR000EBK_1__m1,0.096139153466103,4.365209549336044,0.000608,1.0,"gene is annotated for similar motif dbcorrdb__XRCC4__ENCSR000FAC_1__m1 ('XRCC4 (ENCSR000FAC-1, motif 1)'; q-value = 0.000608)","frozenset({'top5perTarget', 'activating', 'hg38__refseq-r80__10kb_up_and_down_tss.mc9nr.genes_vs_motifs.rankings'})","[('APOL3', 4.097632402953599), ('RUNX2', 8.7706013061233), ('SULF2', 2.500362338156665), ('GTF2H2', 2.0793019496308154), ('PVT1', 2.2192326359069927), ('WDTC1', 5.7688318855820615)]",682
XRCC4,dbcorrdb__GABPA__ENCSR000BHS_1__m1,0.107841389497275,5.072772482882955,0.000503,1.0,"gene is annotated for similar motif dbcorrdb__XRCC4__ENCSR000FAC_1__m1 ('XRCC4 (ENCSR000FAC-1, motif 1)'; q-value = 0.000503)","frozenset({'top5perTarget', 'activating', 'hg38__refseq-r80__10kb_up_and_down_tss.mc9nr.genes_vs_motifs.rankings'})","[('PHRF1', 2.707782000820672), ('XRCC4', 1.0), ('MAP3K11', 4.575960565572667), ('GTF2H2', 2.0793019496308154), ('NACC1', 1.656221049921228), ('EIF1AD', 2.345582565741165), ('PDPK1', 2.024853218338964), ('G2E3', 2.3721461103201182)]",584
XRCC4,dbcorrdb__POLR2A__ENCSR000EZL_1__m1,0.08832068456170733,3.8924743576082927,0.000463,1.0,"gene is annotated for similar motif dbcorrdb__XRCC4__ENCSR000FAC_1__m1 ('XRCC4 (ENCSR000FAC-1, motif 1)'; q-value = 0.000463)","frozenset({'top5perTarget', 'activating', 'hg38__refseq-r80__10kb_up_and_down_tss.mc9nr.genes_vs_motifs.rankings'})","[('CAMK2N1', 6.821857093095124), ('RUNX2', 8.7706013061233), ('PHRF1', 2.707782000820672), ('APOL3', 4.097632402953599), ('MBTPS1', 2.4838976892552798), ('CLK4', 2.444603312626894), ('WDTC1', 5.7688318855820615)]",804
XRCC4,dbcorrdb__ELK1__ENCSR000ECI_1__m1,0.08823154892273213,3.887084868451787,0.000463,1.0,"gene is annotated for similar motif dbcorrdb__XRCC4__ENCSR000FAC_1__m1 ('XRCC4 (ENCSR000FAC-1, motif 1)'; q-value = 0.000463)","frozenset({'top5perTarget', 'activating', 'hg38__refseq-r80__10kb_up_and_down_tss.mc9nr.genes_vs_motifs.rankings'})","[('NACC1', 1.656221049921228), ('CAMK2N1', 6.821857093095124), ('PHRF1', 2.707782000820672), ('PVT1', 2.2192326359069927)]",125
XRCC4,dbcorrdb__BCLAF1__ENCSR000BJZ_1__m1,0.08758213212448429,3.8478185903115345,0.000463,1.0,"gene is annotated for similar motif dbcorrdb__XRCC4__ENCSR000FAC_1__m1 ('XRCC4 (ENCSR000FAC-1, motif 1)'; q-value = 0.000463)","frozenset({'top5perTarget', 'activating', 'hg38__refseq-r80__10kb_up_and_down_tss.mc9nr.genes_vs_motifs.rankings'})","[('EIF1AD', 2.345582565741165), ('MBTPS1', 2.4838976892552798), ('REEP2', 7.245899495902504), ('KIAA0586', 10.76377510367696), ('TBP', 8.980324816475811), ('RUNX2', 8.7706013061233), ('PHTF1', 1.4917693150069131)]",397
XRCC4,dbcorrdb__POLR2A__ENCSR000EAM_1__m1,0.0975016553761524,4.447591740728338,0.000419,1.0,"gene is annotated for similar motif dbcorrdb__XRCC4__ENCSR000FAC_1__m1 ('XRCC4 (ENCSR000FAC-1, motif 1)'; q-value = 0.000419)","frozenset({'top5perTarget', 'activating', 'hg38__refseq-r80__10kb_up_and_down_tss.mc9nr.genes_vs_motifs.rankings'})","[('XRCC4', 1.0), ('PHRF1', 2.707782000820672), ('EIF1AD', 2.345582565741165), ('IPO4', 2.783573290954656), ('G2E3', 2.3721461103201182), ('TBP', 8.980324816475811), ('GTF2H2', 2.0793019496308154), ('MAP3K11', 4.575960565572667), ('EIF5A2', 0.4892677525342039), ('SETD5', 1.3239703562479272), ('MBTPS1', 2.4838976892552798), ('PDPK1', 2.024853218338964), ('PSME4', 9.195396644665722), ('NELFB', 0.7144810441846435), ('TATDN2', 5.414355007598392), ('NACC1', 1.656221049921228), ('SF3A2', 2.0639088789737388), ('MYSM1', 1.5605424116161988), ('CAMK2N1', 6.821857093095124), ('SULF2', 2.500362338156665)]",4836
XRCC4,dbcorrdb__HCFC1__ENCSR000ECH_1__m3,0.11022258442418377,5.216748836063882,0.000419,1.0,"gene is annotated for similar motif dbcorrdb__XRCC4__ENCSR000FAC_1__m1 ('XRCC4 (ENCSR000FAC-1, motif 1)'; q-value = 0.000419)","frozenset({'top5perTarget', 'activating', 'hg38__refseq-r80__10kb_up_and_down_tss.mc9nr.genes_vs_motifs.rankings'})","[('XRCC4', 1.0), ('EIF1AD', 2.345582565741165), ('PHRF1', 2.707782000820672), ('TBP', 8.980324816475811), ('IPO4', 2.783573290954656), ('MAP3K11', 4.575960565572667), ('GTF2H2', 2.0793019496308154), ('EIF5A2', 0.4892677525342039), ('SULF2', 2.500362338156665), ('MBTPS1', 2.4838976892552798), ('G2E3', 2.3721461103201182), ('PSME4', 9.195396644665722), ('PVT1', 2.2192326359069927), ('SETD5', 1.3239703562479272), ('BORA', 2.7226746700077444), ('PDPK1', 2.024853218338964), ('MMP25-AS1', 4.986063122676652), ('PHTF1', 1.4917693150069131), ('CAMK2N1', 6.821857093095124), ('SF3A2', 2.0639088789737388), ('TFEB', 7.212868838540827), ('NELFB', 0.7144810441846435), ('WDTC1', 5.7688318855820615)]",4988
XRCC4,dbcorrdb__POLR2A__ENCSR000BMR_1__m1,0.0874038608465339,3.8370396119985237,0.000391,1.0,"gene is annotated for similar motif dbcorrdb__XRCC4__ENCSR000FAC_1__m1 ('XRCC4 (ENCSR000FAC-1, motif 1)'; q-value = 0.000391)","frozenset({'top5perTarget', 'activating', 'hg38__refseq-r80__10kb_up_and_down_tss.mc9nr.genes_vs_motifs.rankings'})","[('PHRF1', 2.707782000820672), ('RAB3IP', 3.912530336219741), ('SETD5', 1.3239703562479272), ('MBTPS1', 2.4838976892552798)]",217
XRCC4,dbcorrdb__GABPA__ENCSR000BGC_1__m1,0.10132175418937503,4.67856984743571,0.000374,1.0,"gene is annotated for similar motif dbcorrdb__XRCC4__ENCSR000FAC_1__m1 ('XRCC4 (ENCSR000FAC-1, motif 1)'; q-value = 0.000374)","frozenset({'top5perTarget', 'activating', 'hg38__refseq-r80__10kb_up_and_down_tss.mc9nr.genes_vs_motifs.rankings'})","[('LINS1', 1.6096070549092394), ('RAB3IP', 3.912530336219741), ('SULF2', 2.500362338156665), ('GTF2H2', 2.0793019496308154), ('REEP2', 7.245899495902504), ('RUNX2', 8.7706013061233), ('SF3A2', 2.0639088789737388)]",882
XRCC4,dbcorrdb__GABPA__ENCSR000BIW_1__m1,0.11473030102378648,5.4893030019785805,0.00036,1.0,"gene is annotated for similar motif dbcorrdb__XRCC4__ENCSR000FAC_1__m1 ('XRCC4 (ENCSR000FAC-1, motif 1)'; q-value = 0.00036)","frozenset({'top5perTarget', 'activating', 'hg38__refseq-r80__10kb_up_and_down_tss.mc9nr.genes_vs_motifs.rankings'})","[('RAB3IP', 3.912530336219741), ('NACC1', 1.656221049921228), ('TFEB', 7.212868838540827), ('APOL3', 4.097632402953599), ('SETD5', 1.3239703562479272), ('PHRF1', 2.707782000820672), ('SULF2', 2.500362338156665), ('TBP', 8.980324816475811), ('PVT1', 2.2192326359069927), ('REEP2', 7.245899495902504)]",884
XRCC4,dbcorrdb__ELK1__ENCSR000DZB_1__m1,0.0945729129526817,4.270508525586021,0.000332,1.0,"gene is annotated for similar motif dbcorrdb__XRCC4__ENCSR000FAC_1__m1 ('XRCC4 (ENCSR000FAC-1, motif 1)'; q-value = 0.000332)","frozenset({'top5perTarget', 'activating', 'hg38__refseq-r80__10kb_up_and_down_tss.mc9nr.genes_vs_motifs.rankings'})","[('NACC1', 1.656221049921228), ('MBTPS1', 2.4838976892552798), ('SULF2', 2.500362338156665), ('TFEB', 7.212868838540827)]",252
XRCC4,dbcorrdb__GABPA__ENCSR000BLO_1__m1,0.07543421789843631,3.113308210982096,0.000317,1.0,"gene is annotated for similar motif dbcorrdb__XRCC4__ENCSR000FAC_1__m1 ('XRCC4 (ENCSR000FAC-1, motif 1)'; q-value = 0.000317)","frozenset({'top5perTarget', 'activating', 'hg38__refseq-r80__10kb_up_and_down_tss.mc9nr.genes_vs_motifs.rankings'})","[('XRCC4', 1.0), ('PHRF1', 2.707782000820672), ('MAP3K11', 4.575960565572667), ('G2E3', 2.3721461103201182), ('EIF1AD', 2.345582565741165), ('TBP', 8.980324816475811), ('MBTPS1', 2.4838976892552798), ('GTF2H2', 2.0793019496308154), ('PDPK1', 2.024853218338964), ('NELFB', 0.7144810441846435)]",1680
XRCC4,dbcorrdb__ELK4__ENCSR000EVI_1__m1,0.0885244231650792,3.904793189966018,0.000308,1.0,"gene is annotated for similar motif dbcorrdb__XRCC4__ENCSR000FAC_1__m1 ('XRCC4 (ENCSR000FAC-1, motif 1)'; q-value = 0.000308)","frozenset({'top5perTarget', 'activating', 'hg38__refseq-r80__10kb_up_and_down_tss.mc9nr.genes_vs_motifs.rankings'})","[('XRCC4', 1.0), ('PHRF1', 2.707782000820672), ('EIF1AD', 2.345582565741165), ('KIAA0586', 10.76377510367696), ('PDPK1', 2.024853218338964), ('GTF2H2', 2.0793019496308154), ('TFEB', 7.212868838540827), ('SULF2', 2.500362338156665), ('SETD5', 1.3239703562479272), ('NACC1', 1.656221049921228), ('G2E3', 2.3721461103201182)]",1433
XRCC4,dbcorrdb__SIN3A__ENCSR000BLR_1__m2,0.09803646921000357,4.479928675667371,0.000293,1.0,"gene is annotated for similar motif dbcorrdb__XRCC4__ENCSR000FAC_1__m1 ('XRCC4 (ENCSR000FAC-1, motif 1)'; q-value = 0.000293)","frozenset({'top5perTarget', 'activating', 'hg38__refseq-r80__10kb_up_and_down_tss.mc9nr.genes_vs_motifs.rankings'})","[('XRCC4', 1.0), ('IPO4', 2.783573290954656), ('MAP3K11', 4.575960565572667), ('RUNX2', 8.7706013061233), ('PHRF1', 2.707782000820672), ('EIF1AD', 2.345582565741165), ('SETD5', 1.3239703562479272), ('PHTF1', 1.4917693150069131), ('G2E3', 2.3721461103201182), ('TBP', 8.980324816475811), ('PVT1', 2.2192326359069927), ('SULF2', 2.500362338156665), ('CAMK2N1', 6.821857093095124), ('GTF2H2', 2.0793019496308154)]",2016
XRCC4,dbcorrdb__POLR2A__ENCSR000EAY_1__m1,0.10668262619059746,5.002709123848386,0.000293,1.0,"gene is annotated for similar motif dbcorrdb__XRCC4__ENCSR000FAC_1__m1 ('XRCC4 (ENCSR000FAC-1, motif 1)'; q-value = 0.000293)","frozenset({'top5perTarget', 'activating', 'hg38__refseq-r80__10kb_up_and_down_tss.mc9nr.genes_vs_motifs.rankings'})","[('XRCC4', 1.0), ('KIAA0586', 10.76377510367696), ('CLK4', 2.444603312626894), ('G2E3', 2.3721461103201182), ('TFEB', 7.212868838540827), ('PHRF1', 2.707782000820672), ('GTF2H2', 2.0793019496308154), ('SULF2', 2.500362338156665)]",947
XRCC4,dbcorrdb__POLR2A__ENCSR000EBC_1__m1,0.09876228798451586,4.523814515941772,0.000283,1.0,"gene is annotated for similar motif dbcorrdb__XRCC4__ENCSR000FAC_1__m1 ('XRCC4 (ENCSR000FAC-1, motif 1)'; q-value = 0.000283)","frozenset({'top5perTarget', 'activating', 'hg38__refseq-r80__10kb_up_and_down_tss.mc9nr.genes_vs_motifs.rankings'})","[('MBTPS1', 2.4838976892552798), ('SELL', 5.460897137875518), ('KIAA0586', 10.76377510367696), ('RUNX2', 8.7706013061233), ('TBP', 8.980324816475811)]",383
XRCC4,dbcorrdb__TAF1__ENCSR000BGS_1__m2,0.08512453522131105,3.6992226749964585,0.000273,1.0,"gene is annotated for similar motif dbcorrdb__XRCC4__ENCSR000FAC_1__m1 ('XRCC4 (ENCSR000FAC-1, motif 1)'; q-value = 0.000273)","frozenset({'top5perTarget', 'activating', 'hg38__refseq-r80__10kb_up_and_down_tss.mc9nr.genes_vs_motifs.rankings'})","[('XRCC4', 1.0), ('PHRF1', 2.707782000820672), ('EIF1AD', 2.345582565741165), ('GTF2H2', 2.0793019496308154), ('MAP3K11', 4.575960565572667), ('G2E3', 2.3721461103201182), ('IPO4', 2.783573290954656), ('EIF5A2', 0.4892677525342039), ('PSME4', 9.195396644665722), ('PDPK1', 2.024853218338964), ('SETD5', 1.3239703562479272), ('NUDT14', 0.713875464433442), ('TATDN2', 5.414355007598392), ('RUNX2', 8.7706013061233), ('MMP25-AS1', 4.986063122676652), ('TFEB', 7.212868838540827), ('MBTPS1', 2.4838976892552798), ('TBP', 8.980324816475811), ('SULF2', 2.500362338156665)]",4619
XRCC4,dbcorrdb__SIN3A__ENCSR000BGL_1__m1,0.0908801507665665,4.047229689102231,0.000236,1.0,"gene is annotated for similar motif dbcorrdb__XRCC4__ENCSR000FAC_1__m1 ('XRCC4 (ENCSR000FAC-1, motif 1)'; q-value = 0.000236)","frozenset({'top5perTarget', 'activating', 'hg38__refseq-r80__10kb_up_and_down_tss.mc9nr.genes_vs_motifs.rankings'})","[('CLK4', 2.444603312626894), ('GTF2H2', 2.0793019496308154), ('TFEB', 7.212868838540827), ('RUNX2', 8.7706013061233), ('G2E3', 2.3721461103201182), ('PHRF1', 2.707782000820672), ('EIF1AD', 2.345582565741165), ('SETD5', 1.3239703562479272), ('TCEANC2', 6.284380388845327), ('KIAA0586', 10.76377510367696), ('XRCC4', 1.0), ('RAB3IP', 3.912530336219741), ('APOL3', 4.097632402953599), ('SULF2', 2.500362338156665), ('SLC17A5', 3.285417184289128), ('GCSAM', 5.135477214024761), ('TBP', 8.980324816475811), ('WDTC1', 5.7688318855820615), ('CAMK2N1', 6.821857093095124), ('MBTPS1', 2.4838976892552798)]",4711
XRCC4,dbcorrdb__ELF1__ENCSR000BPT_1__m2,0.10697550043294453,5.020417445362617,0.000189,1.0,"gene is annotated for similar motif dbcorrdb__XRCC4__ENCSR000FAC_1__m1 ('XRCC4 (ENCSR000FAC-1, motif 1)'; q-value = 0.000189)","frozenset({'top5perTarget', 'activating', 'hg38__refseq-r80__10kb_up_and_down_tss.mc9nr.genes_vs_motifs.rankings'})","[('SELL', 5.460897137875518), ('GTF2H2', 2.0793019496308154), ('PVT1', 2.2192326359069927), ('CLK4', 2.444603312626894), ('MBTPS1', 2.4838976892552798), ('SULF2', 2.500362338156665), ('RAB3IP', 3.912530336219741), ('SETD5', 1.3239703562479272), ('G2E3', 2.3721461103201182)]",1089
XRCC4,dbcorrdb__POLR2A__ENCSR000EBG_1__m1,0.10915295675648143,5.152074966185819,0.00012,1.0,"gene is annotated for similar motif dbcorrdb__XRCC4__ENCSR000FAC_1__m1 ('XRCC4 (ENCSR000FAC-1, motif 1)'; q-value = 0.00012)","frozenset({'top5perTarget', 'activating', 'hg38__refseq-r80__10kb_up_and_down_tss.mc9nr.genes_vs_motifs.rankings'})","[('MAP3K11', 4.575960565572667), ('PHRF1', 2.707782000820672), ('XRCC4', 1.0), ('EIF5A2', 0.4892677525342039), ('PDPK1', 2.024853218338964), ('EIF1AD', 2.345582565741165), ('G2E3', 2.3721461103201182), ('CHAC2', 0.8633040824938829), ('GTF2H2', 2.0793019496308154), ('SETD5', 1.3239703562479272), ('PSME4', 9.195396644665722), ('TFEB', 7.212868838540827), ('SULF2', 2.500362338156665)]",2574
XRCC4,dbcorrdb__ELK4__ENCSR000EVB_1__m1,0.08774766973972394,3.8578276416021864,8.2e-05,1.0,"gene is annotated for similar motif dbcorrdb__XRCC4__ENCSR000FAC_1__m1 ('XRCC4 (ENCSR000FAC-1, motif 1)'; q-value = 8.21e-05)","frozenset({'top5perTarget', 'activating', 'hg38__refseq-r80__10kb_up_and_down_tss.mc9nr.genes_vs_motifs.rankings'})","[('TBP', 8.980324816475811), ('MAP3K11', 4.575960565572667), ('IPO4', 2.783573290954656), ('TATDN2', 5.414355007598392), ('PHRF1', 2.707782000820672), ('XRCC4', 1.0), ('GTF2H2', 2.0793019496308154), ('MBTPS1', 2.4838976892552798), ('G2E3', 2.3721461103201182), ('EIF1AD', 2.345582565741165), ('SULF2', 2.500362338156665), ('SETD5', 1.3239703562479272), ('CAMK2N1', 6.821857093095124), ('ALDH1B1', 2.5806402291335733), ('WDTC1', 5.7688318855820615), ('PVT1', 2.2192326359069927), ('MMP25-AS1', 4.986063122676652), ('RAB3IP', 3.912530336219741), ('RUNX2', 8.7706013061233)]",3386
XRCC4,dbcorrdb__GABPA__ENCSR000BJK_1__m1,0.08860082514134365,3.9094127521001663,7.9e-05,1.0,"gene is annotated for similar motif dbcorrdb__XRCC4__ENCSR000FAC_1__m1 ('XRCC4 (ENCSR000FAC-1, motif 1)'; q-value = 7.93e-05)","frozenset({'top5perTarget', 'activating', 'hg38__refseq-r80__10kb_up_and_down_tss.mc9nr.genes_vs_motifs.rankings'})","[('MAP3K11', 4.575960565572667), ('PHRF1', 2.707782000820672), ('EIF1AD', 2.345582565741165), ('XRCC4', 1.0), ('BORA', 2.7226746700077444), ('GTF2H2', 2.0793019496308154), ('G2E3', 2.3721461103201182), ('MBTPS1', 2.4838976892552798), ('SF3A2', 2.0639088789737388), ('TATDN2', 5.414355007598392), ('SULF2', 2.500362338156665), ('PSME4', 9.195396644665722), ('EIF5A2', 0.4892677525342039), ('PDPK1', 2.024853218338964), ('IPO4', 2.783573290954656), ('PVT1', 2.2192326359069927), ('MMP25-AS1', 4.986063122676652), ('SETD5', 1.3239703562479272), ('RUNX2', 8.7706013061233), ('TFEB', 7.212868838540827)]",2878
XRCC4,dbcorrdb__PHF8__ENCSR000AQH_1__m1,0.0960500178271278,4.359820060179539,7.9e-05,1.0,"gene is annotated for similar motif dbcorrdb__XRCC4__ENCSR000FAC_1__m1 ('XRCC4 (ENCSR000FAC-1, motif 1)'; q-value = 7.93e-05)","frozenset({'top5perTarget', 'activating', 'hg38__refseq-r80__10kb_up_and_down_tss.mc9nr.genes_vs_motifs.rankings'})","[('CLK4', 2.444603312626894), ('TBP', 8.980324816475811), ('XRCC4', 1.0), ('MAP3K11', 4.575960565572667), ('EIF1AD', 2.345582565741165), ('PVT1', 2.2192326359069927), ('PHRF1', 2.707782000820672), ('SETD5', 1.3239703562479272), ('SULF2', 2.500362338156665), ('GTF2H2', 2.0793019496308154), ('IPO4', 2.783573290954656), ('TFEB', 7.212868838540827), ('EIF5A2', 0.4892677525342039), ('MBTPS1', 2.4838976892552798), ('CAMK2N1', 6.821857093095124), ('RUNX2', 8.7706013061233)]",3657
ZNF182,transfac_pro__M06333,0.11205317577548006,3.204805736148451,0.0,0.754386,motif is annotated for orthologous gene ENSMUSG00000054737 in M. musculus (identity = 75%),"frozenset({'top5perTarget', 'activating', 'hg38__refseq-r80__10kb_up_and_down_tss.mc9nr.genes_vs_motifs.rankings'})","[('GCNT1', 7.154558926266366), ('KIAA0368', 7.099725816513024), ('MTPN', 3.9586646233119382)]",446
ZNF182,transfac_pro__M06087,0.10880354505169867,3.07955362496287,0.0,1.0,gene is directly annotated,"frozenset({'top5perTarget', 'activating', 'hg38__refseq-r80__10kb_up_and_down_tss.mc9nr.genes_vs_motifs.rankings'})","[('RNF220', 4.701091261619201), ('GCNT1', 7.154558926266366), ('KIAA0368', 7.099725816513024)]",167
ZNF195,transfac_pro__M06067,0.09686576809453472,3.4942380416424874,0.0,1.0,gene is directly annotated,"frozenset({'top5perTarget', 'activating', 'hg38__refseq-r80__10kb_up_and_down_tss.mc9nr.genes_vs_motifs.rankings'})","[('DENND2D', 3.187344206238788), ('PHF3', 6.523955188023328), ('AKAP7', 5.9873182296298575), ('MIR181A1HG', 4.688967563903316)]",425
ZNF528,transfac_pro__M06853,0.08254409592492831,3.0980734556264307,0.0,1.0,gene is directly annotated,"frozenset({'top5perTarget', 'activating', 'hg38__refseq-r80__10kb_up_and_down_tss.mc9nr.genes_vs_motifs.rankings'})","[('LBH', 6.052335063741436), ('DGKZ', 3.036298703812412), ('SOCS1', 2.49692477179452)]",290
DBP,stark__TWTKACKTAANA,0.08176552903677213,3.099958087203802,0.0,0.144615,gene is orthologous to FBgn0001150 in D. melanogaster (identity = 14%) which is directly annotated for motif,"frozenset({'activating', 'hg38__refseq-r80__10kb_up_and_down_tss.mc9nr.genes_vs_motifs.rankings', 'top10perTarget'})","[('LAG3', 3.380583335052482), ('RGS2', 1.5464330277721534), ('ITGA5', 4.087533040850934), ('ZBTB20', 14.413936577166336), ('CELF2', 1.699840442644918), ('KRT75', 2.934279458420019), ('HOXB2', 1.0075390074317827), ('FAM107B', 0.8446177618960785)]",573
ELF1,dbcorrdb__HDAC2__ENCSR000AQG_1__m4,0.05447280121086128,3.491801647071718,0.000702,1.0,"motif similar to dbcorrdb__ELF1__ENCSR000BPT_1__m2 ('ELF1 (ENCSR000BPT-1, motif 2)'; q-value = 0.000702) which is directly annotated","frozenset({'activating', 'hg38__refseq-r80__10kb_up_and_down_tss.mc9nr.genes_vs_motifs.rankings', 'top10perTarget'})","[('SIN3A', 1.1267053187899465), ('ZMYM5', 0.1669314131949934), ('MLLT10', 1.037679730017916), ('SCAF1', 6.521647841298079), ('TRERF1', 9.579857120567487), ('TARBP2', 3.0201075996205176), ('CDKN1B', 1.2352323851592828), ('BGN', 36.33053933496579), ('ACVR1', 0.263504303306885), ('SLC17A5', 7.297851303146687), ('PCOLCE', 1.2395573870934178), ('PPM1B', 0.8693551369963913), ('RAB3IP', 0.2264721845812286), ('ZCCHC2', 2.4247486288431626), ('SIAH1', 3.4696854037638407), ('NUP153', 0.6312567140121992), ('GDPD5', 5.5797381109906015), ('OXNAD1', 1.833612573457285), ('VCAN', 0.9370453222995908), ('CLK4', 1.0079867349529796), ('DKFZP434I0714', 2.352084000667514), ('METTL21A', 0.2482639987199658), ('NUMB', 0.7556849128139482), ('TRIM41', 0.8116456896818949), ('FURIN', 0.5688825446245447), ('CCDC57', 1.4254789198587252), ('FNBP1', 5.088264201940717), ('SULF2', 1.5002572085831256), ('SEPT9', 1.031843382470483), ('ARHGAP15', 2.5582728082513237)]",1161
ELF1,dbcorrdb__RBBP5__ENCSR000AQC_1__m5,0.0620839943833543,4.494851692889285,0.000625,1.0,"motif similar to dbcorrdb__ELF1__ENCSR000BPT_1__m2 ('ELF1 (ENCSR000BPT-1, motif 2)'; q-value = 0.000625) which is directly annotated","frozenset({'activating', 'hg38__refseq-r80__10kb_up_and_down_tss.mc9nr.genes_vs_motifs.rankings', 'top10perTarget'})","[('EPSTI1', 0.8879742709729483), ('SOCS1', 3.112202874344705), ('RNF213', 3.2987827706328394), ('ACVR1', 0.263504303306885), ('LINC00869', 0.0021337027789198), ('ZCCHC6', 4.501371077328933), ('IFITM3', 4.35925262083578), ('CASK', 0.7060508782006982), ('GPRIN3', 0.5572175807776962), ('ARL8A', 2.8226564039011093), ('RUNX3', 0.0678665370244281), ('COL6A3', 2.550023613625493), ('PARP8', 2.2120008929769748), ('LINC00936', 0.6517292142671111), ('SIAH1', 3.4696854037638407), ('DDX60L', 9.923153428372618), ('TRAF5', 3.881511179964377), ('ZFP36', 8.555023990514247), ('TOR3A', 0.1179610148165852), ('ANKH', 1.3562172862199933), ('TSPAN2', 1.56227758815256), ('ELK3', 0.1530061869230466), ('FNBP1', 5.088264201940717), ('APOL3', 0.5937962302839701), ('WHAMM', 1.3882149706056408), ('PXN', 0.724551002978681), ('TRERF1', 9.579857120567487), ('SCML4', 1.0872325518160637), ('SIN3A', 1.1267053187899465), ('FSTL1', 11.285227525630702), ('FURIN', 0.5688825446245447)]",873
ELF1,taipale_cyt_meth__ERG_NACAGGAARTN_eDBD_meth,0.05092364644309499,3.0240721108818547,0.000469,1.0,"gene is annotated for similar motif cisbp__M6203 ('ELF1[gene ID: ""ENSG00000120690"" species: ""Homo sapiens"" TF status: ""direct"" TF family: ""Ets"" DBDs: ""Ets""]; Elf1[gene ID: ""ENSMUSG00000036461"" species: ""Mus musculus"" TF status: ""inferred"" TF family: ""Ets"" DBDs: ""Ets""]'; q-value = 0.000469)","frozenset({'activating', 'hg38__refseq-r80__10kb_up_and_down_tss.mc9nr.genes_vs_motifs.rankings', 'top10perTarget'})","[('BGN', 36.33053933496579), ('HSPA6', 6.109463704136136), ('JARID2', 5.906774356974608), ('SEPT9', 1.031843382470483), ('CCDC57', 1.4254789198587252), ('SULF2', 1.5002572085831256), ('ELK3', 0.1530061869230466), ('FURIN', 0.5688825446245447), ('SIAH1', 3.4696854037638407), ('CYP1B1', 4.004390675976532), ('RNF2', 2.541118982858629), ('COMP', 19.514468951269187), ('CDKN1B', 1.2352323851592828), ('FLI1', 3.4516006498011564), ('SIN3A', 1.1267053187899465), ('ZMYM5', 0.1669314131949934), ('LINC00649', 1.01313575736128), ('TRAF5', 3.881511179964377), ('PXN', 0.724551002978681), ('ZNF800', 11.859176534979946), ('PDPK1', 1.398451888141433), ('KIAA1033', 2.248034491967434), ('GRK5', 0.3332662938120324), ('TSPAN2', 1.56227758815256), ('ZBTB43', 1.6102637082494005), ('METTL21A', 0.2482639987199658), ('TTC39B', 5.54400828265382), ('RUNX2', 0.713322950782671), ('ZFYVE28', 5.432725152341445), ('COL6A1', 2.1009171115861074), ('DUSP18', 6.672722884538784), ('C15orf48', 5.877983032778026), ('WDTC1', 5.447915626869458), ('FSTL1', 11.285227525630702), ('USP37', 0.1054532751341931), ('TRERF1', 9.579857120567487), ('ARHGAP15', 2.5582728082513237), ('NUP153', 0.6312567140121992), ('BRCA2', 0.95369259559043), ('LINC00869', 0.0021337027789198), ('FLCN', 2.663965594116891), ('REPIN1', 1.9312499033859916), ('USP47', 0.2084293820677133), ('RC3H2', 4.037377300446277), ('PLXDC1', 10.296250032675406), ('DHX40', 0.255945128176004), ('NUMB', 0.7556849128139482), ('RUNX3', 0.0678665370244281), ('PLK3', 1.0222630840429223), ('PIEZO1', 3.3261845266776966), ('SOCS1', 3.112202874344705), ('PPM1B', 0.8693551369963913), ('SEC24C', 2.298587451403364), ('FLJ37453', 4.736572436351562), ('PIAS3', 8.223384579706007), ('VCAN', 0.9370453222995908), ('DCAF12', 1.9512708440283528), ('TRIM41', 0.8116456896818949), ('SLC2A6', 3.690407294434076), ('C7orf31', 3.3121886533822877), ('GPC3', 29.423307261305744), ('RGCC', 1.2001969824270198), ('TNXB', 22.519439999366377), ('SPECC1L', 6.340157452682249), ('CCR6', 0.7439299023598107), ('FMNL3', 0.5442760679922394), ('LPIN1', 6.377687742099075), ('CAMK2G', 2.4328111317192262), ('XRRA1', 3.088660677010037), ('GDPD5', 5.5797381109906015), ('SCML4', 1.0872325518160637), ('QPRT', 3.4278348409674617), ('CASK', 0.7060508782006982), ('PTGES2', 6.77592008843474), ('EPSTI1', 0.8879742709729483), ('RHOH', 2.03043297392947), ('PTPRE', 10.362488364774435), ('ULK4', 1.072870636183194), ('PTGDR2', 0.2325291850480521)]",4236
ELF1,dbcorrdb__SREBF2__ENCSR000DYT_1__m7,0.05259906632383245,3.2448692907788037,0.000439,1.0,"motif similar to dbcorrdb__ELF1__ENCSR000BPT_1__m2 ('ELF1 (ENCSR000BPT-1, motif 2)'; q-value = 0.000439) which is directly annotated","frozenset({'activating', 'hg38__refseq-r80__10kb_up_and_down_tss.mc9nr.genes_vs_motifs.rankings', 'top10perTarget'})","[('BGN', 36.33053933496579), ('IDNK', 5.70242681596282), ('TMEM161B', 4.610789360120839), ('PRKACB', 0.8024590584083221), ('TNXB', 22.519439999366377), ('GNAQ', 0.8748795511282663), ('SPECC1L', 6.340157452682249), ('PTPRE', 10.362488364774435), ('SEPT9', 1.031843382470483), ('SULF2', 1.5002572085831256), ('MESDC1', 4.477990504656902), ('GOLGA8A', 12.547389886305108), ('EHMT1', 2.595690442146072), ('SEC24C', 2.298587451403364), ('SLC2A6', 3.690407294434076), ('FURIN', 0.5688825446245447), ('PLXNA1', 23.486053545623093), ('RAB3IP', 0.2264721845812286)]",495
ELF1,dbcorrdb__MXI1__ENCSR000EIA_1__m4,0.05837755530025348,4.006394258178484,0.000292,1.0,"motif similar to dbcorrdb__ELF1__ENCSR000BMB_1__m1 ('ELF1 (ENCSR000BMB-1, motif 1)'; q-value = 0.000292) which is directly annotated","frozenset({'activating', 'hg38__refseq-r80__10kb_up_and_down_tss.mc9nr.genes_vs_motifs.rankings', 'top10perTarget'})","[('RSBN1', 2.024604029835419), ('SPAG9', 1.6922799631652872), ('KDM5B', 1.511286544082956), ('MLLT10', 1.037679730017916), ('ZNF800', 11.859176534979946), ('SLC17A5', 7.297851303146687), ('TRERF1', 9.579857120567487), ('LPIN1', 6.377687742099075), ('DDX60L', 9.923153428372618), ('ZFYVE28', 5.432725152341445), ('RAB3GAP2', 1.491942684020278), ('LINC00869', 0.0021337027789198), ('FNBP1', 5.088264201940717), ('HCG11', 1.85659317979835), ('PTPRE', 10.362488364774435)]",446
ELF1,dbcorrdb__EZH2__ENCSR000ARK_1__m4,0.054377062931962,3.479184665363321,0.000207,1.0,"motif similar to dbcorrdb__ELF1__ENCSR000BPT_1__m2 ('ELF1 (ENCSR000BPT-1, motif 2)'; q-value = 0.000207) which is directly annotated","frozenset({'activating', 'hg38__refseq-r80__10kb_up_and_down_tss.mc9nr.genes_vs_motifs.rankings', 'top10perTarget'})","[('DKFZP434I0714', 2.352084000667514), ('FOSB', 0.5742777457812122), ('FURIN', 0.5688825446245447), ('PTPN9', 0.5940593608828639), ('RC3H2', 4.037377300446277), ('PIAS3', 8.223384579706007), ('PTPRE', 10.362488364774435), ('VPS45', 0.3644179589939266), ('C3', 20.287545306040062), ('SULF2', 1.5002572085831256), ('FLJ37453', 4.736572436351562), ('PPM1B', 0.8693551369963913), ('MESDC1', 4.477990504656902), ('DCAF12', 1.9512708440283528), ('OXNAD1', 1.833612573457285), ('LINC00869', 0.0021337027789198), ('SIAH1', 3.4696854037638407), ('TRMT10A', 0.9372910351657262), ('CAMK2G', 2.4328111317192262), ('COL6A3', 2.550023613625493), ('ACVR1', 0.263504303306885), ('MAPRE2', 2.2953659129767687), ('JARID2', 5.906774356974608), ('PLXDC1', 10.296250032675406), ('ARHGAP15', 2.5582728082513237)]",984
ELK3,cisbp__M0704,0.06447618307215602,3.0424880576897704,0.000947,1.0,motif similar to transfac_pro__M00971 ('V$ETS_Q6: Ets'; q-value = 0.000947) which is directly annotated,"frozenset({'activating', 'hg38__refseq-r80__10kb_up_and_down_tss.mc9nr.genes_vs_motifs.rankings', 'top10perTarget'})","[('ATXN7', 1.8023203546819069), ('MLLT10', 15.815390377591466), ('PXN', 1.2024027524054064), ('ELK3', 1.0), ('DOK2', 1.1234804296595629), ('ELF1', 1.4717016783978951), ('FAF2', 6.3569571879356666), ('IPCEF1', 4.630683298970342), ('MATK', 0.4243511867146302), ('NUMB', 0.9867887865516458), ('KIF2A', 1.9270006270137745), ('FBXW4', 4.511649483497573), ('PLAC8', 1.321390126948807), ('CAMK2G', 18.530487995339715), ('NRBF2', 1.675359244437084), ('FYN', 10.245173690835472), ('USP37', 2.839451711406853)]",1365
ELK3,cisbp__M6004,0.06403194100465344,3.0054519181820893,0.000813,1.0,gene is annotated for similar motif transfac_pro__M08824 ('V$NET_Q6_01: NET'; q-value = 0.000813),"frozenset({'activating', 'hg38__refseq-r80__10kb_up_and_down_tss.mc9nr.genes_vs_motifs.rankings', 'top10perTarget'})","[('TBC1D23', 4.28361442114663), ('DHX40', 5.834243848159715), ('ELF1', 1.4717016783978951), ('MIR4435-2HG', 2.018399070816772), ('ACVR1', 10.393707976051475), ('ASCC3', 1.909459300996711), ('LINC00936', 8.087066492341211), ('FLCN', 1.085060829478101), ('MLLT10', 15.815390377591466), ('RBM15', 2.6013554535394694), ('KCNAB2', 0.3141284607416184), ('CASK', 3.3947211426356163), ('DCAF12', 3.5138051960507406)]",556
ELK3,homer__AACAGGAAGT_Ets1-distal,0.0705900645261603,3.5521979276642255,0.000564,0.923833,"gene is orthologous to ENSMUSG00000008398 in M. musculus (identity = 92%) which is annotated for similar motif cisbp__M0692 ('ENSMUSG00000044690[gene ID: ""ENSMUSG00000044690"" species: ""Mus musculus"" TF status: ""inferred"" TF family: ""Ets"" DBDs: ""Ets""]; Elk3[gene ID: ""ENSMUSG00000008398"" species: ""Mus musculus"" TF status: ""direct"" TF family: ""Ets"" DBDs: ""Ets""]; Ets2[gene ID: ""ENSMUSG00000022895"" species: ""Mus musculus"" TF status: ""inferred"" TF family: ""Ets"" DBDs: ""Ets""]; Etv2[gene ID: ""ENSMUSG00000006311"" species: ""Mus musculus"" TF status: ""inferred"" TF family: ""Ets"" DBDs: ""Ets""]; Fev[gene ID: ""ENSMUSG00000055197"" species: ""Mus musculus"" TF status: ""inferred"" TF family: ""Ets"" DBDs: ""Ets""]'; q-value = 0.000564)","frozenset({'activating', 'hg38__refseq-r80__10kb_up_and_down_tss.mc9nr.genes_vs_motifs.rankings', 'top10perTarget'})","[('TMEM161B', 2.7224616030955), ('PLEKHO2', 2.0716720168505303), ('RGS19', 1.4967254106429495), ('CD70', 14.039464186090864), ('FBXW4', 4.511649483497573), ('KCNAB2', 0.3141284607416184), ('PASK', 0.3244065800071488), ('BAG4', 2.90636182279392), ('FGR', 5.914741939868566), ('PXN', 1.2024027524054064), ('PTPRE', 0.4930117147090248), ('EOMES', 20.74477754407047), ('PRKACB', 2.7863823862641555), ('ATAD1', 1.565123074382453), ('RBM15', 2.6013554535394694), ('KIF2A', 1.9270006270137745), ('IPCEF1', 4.630683298970342), ('ID3', 1.7969687751303511), ('USP37', 2.839451711406853), ('FAF2', 6.3569571879356666), ('MLLT10', 15.815390377591466), ('RNF25', 1.6882857431959604), ('NAB1', 4.432364472062539), ('ACVR1', 10.393707976051475), ('TRAPPC2', 6.748950261456059), ('KDM5A', 0.7026544428202269), ('MAP3K1', 0.5491743408414483), ('POLG', 0.2291749113439448), ('MTMR9', 1.3287256019054474), ('REL', 1.7399996488192595), ('ELK3', 1.0), ('FYN', 10.245173690835472), ('TSC22D3', 0.8950051441739572), ('AQR', 2.7370891497383605), ('RUFY2', 4.85493133302697), ('LINC00936', 8.087066492341211), ('ATP6V1H', 2.011280775019138), ('BRD9', 2.0354211232900306), ('CD247', 2.242394851653307), ('DCAF12', 3.5138051960507406)]",3834
ELK3,cisbp__M0705,0.06425961506424852,3.024432939679776,0.00051,1.0,gene is annotated for similar motif transfac_pro__M02060 ('V$NET_02: Net (Elk-3)'; q-value = 0.00051),"frozenset({'activating', 'hg38__refseq-r80__10kb_up_and_down_tss.mc9nr.genes_vs_motifs.rankings', 'top10perTarget'})","[('CDKN1B', 6.24436168107685), ('LINC00936', 8.087066492341211), ('MIR4435-2HG', 2.018399070816772), ('FLCN', 1.085060829478101), ('ASCC3', 1.909459300996711), ('VAMP4', 2.8051582520549467), ('MLLT10', 15.815390377591466), ('ACVR1', 10.393707976051475), ('PTPRE', 0.4930117147090248), ('KCNAB2', 0.3141284607416184), ('KIF2A', 1.9270006270137745)]",525
ELK3,hocomoco__EHF_HUMAN.H11MO.0.B,0.07258360080407814,3.7183976037049424,0.000482,1.0,gene is annotated for similar motif transfac_pro__M08824 ('V$NET_Q6_01: NET'; q-value = 0.000482),"frozenset({'activating', 'hg38__refseq-r80__10kb_up_and_down_tss.mc9nr.genes_vs_motifs.rankings', 'top10perTarget'})","[('ZMYM5', 3.980656830137151), ('FBRS', 3.2595875132510583), ('CHD1', 4.346599740087908), ('MLLT10', 15.815390377591466), ('EPC1', 3.14163055460817), ('SCAF1', 0.9551110368984206), ('FYN', 10.245173690835472), ('CDKN1B', 6.24436168107685), ('ACVR1', 10.393707976051475), ('ID3', 1.7969687751303511)]",427
ELK3,transfac_pro__M00771,0.07706489266001045,4.091999660988673,0.000438,1.0,gene is annotated for similar motif transfac_pro__M08824 ('V$NET_Q6_01: NET'; q-value = 0.000438),"frozenset({'activating', 'hg38__refseq-r80__10kb_up_and_down_tss.mc9nr.genes_vs_motifs.rankings', 'top10perTarget'})","[('TMEM161B', 2.7224616030955), ('ACVR1', 10.393707976051475), ('PXN', 1.2024027524054064), ('KIF2A', 1.9270006270137745), ('DENND1C', 2.067215023498122), ('PLEKHO2', 2.0716720168505303), ('MTMR9', 1.3287256019054474), ('FAF2', 6.3569571879356666), ('ELK3', 1.0), ('DHX38', 10.88339006251936), ('KCNAB2', 0.3141284607416184), ('AQR', 2.7370891497383605), ('NECAP1', 0.4369239884424195), ('PPM1B', 11.398181191393489), ('BAG4', 2.90636182279392), ('CD247', 2.242394851653307), ('MAP3K1', 0.5491743408414483), ('GPS2', 2.5230444903748657), ('REL', 1.7399996488192595), ('NUMB', 0.9867887865516458), ('CD70', 14.039464186090864), ('PRKACB', 2.7863823862641555), ('DHX40', 5.834243848159715), ('EOMES', 20.74477754407047), ('DCAF12', 3.5138051960507406), ('FYN', 10.245173690835472), ('TMEM71', 0.3688711359608787), ('EPB41L4A-AS1', 0.4455281432530055), ('VAMP4', 2.8051582520549467), ('CLIP4', 1.6775062532572556), ('NABP1', 1.246137922372658), ('SPRR1B', 1.738618503009108), ('EPC1', 3.14163055460817), ('FGR', 5.914741939868566), ('MYB', 13.45684971716621), ('KDM5A', 0.7026544428202269), ('IPCEF1', 4.630683298970342), ('INPP4B', 1.6544756805404055), ('LAT2', 3.74528931026832), ('CAMK2G', 18.530487995339715), ('CASK', 3.3947211426356163), ('ATXN7', 1.8023203546819069), ('POLG', 0.2291749113439448), ('TBC1D23', 4.28361442114663), ('TMC6', 1.1225247854382896)]",4976
ELK3,dbcorrdb__ELF1__ENCSR000BMD_1__m1,0.06683621905576348,3.2392425488243233,0.000323,1.0,gene is annotated for similar motif transfac_pro__M03832 ('V$NET_Q6: Net'; q-value = 0.000323),"frozenset({'activating', 'hg38__refseq-r80__10kb_up_and_down_tss.mc9nr.genes_vs_motifs.rankings', 'top10perTarget'})","[('BAG4', 2.90636182279392), ('PTPRE', 0.4930117147090248), ('PGM2L1', 1.1379285923499234), ('DCAF12', 3.5138051960507406), ('AQR', 2.7370891497383605), ('ELF1', 1.4717016783978951), ('FBXW4', 4.511649483497573), ('STK11', 13.362466336401935), ('LINC00649', 6.453126817773046), ('PLAC8', 1.321390126948807), ('MLLT10', 15.815390377591466), ('CLIP4', 1.6775062532572556), ('PLEKHO2', 2.0716720168505303), ('PXN', 1.2024027524054064), ('NUMB', 0.9867887865516458), ('CCNT2', 9.602916827057694), ('FYN', 10.245173690835472), ('FLCN', 1.085060829478101), ('CD247', 2.242394851653307), ('ID3', 1.7969687751303511), ('MYB', 13.45684971716621), ('CDKN1B', 6.24436168107685), ('TSC22D3', 0.8950051441739572), ('FLJ37453', 14.728493608604074), ('INPP4B', 1.6544756805404055), ('NABP1', 1.246137922372658), ('EPC1', 3.14163055460817), ('ATXN7', 1.8023203546819069), ('CORO7', 0.3951848805734351), ('SUSD3', 1.875809147354792), ('PRKACB', 2.7863823862641555), ('APAF1', 0.1656517346026962), ('PPM1B', 11.398181191393489)]",2863
ELK3,transfac_pro__M07211,0.0789584744727402,4.249866205640162,0.000284,1.0,gene is annotated for similar motif transfac_pro__M08824 ('V$NET_Q6_01: NET'; q-value = 0.000284),"frozenset({'activating', 'hg38__refseq-r80__10kb_up_and_down_tss.mc9nr.genes_vs_motifs.rankings', 'top10perTarget'})","[('ACVR1', 10.393707976051475), ('LINC00936', 8.087066492341211), ('TBC1D23', 4.28361442114663), ('MIR4435-2HG', 2.018399070816772), ('DHX40', 5.834243848159715), ('FLCN', 1.085060829478101), ('ELF1', 1.4717016783978951), ('ASCC3', 1.909459300996711), ('NAB1', 4.432364472062539), ('PTPRE', 0.4930117147090248)]",417
ELK3,cisbp__M1922,0.07532124254506281,3.946632813421026,0.000284,1.0,gene is annotated for similar motif transfac_pro__M08824 ('V$NET_Q6_01: NET'; q-value = 0.000284),"frozenset({'activating', 'hg38__refseq-r80__10kb_up_and_down_tss.mc9nr.genes_vs_motifs.rankings', 'top10perTarget'})","[('NUMB', 0.9867887865516458), ('TSC22D3', 0.8950051441739572), ('EOMES', 20.74477754407047), ('PLEKHO2', 2.0716720168505303), ('KCNAB2', 0.3141284607416184), ('CCND3', 1.0928181346245314), ('PXN', 1.2024027524054064), ('ELK3', 1.0), ('PTPRE', 0.4930117147090248), ('CD247', 2.242394851653307), ('EPB41L4A-AS1', 0.4455281432530055), ('TMEM161B', 2.7224616030955)]",746
ELK3,cisbp__M2276,0.07392188003242967,3.829968973971831,0.000247,1.0,gene is annotated for similar motif transfac_pro__M08824 ('V$NET_Q6_01: NET'; q-value = 0.000247),"frozenset({'activating', 'hg38__refseq-r80__10kb_up_and_down_tss.mc9nr.genes_vs_motifs.rankings', 'top10perTarget'})","[('DOK2', 1.1234804296595629), ('STK11', 13.362466336401935), ('CDKN1B', 6.24436168107685), ('ELK3', 1.0), ('PPM1B', 11.398181191393489), ('DHX40', 5.834243848159715), ('EOMES', 20.74477754407047), ('MLLT10', 15.815390377591466), ('TMEM71', 0.3688711359608787), ('VAMP4', 2.8051582520549467), ('CCND3', 1.0928181346245314), ('ACVR1', 10.393707976051475), ('LINC00649', 6.453126817773046), ('SCAF1', 0.9551110368984206), ('MRI1', 2.0256645825709008), ('TBC1D23', 4.28361442114663), ('CD247', 2.242394851653307), ('RC3H2', 10.284099926984172), ('CAMK2G', 18.530487995339715), ('BROX', 0.3267049901443812), ('LTB', 1.6531146574341653), ('IRAK4', 1.4758362607003184), ('FBXW4', 4.511649483497573), ('GPR82', 3.8958790401418257), ('KCNAB2', 0.3141284607416184), ('NABP1', 1.246137922372658), ('EPC1', 3.14163055460817), ('FYN', 10.245173690835472), ('KIF2A', 1.9270006270137745), ('MYB', 13.45684971716621)]",2841
ELK3,transfac_pro__M07088,0.07299452471651803,3.7526560327495475,0.000247,1.0,gene is annotated for similar motif transfac_pro__M08824 ('V$NET_Q6_01: NET'; q-value = 0.000247),"frozenset({'activating', 'hg38__refseq-r80__10kb_up_and_down_tss.mc9nr.genes_vs_motifs.rankings', 'top10perTarget'})","[('LINC00936', 8.087066492341211), ('EPC1', 3.14163055460817), ('ATP6V1H', 2.011280775019138), ('RC3H2', 10.284099926984172), ('TMC6', 1.1225247854382896), ('RBM15', 2.6013554535394694), ('FLCN', 1.085060829478101), ('XRRA1', 1.7747399006522182)]",339
ELK3,dbcorrdb__ELF1__ENCSR000BMZ_1__m1,0.06522584156106663,3.104986543108981,0.000222,1.0,gene is annotated for similar motif transfac_pro__M03832 ('V$NET_Q6: Net'; q-value = 0.000222),"frozenset({'activating', 'hg38__refseq-r80__10kb_up_and_down_tss.mc9nr.genes_vs_motifs.rankings', 'top10perTarget'})","[('MAP3K1', 0.5491743408414483), ('PGM2L1', 1.1379285923499234), ('PXN', 1.2024027524054064), ('DPF2', 3.1214534304265644), ('MLLT10', 15.815390377591466), ('MYB', 13.45684971716621), ('STK11', 13.362466336401935), ('EPC1', 3.14163055460817), ('PPM1B', 11.398181191393489), ('CAMK2G', 18.530487995339715), ('PTPRE', 0.4930117147090248)]",686
ELK3,homer__ACAGGAAGTG_ETS1,0.08015792805499716,4.349863782310899,0.000154,1.0,gene is annotated for similar motif transfac_pro__M03832 ('V$NET_Q6: Net'; q-value = 0.000154),"frozenset({'activating', 'hg38__refseq-r80__10kb_up_and_down_tss.mc9nr.genes_vs_motifs.rankings', 'top10perTarget'})","[('NUMB', 0.9867887865516458), ('TMEM161B', 2.7224616030955), ('NABP1', 1.246137922372658), ('PRKACB', 2.7863823862641555), ('ELK3', 1.0), ('PXN', 1.2024027524054064), ('CD247', 2.242394851653307), ('TMC6', 1.1225247854382896), ('TMEM71', 0.3688711359608787), ('BAG4', 2.90636182279392)]",506
ELK3,transfac_pro__M08881,0.06947390633156007,3.4591446271511783,0.000138,1.0,gene is annotated for similar motif transfac_pro__M03832 ('V$NET_Q6: Net'; q-value = 0.000138),"frozenset({'activating', 'hg38__refseq-r80__10kb_up_and_down_tss.mc9nr.genes_vs_motifs.rankings', 'top10perTarget'})","[('FBRS', 3.2595875132510583), ('DOK2', 1.1234804296595629), ('MLLT10', 15.815390377591466), ('REL', 1.7399996488192595), ('ATXN7', 1.8023203546819069), ('EPC1', 3.14163055460817), ('PPM1B', 11.398181191393489), ('ELF1', 1.4717016783978951), ('PXN', 1.2024027524054064), ('TBC1D23', 4.28361442114663), ('PECAM1', 3.8676795700903104), ('NABP1', 1.246137922372658), ('RBM15', 2.6013554535394694), ('EOMES', 20.74477754407047), ('ACVR1', 10.393707976051475), ('LINC00936', 8.087066492341211), ('FLCN', 1.085060829478101), ('NUMB', 0.9867887865516458), ('PRKACB', 2.7863823862641555), ('LAT2', 3.74528931026832), ('FLJ37453', 14.728493608604074), ('ELK3', 1.0), ('CD247', 2.242394851653307)]",1843
ELK3,jaspar__MA0026.1,0.06770249108739353,3.3114630208643017,0.000138,1.0,gene is annotated for similar motif transfac_pro__M03832 ('V$NET_Q6: Net'; q-value = 0.000138),"frozenset({'activating', 'hg38__refseq-r80__10kb_up_and_down_tss.mc9nr.genes_vs_motifs.rankings', 'top10perTarget'})","[('MATK', 0.4243511867146302), ('FBRS', 3.2595875132510583), ('TSC22D3', 0.8950051441739572), ('STK11', 13.362466336401935), ('MAP3K1', 0.5491743408414483), ('IPCEF1', 4.630683298970342), ('TMEM71', 0.3688711359608787), ('INPP4B', 1.6544756805404055), ('PLAC8', 1.321390126948807), ('PRKACB', 2.7863823862641555), ('MIR4435-2HG', 2.018399070816772), ('CD70', 14.039464186090864), ('NAB1', 4.432364472062539), ('LBR', 3.685943764291316), ('PXN', 1.2024027524054064), ('NABP1', 1.246137922372658), ('DCAF12', 3.5138051960507406), ('CCND3', 1.0928181346245314), ('REL', 1.7399996488192595), ('NUMB', 0.9867887865516458), ('CXCL13', 3.347230884190069), ('ACVR1', 10.393707976051475), ('APAF1', 0.1656517346026962), ('EPC1', 3.14163055460817), ('LTB', 1.6531146574341653), ('PLEKHO2', 2.0716720168505303), ('EOMES', 20.74477754407047), ('ATXN7', 1.8023203546819069), ('ID3', 1.7969687751303511), ('RC3H2', 10.284099926984172), ('ATAD1', 1.565123074382453), ('CD247', 2.242394851653307), ('ELK3', 1.0), ('FGR', 5.914741939868566), ('TNFRSF1B', 1.1150783404803284), ('KCNAB2', 0.3141284607416184), ('SPRR1B', 1.738618503009108), ('ELF1', 1.4717016783978951), ('IL7R', 1.273038383130917), ('FASLG', 2.1264651716385403), ('BROX', 0.3267049901443812), ('DOK2', 1.1234804296595629), ('EPB41L4A-AS1', 0.4455281432530055), ('ATP6V1H', 2.011280775019138)]",4558
ELK3,cisbp__M2277,0.0699958907608756,3.502662091072703,0.00011,1.0,gene is annotated for similar motif transfac_pro__M08824 ('V$NET_Q6_01: NET'; q-value = 0.00011),"frozenset({'activating', 'hg38__refseq-r80__10kb_up_and_down_tss.mc9nr.genes_vs_motifs.rankings', 'top10perTarget'})","[('PPM1B', 11.398181191393489), ('CASK', 3.3947211426356163), ('RC3H2', 10.284099926984172), ('EPC1', 3.14163055460817), ('LINC00936', 8.087066492341211), ('SCAF1', 0.9551110368984206), ('PRKACB', 2.7863823862641555), ('CHD1', 4.346599740087908), ('IPCEF1', 4.630683298970342), ('ZMYM5', 3.980656830137151), ('DCAF12', 3.5138051960507406), ('TSC22D3', 0.8950051441739572), ('INPP4B', 1.6544756805404055), ('FLJ37453', 14.728493608604074), ('CD247', 2.242394851653307), ('ELK3', 1.0), ('FGR', 5.914741939868566)]",1365
ELK3,transfac_pro__M07089,0.07078997345653647,3.568864190442682,0.00011,1.0,gene is annotated for similar motif transfac_pro__M08824 ('V$NET_Q6_01: NET'; q-value = 0.00011),"frozenset({'activating', 'hg38__refseq-r80__10kb_up_and_down_tss.mc9nr.genes_vs_motifs.rankings', 'top10perTarget'})","[('PPM1B', 11.398181191393489), ('ELK3', 1.0), ('MLLT10', 15.815390377591466), ('DOK2', 1.1234804296595629), ('DHX40', 5.834243848159715), ('MYB', 13.45684971716621), ('ACVR1', 10.393707976051475), ('VAMP4', 2.8051582520549467), ('STK11', 13.362466336401935), ('LTB', 1.6531146574341653), ('BROX', 0.3267049901443812), ('CCND3', 1.0928181346245314)]",591
ELK3,transfac_pro__M07417,0.07592096933619129,3.9966316017563943,8.5e-05,1.0,gene is annotated for similar motif transfac_pro__M08824 ('V$NET_Q6_01: NET'; q-value = 8.5e-05),"frozenset({'activating', 'hg38__refseq-r80__10kb_up_and_down_tss.mc9nr.genes_vs_motifs.rankings', 'top10perTarget'})","[('PPM1B', 11.398181191393489), ('ELK3', 1.0), ('FYN', 10.245173690835472), ('ACVR1', 10.393707976051475), ('DOK2', 1.1234804296595629), ('LTB', 1.6531146574341653), ('TMEM71', 0.3688711359608787), ('CDKN1B', 6.24436168107685), ('STK11', 13.362466336401935), ('SPRR1B', 1.738618503009108), ('EOMES', 20.74477754407047), ('NRBF2', 1.675359244437084), ('MYB', 13.45684971716621), ('XRRA1', 1.7747399006522182), ('PXN', 1.2024027524054064), ('CCND3', 1.0928181346245314), ('INPP4B', 1.6544756805404055)]",1108
ELK3,taipale_cyt_meth__ELF4_NACCMGGAAGTN_eDBD_meth,0.0640152819271221,3.0040630629505514,6.5e-05,1.0,gene is annotated for similar motif transfac_pro__M08824 ('V$NET_Q6_01: NET'; q-value = 6.49e-05),"frozenset({'activating', 'hg38__refseq-r80__10kb_up_and_down_tss.mc9nr.genes_vs_motifs.rankings', 'top10perTarget'})","[('CCND3', 1.0928181346245314), ('INPP4B', 1.6544756805404055), ('MLLT10', 15.815390377591466), ('RBM15', 2.6013554535394694), ('DHX40', 5.834243848159715), ('MYB', 13.45684971716621), ('STK11', 13.362466336401935), ('DCAF12', 3.5138051960507406), ('LENG8', 0.7845013978901418), ('USP37', 2.839451711406853), ('CASK', 3.3947211426356163), ('RC3H2', 10.284099926984172), ('TBC1D23', 4.28361442114663), ('NAB1', 4.432364472062539), ('LINC00936', 8.087066492341211), ('KCNAB2', 0.3141284607416184), ('ACVR1', 10.393707976051475), ('MAP3K1', 0.5491743408414483), ('CHD1', 4.346599740087908), ('ZMYM5', 3.980656830137151)]",1217
ELK3,transfac_pro__M07087,0.06613653779944692,3.1809106290997264,5.5e-05,1.0,gene is annotated for similar motif transfac_pro__M03832 ('V$NET_Q6: Net'; q-value = 5.47e-05),"frozenset({'activating', 'hg38__refseq-r80__10kb_up_and_down_tss.mc9nr.genes_vs_motifs.rankings', 'top10perTarget'})","[('ID3', 1.7969687751303511), ('ELK3', 1.0), ('AQR', 2.7370891497383605), ('FYN', 10.245173690835472), ('ELF1', 1.4717016783978951), ('CLIP4', 1.6775062532572556), ('NUMB', 0.9867887865516458), ('SLC2A3', 0.936587165440199), ('FGR', 5.914741939868566), ('PXN', 1.2024027524054064), ('PPM1B', 11.398181191393489), ('FBXW4', 4.511649483497573), ('MYB', 13.45684971716621), ('FLJ37453', 14.728493608604074), ('STK11', 13.362466336401935), ('DCAF12', 3.5138051960507406)]",1017
ELK3,cisbp__M2275,0.06873535389433702,3.3975720452196585,5.5e-05,1.0,gene is annotated for similar motif transfac_pro__M03832 ('V$NET_Q6: Net'; q-value = 5.47e-05),"frozenset({'activating', 'hg38__refseq-r80__10kb_up_and_down_tss.mc9nr.genes_vs_motifs.rankings', 'top10perTarget'})","[('MAP3K1', 0.5491743408414483), ('PTPRE', 0.4930117147090248), ('FYN', 10.245173690835472), ('SPRR1B', 1.738618503009108), ('PXN', 1.2024027524054064), ('RC3H2', 10.284099926984172), ('TBC1D23', 4.28361442114663), ('FBXW4', 4.511649483497573), ('EOMES', 20.74477754407047), ('NUMB', 0.9867887865516458), ('INPP4B', 1.6544756805404055), ('PPM1B', 11.398181191393489)]",656
ELK3,taipale_cyt_meth__ERG_NACAGGAARTN_eDBD_meth,0.06641418909163603,3.204058216292027,5.5e-05,1.0,gene is annotated for similar motif transfac_pro__M08824 ('V$NET_Q6_01: NET'; q-value = 5.47e-05),"frozenset({'activating', 'hg38__refseq-r80__10kb_up_and_down_tss.mc9nr.genes_vs_motifs.rankings', 'top10perTarget'})","[('PPM1B', 11.398181191393489), ('RC3H2', 10.284099926984172), ('CASK', 3.3947211426356163), ('EPC1', 3.14163055460817), ('INPP4B', 1.6544756805404055), ('FLJ37453', 14.728493608604074), ('LINC00936', 8.087066492341211), ('PRKACB', 2.7863823862641555), ('IPCEF1', 4.630683298970342), ('CHD1', 4.346599740087908), ('FGR', 5.914741939868566), ('DCAF12', 3.5138051960507406)]",713
ELK3,hocomoco__ETS1_HUMAN.H11MO.0.A,0.08125187414622227,4.441065275848563,5.3e-05,1.0,"gene is annotated for similar motif taipale_cyt_meth__ELK3_NACCGGAAGTN_eDBD_meth ('ELK3 [ETS, CpG-meth]'; q-value = 5.27e-05)","frozenset({'activating', 'hg38__refseq-r80__10kb_up_and_down_tss.mc9nr.genes_vs_motifs.rankings', 'top10perTarget'})","[('TMEM161B', 2.7224616030955), ('NUMB', 0.9867887865516458), ('PXN', 1.2024027524054064), ('EOMES', 20.74477754407047), ('BAG4', 2.90636182279392), ('KCNAB2', 0.3141284607416184), ('ELK3', 1.0), ('PTPRE', 0.4930117147090248), ('MTMR9', 1.3287256019054474), ('EPB41L4A-AS1', 0.4455281432530055), ('DCAF12', 3.5138051960507406), ('TMC6', 1.1225247854382896), ('KDM5A', 0.7026544428202269), ('ACVR1', 10.393707976051475)]",691
ELK3,taipale_cyt_meth__ELF2_NACCMGGAAGTN_eDBD_meth_repr,0.06480936462278296,3.0702651623205304,5.2e-05,1.0,gene is annotated for similar motif transfac_pro__M08824 ('V$NET_Q6_01: NET'; q-value = 5.18e-05),"frozenset({'activating', 'hg38__refseq-r80__10kb_up_and_down_tss.mc9nr.genes_vs_motifs.rankings', 'top10perTarget'})","[('ELK3', 1.0), ('CAMK2G', 18.530487995339715), ('CASK', 3.3947211426356163), ('ACVR1', 10.393707976051475), ('NABP1', 1.246137922372658), ('FYN', 10.245173690835472), ('USP37', 2.839451711406853), ('XCL2', 1.426089034686752), ('PXN', 1.2024027524054064), ('NUMB', 0.9867887865516458), ('XCL1', 1.078965413453874), ('EPC1', 3.14163055460817)]",620
ELK3,homer__ACAGGAAGTG_ERG,0.06825224064592797,3.3572952435050563,3.6e-05,1.0,gene is annotated for similar motif transfac_pro__M08824 ('V$NET_Q6_01: NET'; q-value = 3.64e-05),"frozenset({'activating', 'hg38__refseq-r80__10kb_up_and_down_tss.mc9nr.genes_vs_motifs.rankings', 'top10perTarget'})","[('ACVR1', 10.393707976051475), ('MTMR9', 1.3287256019054474), ('TMEM161B', 2.7224616030955), ('NABP1', 1.246137922372658), ('ELK3', 1.0), ('IPCEF1', 4.630683298970342), ('DCAF12', 3.5138051960507406), ('MLLT10', 15.815390377591466), ('FYN', 10.245173690835472), ('EPB41L4A-AS1', 0.4455281432530055), ('KCNAB2', 0.3141284607416184), ('PLEKHO2', 2.0716720168505303), ('NECAP1', 0.4369239884424195), ('DOK2', 1.1234804296595629), ('TNFRSF1B', 1.1150783404803284), ('NAB1', 4.432364472062539), ('BAG4', 2.90636182279392), ('REL', 1.7399996488192595), ('RGS19', 1.4967254106429495), ('DHX40', 5.834243848159715), ('PXN', 1.2024027524054064), ('PPM1B', 11.398181191393489)]",1769
ELK3,hocomoco__ETS1_MOUSE.H11MO.0.A,0.06433735742606146,3.0309142640936195,3.5e-05,1.0,"gene is annotated for similar motif taipale_cyt_meth__ELK3_NACCGGAAGTN_eDBD_meth ('ELK3 [ETS, CpG-meth]'; q-value = 3.46e-05)","frozenset({'activating', 'hg38__refseq-r80__10kb_up_and_down_tss.mc9nr.genes_vs_motifs.rankings', 'top10perTarget'})","[('MATK', 0.4243511867146302), ('FBRS', 3.2595875132510583), ('TSC22D3', 0.8950051441739572), ('STK11', 13.362466336401935), ('MAP3K1', 0.5491743408414483), ('IPCEF1', 4.630683298970342), ('TMEM71', 0.3688711359608787), ('PLAC8', 1.321390126948807), ('MIR4435-2HG', 2.018399070816772), ('PRKACB', 2.7863823862641555), ('INPP4B', 1.6544756805404055), ('CD70', 14.039464186090864), ('NAB1', 4.432364472062539), ('LBR', 3.685943764291316), ('PXN', 1.2024027524054064), ('DCAF12', 3.5138051960507406), ('NABP1', 1.246137922372658), ('CCND3', 1.0928181346245314), ('REL', 1.7399996488192595), ('NUMB', 0.9867887865516458), ('ACVR1', 10.393707976051475), ('CXCL13', 3.347230884190069), ('LTB', 1.6531146574341653), ('PLEKHO2', 2.0716720168505303), ('ATXN7', 1.8023203546819069), ('EPC1', 3.14163055460817), ('ID3', 1.7969687751303511), ('RC3H2', 10.284099926984172), ('EOMES', 20.74477754407047), ('APAF1', 0.1656517346026962), ('ATAD1', 1.565123074382453), ('ELK3', 1.0), ('CD247', 2.242394851653307), ('ELF1', 1.4717016783978951), ('FGR', 5.914741939868566), ('IL7R', 1.273038383130917), ('SPRR1B', 1.738618503009108)]",3550
ELK3,cisbp__M6203,0.06518141735431637,3.1012829291582134,2e-05,1.0,motif similar to transfac_pro__M03832 ('V$NET_Q6: Net'; q-value = 2.05e-05) which is directly annotated,"frozenset({'activating', 'hg38__refseq-r80__10kb_up_and_down_tss.mc9nr.genes_vs_motifs.rankings', 'top10perTarget'})","[('ACVR1', 10.393707976051475), ('UHRF1BP1L', 10.552332932634677), ('MIR4435-2HG', 2.018399070816772), ('DOK2', 1.1234804296595629), ('EOMES', 20.74477754407047), ('ATXN7', 1.8023203546819069), ('NABP1', 1.246137922372658), ('TSC22D3', 0.8950051441739572), ('ID3', 1.7969687751303511), ('NAB1', 4.432364472062539), ('MYB', 13.45684971716621)]",750
ELK3,homer__NRYTTCCGGH_Fli1,0.07479370508990349,3.902652397755655,1e-06,1.0,"motif similar to taipale_cyt_meth__ELK3_NACCGGAAGTN_eDBD_meth ('ELK3 [ETS, CpG-meth]'; q-value = 9.01e-07) which is directly annotated","frozenset({'activating', 'hg38__refseq-r80__10kb_up_and_down_tss.mc9nr.genes_vs_motifs.rankings', 'top10perTarget'})","[('PPM1B', 11.398181191393489), ('MLLT10', 15.815390377591466), ('ELK3', 1.0), ('DOK2', 1.1234804296595629), ('DHX40', 5.834243848159715), ('VAMP4', 2.8051582520549467), ('BROX', 0.3267049901443812), ('TSC22D3', 0.8950051441739572), ('KIF2A', 1.9270006270137745), ('ACVR1', 10.393707976051475), ('STK11', 13.362466336401935), ('MYB', 13.45684971716621), ('LTB', 1.6531146574341653), ('CCND3', 1.0928181346245314)]",954
ELK3,taipale_cyt_meth__ETV1_NACMGGAWGTN_eDBD_meth,0.0654868337757244,3.1267452750697435,1e-06,1.0,"motif similar to taipale_cyt_meth__ELK3_NACCGGAAGTN_eDBD_meth ('ELK3 [ETS, CpG-meth]'; q-value = 1.08e-06) which is directly annotated","frozenset({'activating', 'hg38__refseq-r80__10kb_up_and_down_tss.mc9nr.genes_vs_motifs.rankings', 'top10perTarget'})","[('TMEM161B', 2.7224616030955), ('BAG4', 2.90636182279392), ('PXN', 1.2024027524054064), ('EOMES', 20.74477754407047), ('NUMB', 0.9867887865516458), ('KCNAB2', 0.3141284607416184), ('ELK3', 1.0), ('CCND3', 1.0928181346245314), ('CD247', 2.242394851653307), ('DOK2', 1.1234804296595629), ('CAMK2G', 18.530487995339715)]",463
ELK3,taipale_tf_pairs__FOXO1_ELK3_RCCGGAWGTKKW_CAP,0.07261691895914084,3.7211753141680193,0.0,1.0,gene is directly annotated,"frozenset({'activating', 'hg38__refseq-r80__10kb_up_and_down_tss.mc9nr.genes_vs_motifs.rankings', 'top10perTarget'})","[('IPCEF1', 4.630683298970342), ('MATK', 0.4243511867146302), ('PLEKHO2', 2.0716720168505303), ('PLAC8', 1.321390126948807), ('TSC22D3', 0.8950051441739572), ('NUMB', 0.9867887865516458), ('MAP3K1', 0.5491743408414483), ('TMEM71', 0.3688711359608787), ('PRKACB', 2.7863823862641555), ('BROX', 0.3267049901443812), ('CXCL13', 3.347230884190069), ('DCAF12', 3.5138051960507406), ('PTPRE', 0.4930117147090248), ('TNFRSF1B', 1.1150783404803284), ('FGR', 5.914741939868566), ('PXN', 1.2024027524054064), ('FBRS', 3.2595875132510583), ('ID3', 1.7969687751303511), ('SPRR1B', 1.738618503009108), ('NABP1', 1.246137922372658), ('NAB1', 4.432364472062539), ('CD70', 14.039464186090864), ('REL', 1.7399996488192595), ('ACVR1', 10.393707976051475), ('GMIP', 0.34162232709543), ('PGM2L1', 1.1379285923499234), ('CCND3', 1.0928181346245314), ('ELK3', 1.0), ('CAMK2G', 18.530487995339715), ('APAF1', 0.1656517346026962), ('LBR', 3.685943764291316)]",2279
ELK3,taipale_tf_pairs__FOXO1_ELK3_RTMAACAGGAAGTN_CAP,0.07274463855354783,3.731823204276478,0.0,1.0,gene is directly annotated,"frozenset({'activating', 'hg38__refseq-r80__10kb_up_and_down_tss.mc9nr.genes_vs_motifs.rankings', 'top10perTarget'})","[('ELK3', 1.0), ('BROX', 0.3267049901443812), ('PXN', 1.2024027524054064), ('LTB', 1.6531146574341653), ('KCNAB2', 0.3141284607416184), ('IPCEF1', 4.630683298970342), ('FYN', 10.245173690835472), ('SPRR1B', 1.738618503009108), ('STK11', 13.362466336401935), ('PTPRE', 0.4930117147090248), ('CD70', 14.039464186090864), ('PRKACB', 2.7863823862641555), ('MAP3K1', 0.5491743408414483), ('MIR4435-2HG', 2.018399070816772), ('XCL1', 1.078965413453874), ('PPM1B', 11.398181191393489), ('EOMES', 20.74477754407047), ('FGR', 5.914741939868566), ('CASK', 3.3947211426356163), ('INPP4B', 1.6544756805404055), ('MYB', 13.45684971716621), ('CAMK2G', 18.530487995339715), ('ACVR1', 10.393707976051475), ('DHX40', 5.834243848159715), ('ATXN7', 1.8023203546819069), ('SUSD3', 1.875809147354792), ('DCAF12', 3.5138051960507406), ('DOK2', 1.1234804296595629), ('TBC1D23', 4.28361442114663), ('PLEKHO2', 2.0716720168505303), ('CXCL13', 3.347230884190069), ('PGM2L1', 1.1379285923499234), ('NUMB', 0.9867887865516458), ('EPC1', 3.14163055460817), ('XCL2', 1.426089034686752), ('IL7R', 1.273038383130917), ('ELF1', 1.4717016783978951)]",4371
ELK3,transfac_pro__M00971,0.06702502193445209,3.2549829081150885,0.0,1.0,gene is directly annotated,"frozenset({'activating', 'hg38__refseq-r80__10kb_up_and_down_tss.mc9nr.genes_vs_motifs.rankings', 'top10perTarget'})","[('DHX40', 5.834243848159715), ('TBC1D23', 4.28361442114663), ('MLLT10', 15.815390377591466), ('RBM15', 2.6013554535394694), ('MIR4435-2HG', 2.018399070816772), ('FLCN', 1.085060829478101), ('ELF1', 1.4717016783978951), ('KCNAB2', 0.3141284607416184), ('DCAF12', 3.5138051960507406), ('NABP1', 1.246137922372658), ('ASCC3', 1.909459300996711), ('LINC00936', 8.087066492341211), ('CDKN1B', 6.24436168107685), ('CASK', 3.3947211426356163)]",1085
EOMES,taipale__MGA_DBD_AGGTGTKANNTMACACCT_repr,0.09406825779367177,3.0596433887759034,0.00027,1.0,motif similar to swissregulon__hs__EOMES.p2 ('hs__EOMES.p2'; q-value = 0.00027) which is directly annotated,"frozenset({'activating', 'hg38__refseq-r80__10kb_up_and_down_tss.mc9nr.genes_vs_motifs.rankings', 'top10perTarget'})","[('ELK3', 6.209053972624799), ('NCR3', 1.4996178888726748), ('FYN', 5.238096262158595), ('PLAC8', 5.125666376206572), ('KIF2A', 7.382371463632587), ('NKG7', 2.610070535265155), ('CASK', 10.722297202026908), ('KCNAB2', 2.8126327825005064), ('EOMES', 1.0), ('KIR2DL4', 18.45409152689017)]",1770
EOMES,transfac_pro__M07901,0.10951955220399595,3.8131880014641033,0.000112,1.0,motif similar to taipale_cyt_meth__EOMES_NAGGTGTGAN_eDBD_repr ('EOMES [T_box]'; q-value = 0.000112) which is directly annotated,"frozenset({'activating', 'hg38__refseq-r80__10kb_up_and_down_tss.mc9nr.genes_vs_motifs.rankings', 'top10perTarget'})","[('CASK', 10.722297202026908), ('NAB1', 4.158660728293272), ('ELK3', 6.209053972624799), ('INPP4B', 1.8790379954014904), ('ATXN7', 1.054277407453509), ('FYN', 5.238096262158595), ('EOMES', 1.0), ('PECAM1', 0.3223180287981456), ('ASCC3', 6.682988392119836), ('PLAC8', 5.125666376206572)]",1981
EOMES,taipale__TBX4_DBD_AGGTGTNANWWNTNACACCT,0.14259892715540698,5.42643697101796,0.000106,1.0,motif similar to swissregulon__hs__EOMES.p2 ('hs__EOMES.p2'; q-value = 0.000106) which is directly annotated,"frozenset({'activating', 'hg38__refseq-r80__10kb_up_and_down_tss.mc9nr.genes_vs_motifs.rankings', 'top10perTarget'})","[('EOMES', 1.0), ('FYN', 5.238096262158595), ('ELK3', 6.209053972624799), ('INPP4B', 1.8790379954014904), ('CASK', 10.722297202026908)]",669
EOMES,taipale__TBX5_DBD_AGGTGTNANWWNTNACACCT,0.12061727435279483,4.354413125797389,7.1e-05,1.0,motif similar to swissregulon__hs__EOMES.p2 ('hs__EOMES.p2'; q-value = 7.05e-05) which is directly annotated,"frozenset({'activating', 'hg38__refseq-r80__10kb_up_and_down_tss.mc9nr.genes_vs_motifs.rankings', 'top10perTarget'})","[('ATXN7', 1.054277407453509), ('XCL1', 2.251624194403523), ('XCL2', 3.169153083190684), ('ELK3', 6.209053972624799), ('GZMB', 1.339018082962277), ('GPR82', 8.665611357938824), ('FYN', 5.238096262158595), ('FCER1G', 1.0991092776121425), ('ASCC3', 6.682988392119836), ('PLAC8', 5.125666376206572)]",1664
EOMES,taipale_cyt_meth__TBX3_NAGGTGTGAN_eDBD,0.110258104641219,3.8492064860957407,5.6e-05,1.0,gene is annotated for similar motif taipale_cyt_meth__EOMES_NAGGTGTGAN_eDBD_repr ('EOMES [T_box]'; q-value = 5.58e-05),"frozenset({'activating', 'hg38__refseq-r80__10kb_up_and_down_tss.mc9nr.genes_vs_motifs.rankings', 'top10perTarget'})","[('FYN', 5.238096262158595), ('ATXN7', 1.054277407453509), ('KCNAB2', 2.8126327825005064), ('WDR74', 2.963970917453862)]",442
EOMES,taipale_cyt_meth__TBX18_NRAGGTGTGAAN_eDBD,0.10234781932675115,3.4634295585937314,5.1e-05,1.0,gene is annotated for similar motif taipale_cyt_meth__EOMES_NAGGTGTGAN_eDBD_repr ('EOMES [T_box]'; q-value = 5.11e-05),"frozenset({'activating', 'hg38__refseq-r80__10kb_up_and_down_tss.mc9nr.genes_vs_motifs.rankings', 'top10perTarget'})","[('EOMES', 1.0), ('ELK3', 6.209053972624799), ('ATXN7', 1.054277407453509), ('INPP4B', 1.8790379954014904), ('FYN', 5.238096262158595)]",237
EOMES,cisbp__M5897,0.14057762574827024,5.327860065710321,4e-05,1.0,motif similar to swissregulon__hs__EOMES.p2 ('hs__EOMES.p2'; q-value = 4.03e-05) which is directly annotated,"frozenset({'activating', 'hg38__refseq-r80__10kb_up_and_down_tss.mc9nr.genes_vs_motifs.rankings', 'top10perTarget'})","[('FGR', 18.983004761164384), ('KIF2A', 7.382371463632587), ('ATXN7', 1.054277407453509), ('INPP4B', 1.8790379954014904), ('FYN', 5.238096262158595), ('CASK', 10.722297202026908), ('KCNAB2', 2.8126327825005064)]",1041
EOMES,taipale__TBX5_DBD_AGGTGTGA,0.09517608644950634,3.11367111572336,3.4e-05,1.0,gene is annotated for similar motif taipale_cyt_meth__EOMES_NAGGTGTGAN_eDBD_repr ('EOMES [T_box]'; q-value = 3.37e-05),"frozenset({'activating', 'hg38__refseq-r80__10kb_up_and_down_tss.mc9nr.genes_vs_motifs.rankings', 'top10perTarget'})","[('FGR', 18.983004761164384), ('PLAC8', 5.125666376206572), ('KCNAB2', 2.8126327825005064), ('FYN', 5.238096262158595), ('INPP4B', 1.8790379954014904)]",631
EOMES,cisbp__M5898,0.09420430692684444,3.0662783727869947,2.3e-05,1.0,"motif similar to cisbp__M5397 ('EOMES[gene ID: ""ENSG00000163508"" species: ""Homo sapiens"" TF status: ""direct"" TF family: ""T-box"" DBDs: ""T-box""]; Tbx21[gene ID: ""ENSMUSG00000001444"" species: ""Mus musculus"" TF status: ""inferred"" TF family: ""T-box"" DBDs: ""T-box""]'; q-value = 2.34e-05) which is directly annotated","frozenset({'activating', 'hg38__refseq-r80__10kb_up_and_down_tss.mc9nr.genes_vs_motifs.rankings', 'top10perTarget'})","[('XCL1', 2.251624194403523), ('NKG7', 2.610070535265155), ('TBC1D19', 11.466160967315204), ('FGR', 18.983004761164384), ('EPM2AIP1', 19.50003143099876), ('INPP4B', 1.8790379954014904), ('KCNAB2', 2.8126327825005064)]",1320
EOMES,cisbp__M1626,0.0971002099043769,3.207508746737362,2.3e-05,1.0,motif similar to taipale_cyt_meth__EOMES_NAGGTGTGAN_eDBD_repr ('EOMES [T_box]'; q-value = 2.26e-05) which is directly annotated,"frozenset({'activating', 'hg38__refseq-r80__10kb_up_and_down_tss.mc9nr.genes_vs_motifs.rankings', 'top10perTarget'})","[('KCNAB2', 2.8126327825005064), ('ATXN7', 1.054277407453509), ('ASCC3', 6.682988392119836), ('NAB1', 4.158660728293272), ('XCL2', 3.169153083190684)]",676
EOMES,cisbp__M5899,0.12057840317188837,4.352517416079935,2e-05,1.0,motif similar to swissregulon__hs__EOMES.p2 ('hs__EOMES.p2'; q-value = 2.04e-05) which is directly annotated,"frozenset({'activating', 'hg38__refseq-r80__10kb_up_and_down_tss.mc9nr.genes_vs_motifs.rankings', 'top10perTarget'})","[('CD7', 1.357704190014957), ('FGR', 18.983004761164384), ('KCNAB2', 2.8126327825005064), ('ELK3', 6.209053972624799), ('INPP4B', 1.8790379954014904), ('FYN', 5.238096262158595), ('GNLY', 1.3856594234689323), ('ATXN7', 1.054277407453509)]",1655
EOMES,taipale_cyt_meth__TBX18_NRAGGTGTGAAN_eDBD_meth,0.0932130918137293,3.017937774991903,1.6e-05,1.0,"gene is annotated for similar motif taipale_cyt_meth__EOMES_NAGGTGTGAN_eDBD_meth ('EOMES [T_box, CpG-meth]'; q-value = 1.58e-05)","frozenset({'activating', 'hg38__refseq-r80__10kb_up_and_down_tss.mc9nr.genes_vs_motifs.rankings', 'top10perTarget'})","[('FYN', 5.238096262158595), ('LAT2', 4.625675867488435), ('FGR', 18.983004761164384), ('ELK3', 6.209053972624799), ('KCNAB2', 2.8126327825005064), ('GNLY', 1.3856594234689323), ('NAB1', 4.158660728293272)]",1044
EOMES,taipale_cyt_meth__T_NANGTGTGANNNNTNACACCTN_eDBD_meth_repr,0.11538910052087382,4.099440168799746,1.6e-05,1.0,"gene is annotated for similar motif taipale_cyt_meth__EOMES_NAGGTGTGAN_eDBD_meth ('EOMES [T_box, CpG-meth]'; q-value = 1.58e-05)","frozenset({'activating', 'hg38__refseq-r80__10kb_up_and_down_tss.mc9nr.genes_vs_motifs.rankings', 'top10perTarget'})","[('EOMES', 1.0), ('FYN', 5.238096262158595), ('ELK3', 6.209053972624799), ('FASLG', 6.451738933633027), ('INPP4B', 1.8790379954014904)]",674
EOMES,taipale_cyt_meth__TBX15_NAGGTGTGAN_eDBD,0.14191868148954365,5.393262050962504,9e-06,1.0,motif similar to taipale_cyt_meth__EOMES_NAGGTGTGAN_eDBD_repr ('EOMES [T_box]'; q-value = 8.94e-06) which is directly annotated,"frozenset({'activating', 'hg38__refseq-r80__10kb_up_and_down_tss.mc9nr.genes_vs_motifs.rankings', 'top10perTarget'})","[('CD7', 1.357704190014957), ('KCNAB2', 2.8126327825005064), ('ELK3', 6.209053972624799), ('INPP4B', 1.8790379954014904), ('FGR', 18.983004761164384)]",558
EOMES,taipale_cyt_meth__T_NANGTGTGANNNNTNACACCTN_eDBD,0.10986939283215424,3.830249388921195,7e-06,1.0,"gene is annotated for similar motif taipale_cyt_meth__EOMES_NAGGTGTGAN_eDBD_meth ('EOMES [T_box, CpG-meth]'; q-value = 6.94e-06)","frozenset({'activating', 'hg38__refseq-r80__10kb_up_and_down_tss.mc9nr.genes_vs_motifs.rankings', 'top10perTarget'})","[('EOMES', 1.0), ('FYN', 5.238096262158595), ('ELK3', 6.209053972624799), ('INPP4B', 1.8790379954014904), ('CASK', 10.722297202026908), ('ATXN7', 1.054277407453509)]",877
EOMES,cisbp__M5895,0.09607012361035529,3.1572724392248155,5e-06,1.0,"motif similar to cisbp__M5396 ('EOMES[gene ID: ""ENSG00000163508"" species: ""Homo sapiens"" TF status: ""direct"" TF family: ""T-box"" DBDs: ""T-box""]; Tbx21[gene ID: ""ENSMUSG00000001444"" species: ""Mus musculus"" TF status: ""inferred"" TF family: ""T-box"" DBDs: ""T-box""]'; q-value = 5.13e-06) which is directly annotated","frozenset({'activating', 'hg38__refseq-r80__10kb_up_and_down_tss.mc9nr.genes_vs_motifs.rankings', 'top10perTarget'})","[('CD7', 1.357704190014957), ('KCNAB2', 2.8126327825005064), ('ELK3', 6.209053972624799), ('FGR', 18.983004761164384), ('INPP4B', 1.8790379954014904)]",633
EOMES,transfac_pro__M02747,0.10936406748037006,3.8056051625942855,0.0,0.906383,gene is orthologous to ENSMUSG00000032446 in M. musculus (identity = 90%) which is directly annotated for motif,"frozenset({'activating', 'hg38__refseq-r80__10kb_up_and_down_tss.mc9nr.genes_vs_motifs.rankings', 'top10perTarget'})","[('EOMES', 1.0), ('ELK3', 6.209053972624799), ('FYN', 5.238096262158595), ('INPP4B', 1.8790379954014904), ('ATXN7', 1.054277407453509), ('CASK', 10.722297202026908)]",725
EOMES,taipale_cyt_meth__TBX3_NAGGTGTGAN_eDBD_meth,0.09323252740418254,3.0188856298506304,0.0,1.0,gene is annotated for similar motif taipale_cyt_meth__EOMES_NAGGTGTGAN_eDBD_repr ('EOMES [T_box]'; q-value = 3.46e-07),"frozenset({'activating', 'hg38__refseq-r80__10kb_up_and_down_tss.mc9nr.genes_vs_motifs.rankings', 'top10perTarget'})","[('KCNAB2', 2.8126327825005064), ('FCER1G', 1.0991092776121425), ('ELK3', 6.209053972624799), ('GNLY', 1.3856594234689323), ('FYN', 5.238096262158595), ('ATXN7', 1.054277407453509)]",873
EOMES,taipale_tf_pairs__MEIS1_EOMES_AGGTGTTGACAN_CAP_repr,0.11109383503070823,3.889964245021014,0.0,1.0,gene is directly annotated,"frozenset({'activating', 'hg38__refseq-r80__10kb_up_and_down_tss.mc9nr.genes_vs_motifs.rankings', 'top10perTarget'})","[('INPP4B', 1.8790379954014904), ('ATXN7', 1.054277407453509), ('ELK3', 6.209053972624799), ('CASK', 10.722297202026908)]",393
ETS1,dbcorrdb__E2F4__ENCSR000EWL_1__m1,0.06976306032013987,3.030040383479901,0.00054,1.0,"gene is annotated for similar motif dbcorrdb__ETS1__ENCSR000BKQ_1__m3 ('ETS1 (ENCSR000BKQ-1, motif 3)'; q-value = 0.00054)","frozenset({'activating', 'hg38__refseq-r80__10kb_up_and_down_tss.mc9nr.genes_vs_motifs.rankings', 'top10perTarget'})","[('SH2D3C', 2.215425721142944), ('DKFZP434I0714', 4.106265831505685), ('NFAT5', 27.591197120208115), ('SETD5', 0.9145082637900142), ('ZMYM5', 8.85365611049221), ('CASK', 1.3544721263434234), ('INTS6', 1.111208223891876)]",284
ETS1,taipale_cyt_meth__ETV3_NNAGGAANNNNNNNTTCCTNN_eDBD_repr,0.08065294064450004,3.8212200944377717,5e-06,1.0,gene is annotated for similar motif jaspar__MA0098.3 ('ETS1'; q-value = 5.31e-06),"frozenset({'activating', 'hg38__refseq-r80__10kb_up_and_down_tss.mc9nr.genes_vs_motifs.rankings', 'top10perTarget'})","[('RUNX2', 3.2424912754153574), ('REEP2', 1.5400334766308932), ('PLCL2', 6.239230080700297), ('RUNX3', 2.3528592982390157), ('PHRF1', 4.132708798647391), ('CAMK2N1', 3.8363307660752857), ('DKFZP434I0714', 4.106265831505685), ('PRKD3', 1.2799316971671086), ('ATL2', 1.3023189838584153), ('INTS6', 1.111208223891876), ('NFAT5', 27.591197120208115), ('FURIN', 4.179720973151326), ('GNAQ', 0.7889647021374283)]",1049
ETS1,tfdimers__MD00044,0.0718581376420583,3.1822535043423836,0.0,1.0,gene is directly annotated,"frozenset({'activating', 'hg38__refseq-r80__10kb_up_and_down_tss.mc9nr.genes_vs_motifs.rankings', 'top10perTarget'})","[('CAMK2N1', 3.8363307660752857), ('FURIN', 4.179720973151326), ('PLPP5', 1.619743659004775), ('ETS1', 1.0), ('DKFZP434I0714', 4.106265831505685), ('IKZF3', 1.1497830472799455), ('PLEKHA2', 5.15483583410214), ('CASS4', 3.827125448425408), ('CASK', 1.3544721263434234), ('TBP', 5.774756143595544), ('NIN', 9.78142705540718), ('PRKD3', 1.2799316971671086), ('PTPRE', 4.911682857162023), ('TMEM184B', 2.6693071827387693), ('MYH11', 13.585423460276076), ('HERC4', 2.280417231813997), ('SETD5', 0.9145082637900142), ('PLCL2', 6.239230080700297), ('BIN2', 1.3370716881630782)]",2173
ETS1,hdpi__ETS1,0.07423959243963464,3.355272735250818,0.0,1.0,gene is directly annotated,"frozenset({'activating', 'hg38__refseq-r80__10kb_up_and_down_tss.mc9nr.genes_vs_motifs.rankings', 'top10perTarget'})","[('SH2D3C', 2.215425721142944), ('REEP2', 1.5400334766308932), ('CASK', 1.3544721263434234), ('NFAT5', 27.591197120208115), ('USP47', 0.2425268024856893), ('DKFZP434I0714', 4.106265831505685), ('PRKD3', 1.2799316971671086), ('SETD5', 0.9145082637900142), ('INTS6', 1.111208223891876), ('PHRF1', 4.132708798647391), ('PLCL2', 6.239230080700297), ('ATL2', 1.3023189838584153), ('LPP', 1.5229913819990406), ('TMEM184B', 2.6693071827387693), ('FURIN', 4.179720973151326), ('RUNX2', 3.2424912754153574), ('ZMYM5', 8.85365611049221), ('NIN', 9.78142705540718), ('ERAP1', 1.933688676704601)]",2209
FLI1,dbcorrdb__POLR2A__ENCSR000BJM_1__m1,0.06174409435701514,3.062049214133047,0.000946,0.966814,gene is orthologous to ENSMUSG00000016087 in M. musculus (identity = 96%) which is annotated for similar motif hocomoco__FLI1_MOUSE.H11MO.0.A ('FLI1_MOUSE'; q-value = 0.000946),"frozenset({'activating', 'hg38__refseq-r80__10kb_up_and_down_tss.mc9nr.genes_vs_motifs.rankings', 'top10perTarget'})","[('PLEKHO2', 0.6794276405544272), ('MLYCD', 1.822426682648751), ('ACTB', 0.2904743137727463), ('ZCCHC6', 5.140667092156583), ('NAPEPLD', 2.70614225577264), ('MPZL3', 0.1663363242936144), ('MAPKAPK2', 2.262083343914647), ('STK39', 4.550569269321709), ('POU2F1', 7.566975673056265), ('BOD1L1', 3.6082781139285216), ('NUP214', 0.3982037471134416), ('MFN1', 2.2506809631655886), ('AMIGO2', 26.83272503115605), ('CTDSPL2', 1.3889343831763636), ('AHSA2', 0.7800271294780501), ('TRRAP', 2.7566879146067813), ('MAP3K14', 2.9803640344319717), ('FAM120B', 2.510358489544529), ('GOLGA8B', 13.993140682474328), ('ANKRD54', 2.000823836185307)]",1735
FLI1,dbcorrdb__ELF1__ENCSR000BPT_1__m2,0.06151642029742006,3.041953318147495,0.000861,1.0,motif similar to hocomoco__FLI1_HUMAN.H11MO.1.A ('FLI1_HUMAN'; q-value = 0.000861) which is directly annotated,"frozenset({'activating', 'hg38__refseq-r80__10kb_up_and_down_tss.mc9nr.genes_vs_motifs.rankings', 'top10perTarget'})","[('MAN2A2', 8.392560107076305), ('IKZF3', 1.657460271618325), ('ARHGAP15', 1.959895781913428), ('FAM120B', 2.510358489544529), ('MLYCD', 1.822426682648751), ('NUMB', 0.7924920894739507), ('CCL21', 0.6302678749281151), ('TRRAP', 2.7566879146067813), ('C7orf31', 2.3546402728087648), ('FAM135A', 0.9128424112150632), ('CCR6', 0.9005050615717325), ('NAPEPLD', 2.70614225577264), ('FBXO9', 15.631911751119288), ('LBH', 8.214186026152369)]",1107
FLI1,homer__ACAGGATGTGGT_ETS_RUNX,0.06293244188758454,3.1669399883015346,0.000528,1.0,gene is annotated for similar motif transfac_pro__M07089 ('V$FLI1_05: Fli-1'; q-value = 0.000528),"frozenset({'activating', 'hg38__refseq-r80__10kb_up_and_down_tss.mc9nr.genes_vs_motifs.rankings', 'top10perTarget'})","[('DUS3L', 1.819312551904404), ('FLI1', 1.0), ('SKAP1', 3.441262794532844), ('GRK5', 3.622318241792247), ('LBH', 8.214186026152369), ('CWC22', 10.403342520486952), ('GDPD5', 8.854676093061274), ('CEP250', 0.1187834015896186), ('NAPEPLD', 2.70614225577264), ('MFSD12', 8.136474062970233), ('AMIGO2', 26.83272503115605), ('CD28', 8.523189207447887), ('LINC01006', 30.42197653498063), ('CCR6', 0.9005050615717325), ('LPIN1', 4.092173536564952), ('JAZF1', 0.8247761348202716), ('MAP3K14', 2.9803640344319717), ('NUMB', 0.7924920894739507), ('POU2F1', 7.566975673056265), ('GOLGA8B', 13.993140682474328), ('PRIM2', 0.9667389179956092), ('CORO7', 0.3965935286929604), ('OFD1', 3.256058277179596), ('ATP2C1', 9.945082360200267), ('MAN2A2', 8.392560107076305), ('TSPAN2', 1.6607328301261457), ('STK39', 4.550569269321709), ('LCP2', 0.80044161668538), ('ARHGAP15', 1.959895781913428), ('FAM219A', 46.658197330771685), ('GGACT', 3.924714753854458), ('BIRC2', 5.251793876678439), ('FAM135A', 0.9128424112150632), ('LINC01358', 4.64307691333525), ('FAM120B', 2.510358489544529), ('PTPRC', 1.0853777869400685), ('DIAPH1', 2.7983314244628485), ('FAM126B', 7.446819664624546), ('FBXO9', 15.631911751119288), ('SNAP23', 0.253043626363662), ('C7orf31', 2.3546402728087648)]",4991
FLI1,dbcorrdb__POLR2A__ENCSR000EBC_1__m1,0.06207172288179829,3.090967698600059,0.000181,0.966814,motif similar to hocomoco__FLI1_MOUSE.H11MO.0.A ('FLI1_MOUSE'; q-value = 0.000181) which is annotated for orthologous gene ENSMUSG00000016087 in M. musculus (identity = 96%),"frozenset({'activating', 'hg38__refseq-r80__10kb_up_and_down_tss.mc9nr.genes_vs_motifs.rankings', 'top10perTarget'})","[('IKZF3', 1.657460271618325), ('CCNG2', 1.6532348597724007), ('LPIN1', 4.092173536564952), ('MAP3K14', 2.9803640344319717), ('NUMB', 0.7924920894739507), ('CWC22', 10.403342520486952), ('FAM219A', 46.658197330771685), ('PTPRC', 1.0853777869400685), ('GRK5', 3.622318241792247), ('FLI1', 1.0), ('CCR6', 0.9005050615717325), ('POU2F1', 7.566975673056265), ('JAZF1', 0.8247761348202716), ('GOLGA8B', 13.993140682474328)]",1047
FLI1,dbcorrdb__POLR2AphosphoS5__ENCSR000BQC_1__m1,0.07025132994968959,3.8129495226663384,2e-06,1.0,motif similar to taipale_cyt_meth__FLI1_NACCGGAARTN_FL ('FLI1 [ETS]'; q-value = 1.5e-06) which is directly annotated,"frozenset({'activating', 'hg38__refseq-r80__10kb_up_and_down_tss.mc9nr.genes_vs_motifs.rankings', 'top10perTarget'})","[('SUGP2', 0.9061708560823826), ('FAM120B', 2.510358489544529), ('CEP250', 0.1187834015896186), ('POU2F1', 7.566975673056265), ('ATP2C1', 9.945082360200267), ('PTPRC', 1.0853777869400685), ('GRK5', 3.622318241792247), ('CTDSPL2', 1.3889343831763636), ('STK39', 4.550569269321709), ('MAN2A2', 8.392560107076305), ('ZCCHC6', 5.140667092156583), ('SF3B3', 1.5413420481171591), ('BLOC1S5', 1.1928188130299089), ('C5orf24', 1.6342346793782896), ('NUP214', 0.3982037471134416), ('NUMB', 0.7924920894739507), ('SETD4', 5.418350432707834), ('BIRC2', 5.251793876678439), ('FLI1', 1.0), ('SNAP23', 0.253043626363662), ('GDPD5', 8.854676093061274), ('FBXO9', 15.631911751119288), ('KANSL1-AS1', 7.084592878250366), ('C7orf31', 2.3546402728087648), ('ACTB', 0.2904743137727463), ('CORO7', 0.3965935286929604), ('EXOSC2', 0.7364776927891505), ('FAM135A', 0.9128424112150632)]",2238
FLI1,cisbp__M6227,0.06596994702413345,3.435048649377064,0.0,1.0,gene is directly annotated,"frozenset({'activating', 'hg38__refseq-r80__10kb_up_and_down_tss.mc9nr.genes_vs_motifs.rankings', 'top10perTarget'})","[('TLE4', 0.5929007456088452), ('FAM120B', 2.510358489544529), ('PLEKHO2', 0.6794276405544272), ('CCNG2', 1.6532348597724007), ('FLI1', 1.0), ('POU2F1', 7.566975673056265), ('ARL8A', 3.0507081391309896), ('ATP2C1', 9.945082360200267), ('MAN2A2', 8.392560107076305), ('ZCCHC6', 5.140667092156583), ('PHKG1', 3.2102706057244235), ('STK39', 4.550569269321709), ('LINC01358', 4.64307691333525), ('AKT1', 3.6445981187999688), ('TSPAN2', 1.6607328301261457), ('GOLGA8B', 13.993140682474328), ('ANKH', 0.8211608964025967), ('PTPRC', 1.0853777869400685), ('C7orf31', 2.3546402728087648), ('LBH', 8.214186026152369), ('ZNF800', 12.281816181916138), ('CTDSPL2', 1.3889343831763636)]",2000
FOSB,dbcorrdb__JUN__ENCSR000EEK_1__m1,0.06747762620557825,3.163063785386918,7.6e-05,1.0,motif similar to taipale_cyt_meth__FOSB_NRTGACGTCAYN_eDBD ('FOSB [bZIP]'; q-value = 7.57e-05) which is directly annotated,"frozenset({'activating', 'hg38__refseq-r80__10kb_up_and_down_tss.mc9nr.genes_vs_motifs.rankings', 'top10perTarget'})","[('MKLN1', 3.011335939418773), ('FOSB', 1.0), ('MBD5', 2.5355311149758446), ('TIMP1', 1.2161961363038687), ('RHOH', 2.4058957210536622), ('TRIM41', 1.4215233844087771), ('SIN3A', 1.1808835144442118), ('PPP1R10', 7.242129518876164), ('CCDC86', 0.4244631485826403)]",897
FOXP4,transfac_pro__M07717,0.09318494371721082,3.0305948543748342,0.000827,0.116009,motif similar to swissregulon__sacCer__FKH2 ('sacCer__FKH2'; q-value = 0.000827) which is annotated for orthologous gene YNL068C in S. cerevisiae (identity = 11%),"frozenset({'activating', 'hg38__refseq-r80__10kb_up_and_down_tss.mc9nr.genes_vs_motifs.rankings', 'top10perTarget'})","[('CSNK1G2', 13.81514757970428), ('GNL3L', 15.14146026458898), ('U2SURP', 2.761585396498156), ('PTPN6', 1.3210023460445328), ('PKN1', 2.986030726351374), ('PPCDC', 0.8655526368190424), ('FOXP4', 1.0), ('VAMP4', 6.693504356448461), ('SIT1', 1.38273827553837)]",2663
KDM5B,dbcorrdb__YY1__ENCSR000EXG_1__m1,0.07721405176289256,3.1221003824392937,0.000391,1.0,"motif similar to dbcorrdb__KDM5B__ENCSR000AQA_1__m2 ('KDM5B (ENCSR000AQA-1, motif 2)'; q-value = 0.000391) which is directly annotated","frozenset({'activating', 'hg38__refseq-r80__10kb_up_and_down_tss.mc9nr.genes_vs_motifs.rankings', 'top10perTarget'})","[('CXXC1', 2.44302823722697), ('ZFC3H1', 0.6431096108086228), ('ARID1A', 1.3685596332125425), ('ELF1', 2.1269598747916096), ('MESDC1', 0.8637803651607059), ('CLK4', 2.3454500747492117), ('LINC01281', 4.650804017804324), ('GNAQ', 1.2107821575334008), ('ZBTB43', 1.8242882396750293), ('CEP164', 4.525501584068358), ('AP1G1', 0.8643623842425787), ('LINC00426', 0.9709488859969916), ('PCBP4', 4.2887326833659305), ('FPGS', 0.4384946910327887), ('KDM5B', 1.0), ('LINC00869', 4.324052451959941), ('IRAK1', 0.7316091697961086), ('ASXL2', 1.057720456896399), ('ITGB7', 1.1442445126262164), ('MAP4K4', 0.9101178446030308), ('PRR5L', 2.9046971189033712), ('B4GALT3', 7.742227084777732), ('ZNF821', 1.225748763339149), ('FYN', 1.2030780167973123), ('UBIAD1', 1.5489295270147982)]",2259
KDM5B,dbcorrdb__YY1__ENCSR000BKU_1__m1,0.07714982981182969,3.1176192696605636,0.000376,1.0,"motif similar to dbcorrdb__KDM5B__ENCSR000AQA_1__m2 ('KDM5B (ENCSR000AQA-1, motif 2)'; q-value = 0.000376) which is directly annotated","frozenset({'activating', 'hg38__refseq-r80__10kb_up_and_down_tss.mc9nr.genes_vs_motifs.rankings', 'top10perTarget'})","[('SP3', 4.142512424212741), ('ZNF821', 1.225748763339149), ('ING3', 1.1704693307105034), ('FPGS', 0.4384946910327887), ('TOB2', 0.4854187564856201), ('SEC24C', 8.049064454177044), ('NEDD9', 3.170669942733843), ('TRERF1', 0.4714318032295263), ('INO80D', 0.4830851038880511), ('PGM2L1', 4.966763485897529), ('C16orf87', 2.132951969259084), ('ELF1', 2.1269598747916096), ('PIEZO1', 6.809924146230859), ('MLLT3', 3.3973421651424003), ('AP1G1', 0.8643623842425787), ('FYN', 1.2030780167973123), ('MAP4K4', 0.9101178446030308), ('RIPK3', 0.4119644309506666), ('CLK4', 2.3454500747492117), ('TTC39B', 3.802835862100983), ('NR4A1', 3.598420396719576), ('CEP164', 4.525501584068358), ('TECPR1', 0.5623453604354806), ('PRR5L', 2.9046971189033712), ('ZBTB43', 1.8242882396750293), ('ASXL2', 1.057720456896399), ('B4GALT3', 7.742227084777732), ('KDM5B', 1.0), ('PRKACB', 4.627936732808146), ('LTA', 2.2437736495200475), ('IKZF3', 1.0916151956777815), ('FAM126B', 2.2006531529137754), ('GNAQ', 1.2107821575334008), ('MAP2K3', 1.6788800523930183), ('ITGB7', 1.1442445126262164), ('MFN1', 1.8305996204284756), ('LINC00869', 4.324052451959941), ('SH2D3C', 1.2813999690307984), ('SNX25', 2.8751436317100385), ('ZFC3H1', 0.6431096108086228)]",4185
KDM5B,dbcorrdb__YY1__ENCSR000BNT_1__m1,0.08065634833986257,3.362288027379249,0.000321,1.0,"motif similar to dbcorrdb__KDM5B__ENCSR000AQA_1__m2 ('KDM5B (ENCSR000AQA-1, motif 2)'; q-value = 0.000321) which is directly annotated","frozenset({'activating', 'hg38__refseq-r80__10kb_up_and_down_tss.mc9nr.genes_vs_motifs.rankings', 'top10perTarget'})","[('LINC01281', 4.650804017804324), ('ASXL2', 1.057720456896399), ('ARID1A', 1.3685596332125425), ('TRERF1', 0.4714318032295263), ('LINC00869', 4.324052451959941), ('PARP8', 6.797857128162397), ('PRR5L', 2.9046971189033712), ('NUP58', 6.837363577069596), ('MIR3142HG', 3.76619134486295), ('GNAQ', 1.2107821575334008), ('B4GALT3', 7.742227084777732), ('INO80D', 0.4830851038880511), ('UBIAD1', 1.5489295270147982), ('EGR2', 2.2817789336836767)]",936
KDM5B,dbcorrdb__YY1__ENCSR000BPM_1__m1,0.0780039817609659,3.177218069617679,0.000147,1.0,"motif similar to dbcorrdb__KDM5B__ENCSR000AQA_1__m2 ('KDM5B (ENCSR000AQA-1, motif 2)'; q-value = 0.000147) which is directly annotated","frozenset({'activating', 'hg38__refseq-r80__10kb_up_and_down_tss.mc9nr.genes_vs_motifs.rankings', 'top10perTarget'})","[('CLK4', 2.3454500747492117), ('AP1G1', 0.8643623842425787), ('CXXC1', 2.44302823722697), ('ZFC3H1', 0.6431096108086228), ('ARID1A', 1.3685596332125425), ('KDM5B', 1.0), ('UBIAD1', 1.5489295270147982), ('B4GALT3', 7.742227084777732), ('IRAK1', 0.7316091697961086), ('ZNF764', 4.246383887656361), ('LINC01281', 4.650804017804324), ('PCBP4', 4.2887326833659305), ('FAM126B', 2.2006531529137754), ('TAF9B', 4.335598471831781), ('ING3', 1.1704693307105034), ('ZNF821', 1.225748763339149), ('FPGS', 0.4384946910327887), ('GNAQ', 1.2107821575334008)]",1293
NFATC2,swissregulon__sacCer__PDR1,0.06403352207451174,3.1796051058564108,0.000458,1.0,"motif similar to taipale_cyt_meth__NFATC2_NTTTCCGCGGAAAN_eDBD_meth ('NFATC2 [RHD_IPT, CpG-meth]'; q-value = 0.000458) which is directly annotated","frozenset({'activating', 'hg38__refseq-r80__10kb_up_and_down_tss.mc9nr.genes_vs_motifs.rankings', 'top10perTarget'})","[('VSTM2L', 4.1481036494983705), ('FAM78A', 13.264506706541676), ('KIAA0368', 3.998329022090437), ('MLLT3', 4.63517599613157), ('INO80D', 1.3865009569330409), ('CELF2', 1.1064606122457563), ('SYNC', 2.1784539085936783), ('DBP', 1.1904324053548334), ('GNAQ', 0.7940694186495212), ('B3GLCT', 1.1656487357202103), ('FAM107B', 0.9455263126653092), ('DUSP16', 0.5584191510306495), ('BIN1', 2.0131328369259798), ('JAZF1', 0.6241718386094044), ('GADD45B', 0.667070430991771), ('PRR5L', 0.7745372504635493), ('NAB1', 0.8779084409039442), ('DYRK2', 2.1549581056377285), ('SOCS3', 2.241923081555033)]",1348
NFATC2,yetfasco__YOR380W_756,0.06601838174954866,3.3617541793691723,0.00014,1.0,"gene is annotated for similar motif taipale_cyt_meth__NFATC2_NTTTCCGCGGAAAN_eDBD_meth ('NFATC2 [RHD_IPT, CpG-meth]'; q-value = 0.00014)","frozenset({'activating', 'hg38__refseq-r80__10kb_up_and_down_tss.mc9nr.genes_vs_motifs.rankings', 'top10perTarget'})","[('KIAA0368', 3.998329022090437), ('SLC25A28', 0.5876708435897722), ('SOCS1', 2.11879357855487), ('NEDD9', 2.0678770683766543), ('LPP', 1.1400846778919738), ('GADD45G', 4.289463680394197), ('ZNF821', 0.6243927874388213), ('TNFRSF1B', 2.4302269991567), ('FAM107B', 0.9455263126653092), ('SAMD9', 3.198995815417596), ('ANKRD28', 3.430313886491989), ('INO80D', 1.3865009569330409), ('PRR5L', 0.7745372504635493), ('SH2D1A', 2.6803085428584774), ('FAM126B', 2.196213534113178), ('CARD11', 5.3236170103093015), ('IFI44', 0.7541402414139923), ('CELF2', 1.1064606122457563), ('AP1G1', 1.770223640085702)]",1343
NFATC2,taipale_cyt_meth__NFATC1_NTTTCCGCGGAAAN_eDBD_meth,0.07257816346627277,3.9637403938984295,0.0,1.0,"gene is annotated for similar motif taipale_cyt_meth__NFATC2_NTTTCCGCGGAAAN_eDBD_meth ('NFATC2 [RHD_IPT, CpG-meth]'; q-value = 5.64e-13)","frozenset({'activating', 'hg38__refseq-r80__10kb_up_and_down_tss.mc9nr.genes_vs_motifs.rankings', 'top10perTarget'})","[('ASB3', 16.116926475451972), ('VSTM2L', 4.1481036494983705), ('STT3B', 2.892156554681052), ('CDK13', 1.948574313788484), ('DBP', 1.1904324053548334), ('NFATC2', 1.0), ('DUSP16', 0.5584191510306495), ('SOCS3', 2.241923081555033)]",237
NFATC2,taipale_cyt_meth__NFATC2_NTTTCCGCGGAAAN_eDBD_meth,0.07670174790743477,4.342158624141997,0.0,1.0,gene is directly annotated,"frozenset({'activating', 'hg38__refseq-r80__10kb_up_and_down_tss.mc9nr.genes_vs_motifs.rankings', 'top10perTarget'})","[('ZNF821', 0.6243927874388213), ('GADD45B', 0.667070430991771), ('ZAP70', 3.68209323574024), ('FPGS', 6.801575363011166), ('TOB2', 6.7315053134704215), ('SOCS3', 2.241923081555033), ('NEDD9', 2.0678770683766543), ('INO80D', 1.3865009569330409), ('GADD45G', 4.289463680394197), ('C16orf87', 2.1410452698857174)]",481
NFATC2,taipale_cyt_meth__NFATC1_NTTTCCATGGAAAN_eDBD,0.06327958312817988,3.1104166980879975,0.0,1.0,motif similar to taipale_cyt_meth__NFATC2_NTTTCCATGGAAAN_eDBD ('NFATC2 [RHD_IPT]'; q-value = 2.05e-10) which is directly annotated,"frozenset({'activating', 'hg38__refseq-r80__10kb_up_and_down_tss.mc9nr.genes_vs_motifs.rankings', 'top10perTarget'})","[('INO80D', 1.3865009569330409), ('PRR5L', 0.7745372504635493), ('VSTM2L', 4.1481036494983705), ('FAM78A', 13.264506706541676), ('FAM126B', 2.196213534113178), ('B3GLCT', 1.1656487357202103), ('HOXB2', 1.6564401344957258), ('SOCS1', 2.11879357855487), ('TMEM168', 25.14995392876869), ('RCBTB2', 0.7743956752913369), ('TOB2', 6.7315053134704215)]",533
POU2F1,dbcorrdb__POU2F2__ENCSR000BGP_1__m1,0.13161004431314624,3.6703208824887184,0.000125,1.0,gene is annotated for similar motif transfac_public__M00161 ('V$OCT1_05: Oct-1'; q-value = 0.000125),"frozenset({'activating', 'hg38__refseq-r80__10kb_up_and_down_tss.mc9nr.genes_vs_motifs.rankings', 'top10perTarget'})","[('FLI1', 1.6800477425849167), ('MAP3K14', 7.33215436317952), ('NAPEPLD', 7.244082280101755), ('MAP2K3', 3.3947657456855613), ('BOD1L1', 17.304391423241462), ('MICAL1', 3.01784230475854), ('PTPN6', 1.712047242568319), ('MAN2A2', 14.03314933789921), ('POU2F1', 1.0)]",2653
POU2F1,dbcorrdb__POU2F2__ENCSR000BII_1__m1,0.12508124076809454,3.427643569422045,0.000114,1.0,motif similar to swissregulon__hs__POU2F1..3.p2 ('hs__POU2F1..3.p2'; q-value = 0.000114) which is directly annotated,"frozenset({'activating', 'hg38__refseq-r80__10kb_up_and_down_tss.mc9nr.genes_vs_motifs.rankings', 'top10perTarget'})","[('C1orf228', 2.794799260980582), ('POU2F1', 1.0), ('MICAL1', 3.01784230475854)]",47
POU2F1,taipale_cyt_meth__POU3F2_NTATGCWAATKAN_eDBD,0.11719350073855243,3.1344542364410404,8.8e-05,1.0,motif similar to transfac_public__M00210 ('V$OCT_C: OCT-x'; q-value = 8.75e-05) which is directly annotated,"frozenset({'activating', 'hg38__refseq-r80__10kb_up_and_down_tss.mc9nr.genes_vs_motifs.rankings', 'top10perTarget'})","[('FLI1', 1.6800477425849167), ('MAP2K3', 3.3947657456855613), ('NAPEPLD', 7.244082280101755)]",311
POU2F1,taipale_cyt_meth__POU3F4_NTATGCWAATKAN_eDBD,0.1232496307237814,3.359562151276643,2.4e-05,1.0,motif similar to transfac_public__M00210 ('V$OCT_C: OCT-x'; q-value = 2.39e-05) which is directly annotated,"frozenset({'activating', 'hg38__refseq-r80__10kb_up_and_down_tss.mc9nr.genes_vs_motifs.rankings', 'top10perTarget'})","[('MAP2K3', 3.3947657456855613), ('FLI1', 1.6800477425849167), ('BLOC1S5', 12.112380145660078), ('STMN3', 0.9186266104935996), ('LYAR', 5.72898447771696)]",590
POU2F1,cisbp__M6133,0.11403249630723782,3.0169588857707508,1e-06,1.0,"motif similar to cisbp__M6423 ('POU2F1[gene ID: ""ENSG00000143190"" species: ""Homo sapiens"" TF status: ""direct"" TF family: ""Homeodomain,POU"" DBDs: ""Homeobox,Pou""]; pdm2[gene ID: ""FBgn0004394"" species: ""Drosophila melanogaster"" TF status: ""inferred"" TF family: ""Homeodomain,POU"" DBDs: ""Homeobox,Pou""]'; q-value = 1.04e-06) which is directly annotated","frozenset({'activating', 'hg38__refseq-r80__10kb_up_and_down_tss.mc9nr.genes_vs_motifs.rankings', 'top10perTarget'})","[('PTPN6', 1.712047242568319), ('POU2F1', 1.0), ('HIST2H2BE', 2.841706043526305), ('MT1X', 0.5236059428357613), ('NAPEPLD', 7.244082280101755), ('MAP3K14', 7.33215436317952), ('MICAL1', 3.01784230475854)]",2654
POU2F1,transfac_pro__M07850,0.12605612998522894,3.463880453273629,0.0,0.274151,gene is orthologous to FBgn0085424 in D. melanogaster (identity = 27%) which is directly annotated for motif,"frozenset({'activating', 'hg38__refseq-r80__10kb_up_and_down_tss.mc9nr.genes_vs_motifs.rankings', 'top10perTarget'})","[('POU2F1', 1.0), ('FLI1', 1.6800477425849167), ('MICAL1', 3.01784230475854)]",118
POU2F1,tfdimers__MD00258,0.12203840472673559,3.314540568309522,0.0,1.0,gene is directly annotated,"frozenset({'activating', 'hg38__refseq-r80__10kb_up_and_down_tss.mc9nr.genes_vs_motifs.rankings', 'top10perTarget'})","[('POU2F1', 1.0), ('CYB561D2', 0.9534235205925028), ('BOD1L1', 17.304391423241462), ('BLOC1S5', 12.112380145660078), ('NAPEPLD', 7.244082280101755)]",1263
RBBP5,predrem__nrMotif2527,0.08820020452221339,3.0499789855082238,1.3e-05,1.0,"gene is annotated for similar motif dbcorrdb__RBBP5__ENCSR000AQC_1__m5 ('RBBP5 (ENCSR000AQC-1, motif 5)'; q-value = 1.3e-05)","frozenset({'activating', 'hg38__refseq-r80__10kb_up_and_down_tss.mc9nr.genes_vs_motifs.rankings', 'top10perTarget'})","[('C1R', 3.1303474243200977), ('INPP4B', 1.292099200418798), ('COL1A1', 1.998876794049369), ('ZNF407', 9.89493708399078), ('FAM219B', 0.7908774988368994), ('C1orf216', 2.5831233680189025), ('IGFBP4', 4.569851874316309), ('TRAF5', 2.055411370234168), ('MGST1', 1.2493408894230411), ('IGFBP5', 1.1897369119548962), ('ARSG', 4.446554846386627)]",996
RBBP5,hocomoco__TBX15_HUMAN.H11MO.0.D,0.09403287505207741,3.3743009399285917,4e-06,1.0,"gene is annotated for similar motif dbcorrdb__RBBP5__ENCSR000AQC_1__m5 ('RBBP5 (ENCSR000AQC-1, motif 5)'; q-value = 3.75e-06)","frozenset({'activating', 'hg38__refseq-r80__10kb_up_and_down_tss.mc9nr.genes_vs_motifs.rankings', 'top10perTarget'})","[('IGFBP5', 1.1897369119548962), ('COL1A1', 1.998876794049369), ('FBRS', 2.426323141832648), ('CCDC80', 0.5899051150637492), ('PHF21A', 9.701278013775347), ('IGFBP2', 8.042473485304274), ('ARHGEF2', 19.44921016165815), ('GPM6B', 10.224060538684393), ('DTX3', 7.063055688448037), ('THY1', 9.269060391579725), ('CLK4', 2.528252442416156), ('KRBOX4', 10.671685350981813), ('DCN', 5.448868377855349), ('CPE', 18.84107238147913), ('TRAF5', 2.055411370234168), ('OSBPL3', 7.830253765031477), ('IGFBP4', 4.569851874316309), ('CCR10', 1.7693623629913977)]",1970
REL,transfac_pro__M01223,0.06536974763506082,3.381547603180935,0.000307,1.0,motif similar to transfac_pro__M03545 ('V$CREL_Q6: c-Rel'; q-value = 0.000307) which is directly annotated,"frozenset({'activating', 'hg38__refseq-r80__10kb_up_and_down_tss.mc9nr.genes_vs_motifs.rankings', 'top10perTarget'})","[('HOXB2', 3.17296525127455), ('LINC00936', 0.7251095874973684), ('EPC1', 4.010686568499811), ('ATP6V1H', 1.1293325349783234), ('CAMK2D', 1.428816265797094), ('BROX', 1.8273039771085835), ('TMC6', 3.607132953273152), ('PRPF39', 1.267646810802329)]",276
REL,cisbp__M6448,0.06126842452622647,3.0383504104923333,1.5e-05,1.0,"gene is annotated for similar motif cisbp__M6449 ('REL[gene ID: ""ENSG00000162924"" species: ""Homo sapiens"" TF status: ""direct"" TF family: ""Rel"" DBDs: ""RHD""]; Rel[gene ID: ""ENSMUSG00000020275"" species: ""Mus musculus"" TF status: ""inferred"" TF family: ""Rel"" DBDs: ""RHD""]'; q-value = 1.55e-05)","frozenset({'activating', 'hg38__refseq-r80__10kb_up_and_down_tss.mc9nr.genes_vs_motifs.rankings', 'top10perTarget'})","[('TBC1D23', 3.957389706488773), ('DHX40', 0.5540805132669142), ('MIDN', 4.0504301276334775), ('ACVR1', 4.5399327670229965), ('PLPP5', 0.7024810109288424), ('DUSP2', 3.019131507312934), ('LINC00936', 0.7251095874973684), ('MLLT10', 4.71816450487802), ('RCBTB2', 0.926582212823505), ('CDKN1B', 1.393290338079895), ('VAMP4', 0.1400553403640719), ('XRCC4', 3.1172304060831366), ('ADPGK', 0.863371873729586), ('PRKD3', 3.8370956492509873), ('METTL15', 1.6618032174779795)]",1155
REL,hocomoco__NFKB1_MOUSE.H11MO.0.A,0.07716563478843877,4.368623053927715,1.3e-05,1.0,"gene is annotated for similar motif cisbp__M6449 ('REL[gene ID: ""ENSG00000162924"" species: ""Homo sapiens"" TF status: ""direct"" TF family: ""Rel"" DBDs: ""RHD""]; Rel[gene ID: ""ENSMUSG00000020275"" species: ""Mus musculus"" TF status: ""inferred"" TF family: ""Rel"" DBDs: ""RHD""]'; q-value = 1.32e-05)","frozenset({'activating', 'hg38__refseq-r80__10kb_up_and_down_tss.mc9nr.genes_vs_motifs.rankings', 'top10perTarget'})","[('ZMYM5', 0.6867343969322034), ('FBRS', 0.9747910259649568), ('MLLT10', 4.71816450487802), ('SETD5', 0.1481171425630117), ('EPC1', 4.010686568499811), ('SCAF1', 1.187792987703698), ('CDKN1B', 1.393290338079895), ('ACVR1', 4.5399327670229965), ('SLC17A5', 0.3732139970469458), ('SAT1', 2.6447314750897184), ('PPM1B', 3.5363360504574604), ('RCBTB2', 0.926582212823505), ('MIDN', 4.0504301276334775), ('SPATA13', 1.055525977365507), ('CXCR4', 0.9630173777355244), ('MAP3K11', 0.5359997176383724), ('PDK1', 0.8715674037525248), ('ETS1', 1.2986150966018344), ('ELK3', 2.581800379965798), ('NABP1', 1.137071586401285), ('HOXB2', 3.17296525127455), ('CAMK2N1', 1.7660838661621805), ('VAMP4', 0.1400553403640719), ('PNPLA8', 4.515671898929225)]",1699
REL,taipale__NFKB2_DBD_NGGGGAWTCCCCN,0.062090784332212406,3.1071651732664205,2e-06,0.25525,gene is orthologous to FBgn0011274 in D. melanogaster (identity = 25%) which is annotated for similar motif bergman__dif_Rel ('dif/Rel'; q-value = 1.9e-06),"frozenset({'activating', 'hg38__refseq-r80__10kb_up_and_down_tss.mc9nr.genes_vs_motifs.rankings', 'top10perTarget'})","[('MIDN', 4.0504301276334775), ('FBRS', 0.9747910259649568), ('RC3H2', 3.6107566230965498), ('SETD5', 0.1481171425630117), ('ZMYM5', 0.6867343969322034), ('LINC00936', 0.7251095874973684), ('MLLT10', 4.71816450487802), ('MAN2A1', 4.525195137566691), ('RCBTB2', 0.926582212823505), ('ACVR1', 4.5399327670229965), ('FLJ37453', 4.311430179036712), ('PRKD3', 3.8370956492509873), ('SEMA4A', 10.03285049495275), ('MYB', 3.864478695687482), ('PCED1B', 4.637716287490646), ('MAP3K11', 0.5359997176383724), ('VAMP4', 0.1400553403640719), ('CAMK2N1', 1.7660838661621805), ('ELK3', 2.581800379965798), ('LBR', 1.2245506497369774), ('HOXB2', 3.17296525127455), ('PPM1B', 3.5363360504574604), ('CDKN1B', 1.393290338079895), ('SLC2A6', 3.1243175190192782), ('TFEB', 2.230672343199372), ('SPTSSB', 2.755733220305857), ('CAMK2D', 1.428816265797094), ('CXCR4', 0.9630173777355244), ('EPC1', 4.010686568499811), ('REL', 1.0)]",2549
REL,cisbp__M4491,0.06321694584996386,3.201401950313738,1e-06,1.0,"gene is annotated for similar motif cisbp__M6449 ('REL[gene ID: ""ENSG00000162924"" species: ""Homo sapiens"" TF status: ""direct"" TF family: ""Rel"" DBDs: ""RHD""]; Rel[gene ID: ""ENSMUSG00000020275"" species: ""Mus musculus"" TF status: ""inferred"" TF family: ""Rel"" DBDs: ""RHD""]'; q-value = 6.83e-07)","frozenset({'activating', 'hg38__refseq-r80__10kb_up_and_down_tss.mc9nr.genes_vs_motifs.rankings', 'top10perTarget'})","[('FBRS', 0.9747910259649568), ('SPTSSB', 2.755733220305857), ('NCAPD3', 2.716917567567691), ('VAMP4', 0.1400553403640719), ('ETS1', 1.2986150966018344), ('CDC42SE2', 3.3210824406791444), ('EPB41L4A-AS1', 0.3766435666018888), ('SEMA4A', 10.03285049495275), ('ELK3', 2.581800379965798), ('CCND3', 1.168731554253596)]",487
REL,cisbp__M4444,0.06532260599013168,3.3776028078626745,0.0,1.0,"gene is annotated for similar motif cisbp__M6449 ('REL[gene ID: ""ENSG00000162924"" species: ""Homo sapiens"" TF status: ""direct"" TF family: ""Rel"" DBDs: ""RHD""]; Rel[gene ID: ""ENSMUSG00000020275"" species: ""Mus musculus"" TF status: ""inferred"" TF family: ""Rel"" DBDs: ""RHD""]'; q-value = 2.18e-07)","frozenset({'activating', 'hg38__refseq-r80__10kb_up_and_down_tss.mc9nr.genes_vs_motifs.rankings', 'top10perTarget'})","[('MIDN', 4.0504301276334775), ('ACVR1', 4.5399327670229965), ('LINC00936', 0.7251095874973684), ('TBC1D23', 3.957389706488773), ('DHX40', 0.5540805132669142), ('HID1', 2.7840658923308235), ('DUSP2', 3.019131507312934), ('PRKD3', 3.8370956492509873), ('PLPP5', 0.7024810109288424), ('CCNT2', 14.151942418117244), ('RCBTB2', 0.926582212823505), ('GPR65', 2.355636761771528), ('VAMP4', 0.1400553403640719), ('CDKN1B', 1.393290338079895), ('MLLT10', 4.71816450487802), ('ETS1', 1.2986150966018344), ('XRCC4', 3.1172304060831366), ('ELK3', 2.581800379965798), ('POLG', 0.5031074539382404), ('NABP1', 1.137071586401285), ('PHRF1', 2.225615187081895), ('MLYCD', 2.5130277842124134), ('GPS2', 2.047323359556318), ('PNPLA8', 4.515671898929225), ('PPM1B', 3.5363360504574604), ('ARSA', 0.5373824915806895), ('REL', 1.0), ('CAMK2D', 1.428816265797094), ('ADPGK', 0.863371873729586), ('CDC42SE2', 3.3210824406791444), ('TRMT1', 2.277139790939516), ('ATP6V1H', 1.1293325349783234), ('CCDC86', 3.249529074966452), ('SLC2A6', 3.1243175190192782), ('EPC1', 4.010686568499811), ('GZMK', 1.8497477700053404), ('BEX2', 8.093965198153612), ('MBTPS1', 1.0853334431655428), ('IGFBP2', 4.702703843229672), ('SPTSSB', 2.755733220305857)]",4582
REL,swissregulon__hs__NFKB1_REL_RELA.p2,0.07282860345495877,4.005701884647816,0.0,1.0,gene is directly annotated,"frozenset({'activating', 'hg38__refseq-r80__10kb_up_and_down_tss.mc9nr.genes_vs_motifs.rankings', 'top10perTarget'})","[('MIDN', 4.0504301276334775), ('SEMA4A', 10.03285049495275), ('RC3H2', 3.6107566230965498), ('HOXB2', 3.17296525127455), ('LINC00936', 0.7251095874973684), ('CCND3', 1.168731554253596), ('SETD5', 0.1481171425630117), ('MLLT10', 4.71816450487802), ('ZMYM5', 0.6867343969322034), ('REL', 1.0), ('DUSP2', 3.019131507312934), ('MAN2A1', 4.525195137566691), ('TFEB', 2.230672343199372), ('CAMK2N1', 1.7660838661621805), ('PCED1B', 4.637716287490646)]",1006
REL,dbcorrdb__RELA__ENCSR000EAQ_1__m1,0.06766397435494516,3.5735276420029107,0.0,1.0,"gene is annotated for similar motif cisbp__M6449 ('REL[gene ID: ""ENSG00000162924"" species: ""Homo sapiens"" TF status: ""direct"" TF family: ""Rel"" DBDs: ""RHD""]; Rel[gene ID: ""ENSMUSG00000020275"" species: ""Mus musculus"" TF status: ""inferred"" TF family: ""Rel"" DBDs: ""RHD""]'; q-value = 1.48e-07)","frozenset({'activating', 'hg38__refseq-r80__10kb_up_and_down_tss.mc9nr.genes_vs_motifs.rankings', 'top10perTarget'})","[('TFEB', 2.230672343199372), ('PHRF1', 2.225615187081895), ('MLLT10', 4.71816450487802), ('RCBTB2', 0.926582212823505), ('ELK3', 2.581800379965798), ('SAT1', 2.6447314750897184), ('SPTSSB', 2.755733220305857), ('PCED1B', 4.637716287490646), ('SETD5', 0.1481171425630117), ('SEMA4A', 10.03285049495275), ('TMC6', 3.607132953273152), ('ETS1', 1.2986150966018344), ('MIDN', 4.0504301276334775), ('MAP3K11', 0.5359997176383724), ('CAMK2N1', 1.7660838661621805), ('CDKN1B', 1.393290338079895), ('POLG', 0.5031074539382404), ('PLPP5', 0.7024810109288424), ('LBR', 1.2245506497369774), ('CDC42SE2', 3.3210824406791444), ('IGFBP2', 4.702703843229672), ('PLAC8', 6.579744558865197), ('ACVR1', 4.5399327670229965)]",1477
REL,dbcorrdb__RELA__ENCSR000EAN_1__m1,0.06611877599337922,3.4442260176821735,0.0,1.0,"gene is annotated for similar motif cisbp__M6449 ('REL[gene ID: ""ENSG00000162924"" species: ""Homo sapiens"" TF status: ""direct"" TF family: ""Rel"" DBDs: ""RHD""]; Rel[gene ID: ""ENSMUSG00000020275"" species: ""Mus musculus"" TF status: ""inferred"" TF family: ""Rel"" DBDs: ""RHD""]'; q-value = 9.55e-08)","frozenset({'activating', 'hg38__refseq-r80__10kb_up_and_down_tss.mc9nr.genes_vs_motifs.rankings', 'top10perTarget'})","[('CAMK2D', 1.428816265797094), ('LINC00936', 0.7251095874973684), ('HOXB2', 3.17296525127455), ('ATP6V1H', 1.1293325349783234), ('MLLT10', 4.71816450487802), ('EPC1', 4.010686568499811), ('RC3H2', 3.6107566230965498), ('TRMT1', 2.277139790939516), ('TMC6', 3.607132953273152), ('OFD1', 2.753192328073341), ('PRPF39', 1.267646810802329), ('ZNF512', 6.948975626549404), ('PHRF1', 2.225615187081895), ('MBTPS1', 1.0853334431655428), ('CDC42SE2', 3.3210824406791444), ('CCNT2', 14.151942418117244), ('PPM1B', 3.5363360504574604), ('RCBTB2', 0.926582212823505), ('SETD5', 0.1481171425630117), ('PRKD3', 3.8370956492509873), ('TFEB', 2.230672343199372), ('CDKN1B', 1.393290338079895), ('XRRA1', 3.371733001067393), ('ACVR1', 4.5399327670229965)]",2004
REL,dbcorrdb__RELA__ENCSR000EBD_1__m1,0.06213792597714154,3.11110996858468,0.0,1.0,"gene is annotated for similar motif cisbp__M6449 ('REL[gene ID: ""ENSG00000162924"" species: ""Homo sapiens"" TF status: ""direct"" TF family: ""Rel"" DBDs: ""RHD""]; Rel[gene ID: ""ENSMUSG00000020275"" species: ""Mus musculus"" TF status: ""inferred"" TF family: ""Rel"" DBDs: ""RHD""]'; q-value = 9.55e-08)","frozenset({'activating', 'hg38__refseq-r80__10kb_up_and_down_tss.mc9nr.genes_vs_motifs.rankings', 'top10perTarget'})","[('SPATA13', 1.055525977365507), ('SETD5', 0.1481171425630117), ('CCL1', 1.5764704210317575), ('MYB', 3.864478695687482), ('CD69', 1.1115377098255568), ('SEMA4A', 10.03285049495275), ('REL', 1.0), ('MAP3K11', 0.5359997176383724), ('FBRS', 0.9747910259649568), ('RC3H2', 3.6107566230965498), ('IGFBP2', 4.702703843229672), ('PRPF39', 1.267646810802329), ('SLC2A6', 3.1243175190192782), ('TFEB', 2.230672343199372), ('SPTSSB', 2.755733220305857), ('GZMK', 1.8497477700053404), ('POLD1', 2.436984697658391), ('PPCDC', 3.3028332677486607), ('ELK3', 2.581800379965798), ('DUSP2', 3.019131507312934), ('EPC1', 4.010686568499811), ('RNF138', 3.994651980745152)]",1689
REL,cisbp__M4485,0.06145699110594299,3.054129591765373,0.0,1.0,"gene is annotated for similar motif cisbp__M6449 ('REL[gene ID: ""ENSG00000162924"" species: ""Homo sapiens"" TF status: ""direct"" TF family: ""Rel"" DBDs: ""RHD""]; Rel[gene ID: ""ENSMUSG00000020275"" species: ""Mus musculus"" TF status: ""inferred"" TF family: ""Rel"" DBDs: ""RHD""]'; q-value = 1.02e-07)","frozenset({'activating', 'hg38__refseq-r80__10kb_up_and_down_tss.mc9nr.genes_vs_motifs.rankings', 'top10perTarget'})","[('DOK2', 3.4516505732558502), ('STK11', 1.533965777038425), ('MBTPS1', 1.0853334431655428), ('CDKN1B', 1.393290338079895), ('ELK3', 2.581800379965798), ('PPM1B', 3.5363360504574604), ('DHX40', 0.5540805132669142), ('ADPGK', 0.863371873729586), ('MLLT10', 4.71816450487802), ('CAMK2N1', 1.7660838661621805), ('VAMP4', 0.1400553403640719), ('CCND3', 1.168731554253596), ('ACVR1', 4.5399327670229965), ('LINC00649', 2.158081670560388), ('SCAF1', 1.187792987703698), ('MRI1', 0.6382418263559804), ('TBC1D23', 3.957389706488773), ('HID1', 2.7840658923308235), ('SPTSSB', 2.755733220305857), ('RC3H2', 3.6107566230965498), ('CAMK2G', 4.434799000511764), ('BROX', 1.8273039771085835), ('IRAK4', 1.3648608604932513)]",1925
REL,factorbook__NFKB1,0.06215887781933226,3.112863210948351,0.0,1.0,"gene is annotated for similar motif cisbp__M6449 ('REL[gene ID: ""ENSG00000162924"" species: ""Homo sapiens"" TF status: ""direct"" TF family: ""Rel"" DBDs: ""RHD""]; Rel[gene ID: ""ENSMUSG00000020275"" species: ""Mus musculus"" TF status: ""inferred"" TF family: ""Rel"" DBDs: ""RHD""]'; q-value = 1.11e-07)","frozenset({'activating', 'hg38__refseq-r80__10kb_up_and_down_tss.mc9nr.genes_vs_motifs.rankings', 'top10perTarget'})","[('LINC00936', 0.7251095874973684), ('HOXB2', 3.17296525127455), ('EPC1', 4.010686568499811), ('CAMK2D', 1.428816265797094), ('ATP6V1H', 1.1293325349783234), ('RC3H2', 3.6107566230965498), ('TMC6', 3.607132953273152), ('XRRA1', 3.371733001067393), ('ZNF512', 6.948975626549404), ('TFEB', 2.230672343199372), ('MLLT10', 4.71816450487802), ('BROX', 1.8273039771085835), ('CCNT2', 14.151942418117244), ('PHRF1', 2.225615187081895), ('TRMT1', 2.277139790939516), ('GPS2', 2.047323359556318), ('MBTPS1', 1.0853334431655428), ('CCND3', 1.168731554253596), ('SETD5', 0.1481171425630117), ('PRPF39', 1.267646810802329), ('SLC2A6', 3.1243175190192782), ('PPM1B', 3.5363360504574604), ('TBC1D23', 3.957389706488773), ('CDC42SE2', 3.3210824406791444), ('ACVR1', 4.5399327670229965)]",2442
RUNX3,transfac_pro__M07889,0.0696493819482236,3.1887188387959298,0.0,0.305361,gene is orthologous to FBgn0002576 in D. melanogaster (identity = 30%) which is directly annotated for motif,"frozenset({'activating', 'hg38__refseq-r80__10kb_up_and_down_tss.mc9nr.genes_vs_motifs.rankings', 'top10perTarget'})","[('RHBDF2', 19.867407479499278), ('TMEM184B', 2.302434272769457), ('FAM105A', 4.359732033675464), ('PBX4', 0.5636451357476553), ('FURIN', 1.401656371303436), ('FNBP1', 1.187451221435816), ('LAX1', 6.125682986556853), ('LPP', 2.546908125537649), ('FKBP11', 1.9745313529383373), ('SH2D3C', 2.160587289366744)]",831
SP2,transfac_pro__M01783,0.10309730428360414,3.1902314377708056,0.0,1.0,gene is directly annotated,"frozenset({'activating', 'hg38__refseq-r80__10kb_up_and_down_tss.mc9nr.genes_vs_motifs.rankings', 'top10perTarget'})","[('FBXW11', 8.274588756243316), ('SETD5', 4.551006136015698), ('NACC1', 7.538692132863962), ('DOK2', 3.099547534382172)]",555
SP2,taipale_cyt_meth__SP2_NYWAGYCCCGCCCMCYN_eDBD_meth,0.10238183161004431,3.159484267974058,0.0,1.0,gene is directly annotated,"frozenset({'activating', 'hg38__refseq-r80__10kb_up_and_down_tss.mc9nr.genes_vs_motifs.rankings', 'top10perTarget'})","[('PRRC2B', 2.39518968688221), ('CD8A', 1.1189244920644283), ('ACVR2A', 7.153853855499942), ('PRKX', 2.707632616062612)]",351
SP2,transfac_pro__M05332,0.09898910635155096,3.0136831724862545,0.0,1.0,gene is directly annotated,"frozenset({'activating', 'hg38__refseq-r80__10kb_up_and_down_tss.mc9nr.genes_vs_motifs.rankings', 'top10perTarget'})","[('SETD5', 4.551006136015698), ('NACC1', 7.538692132863962), ('ACVR2A', 7.153853855499942), ('FAM168A', 32.535734259391994), ('HPCAL1', 15.34213907251781), ('FBXW11', 8.274588756243316), ('KCTD10', 21.36016388528705), ('STMN3', 5.064729365816176), ('DNAJB1', 3.229163936749107), ('EGLN2', 1.404672545513613), ('PRIM2', 5.768880928936162)]",2963
SP3,predrem__nrMotif1200,0.08021086010868239,3.3198460948350625,2.8e-05,1.0,gene is annotated for similar motif hocomoco__SP3_HUMAN.H11MO.0.B ('SP3_HUMAN'; q-value = 2.83e-05),"frozenset({'activating', 'hg38__refseq-r80__10kb_up_and_down_tss.mc9nr.genes_vs_motifs.rankings', 'top10perTarget'})","[('TRERF1', 0.5861690810048892), ('SP3', 1.0), ('KIAA0368', 8.155165597941608), ('MLLT3', 2.311522199791792), ('INO80D', 1.6387262085084895), ('TRIB2', 0.5776675654910941), ('MAP4K4', 0.8076562578945446), ('NR4A1', 5.98584467437749), ('GATA3-AS1', 8.454430562867204), ('DUSP16', 1.8622230358900196), ('TOB1', 0.4825297334560047), ('TRAF5', 1.170851977327702), ('TOX', 1.0419659140333386), ('PRR5L', 4.794244951024574)]",1151
XRCC4,dbcorrdb__GABPA__ENCSR000BPY_1__m1,0.08557250261397772,4.275247923513476,0.000953,1.0,"gene is annotated for similar motif dbcorrdb__XRCC4__ENCSR000FAC_1__m1 ('XRCC4 (ENCSR000FAC-1, motif 1)'; q-value = 0.000953)","frozenset({'activating', 'hg38__refseq-r80__10kb_up_and_down_tss.mc9nr.genes_vs_motifs.rankings', 'top10perTarget'})","[('RUNX2', 8.7706013061233), ('REEP2', 7.245899495902504), ('FAM78A', 1.3755599160843968), ('EPC1', 2.49923231423963), ('PHRF1', 2.707782000820672), ('NACC1', 1.656221049921228), ('CAMK2N1', 6.821857093095124), ('PRKD3', 1.1421154732214165), ('SULF2', 2.500362338156665), ('FURIN', 0.8350978754371836)]",931
XRCC4,dbcorrdb__POLR2A__ENCSR000BGO_1__m1,0.07649411647552819,3.6217449510388158,0.000909,1.0,"gene is annotated for similar motif dbcorrdb__XRCC4__ENCSR000FAC_1__m1 ('XRCC4 (ENCSR000FAC-1, motif 1)'; q-value = 0.000909)","frozenset({'activating', 'hg38__refseq-r80__10kb_up_and_down_tss.mc9nr.genes_vs_motifs.rankings', 'top10perTarget'})","[('RUNX2', 8.7706013061233), ('SPN', 0.8854837290760624), ('PHRF1', 2.707782000820672), ('LINC00152', 1.1998041958459478), ('EPC1', 2.49923231423963), ('MBTPS1', 2.4838976892552798), ('CCSER2', 0.3856400079445768), ('ETS1', 1.354981528378536)]",651
XRCC4,dbcorrdb__POLR2AphosphoS5__ENCSR000BML_1__m1,0.07267687915954392,3.34696307961437,0.000686,1.0,"gene is annotated for similar motif dbcorrdb__XRCC4__ENCSR000FAC_1__m1 ('XRCC4 (ENCSR000FAC-1, motif 1)'; q-value = 0.000686)","frozenset({'activating', 'hg38__refseq-r80__10kb_up_and_down_tss.mc9nr.genes_vs_motifs.rankings', 'top10perTarget'})","[('PHRF1', 2.707782000820672), ('XRCC4', 1.0), ('MAP3K11', 4.575960565572667), ('GTF2H2', 2.0793019496308154), ('NACC1', 1.656221049921228), ('EIF1AD', 2.345582565741165), ('PIGC', 0.2470503768553099), ('PDPK1', 2.024853218338964), ('G2E3', 2.3721461103201182)]",584
XRCC4,dbcorrdb__GABPA__ENCSR000BHS_1__m1,0.081464823328299,3.9795587357849964,0.000503,1.0,"gene is annotated for similar motif dbcorrdb__XRCC4__ENCSR000FAC_1__m1 ('XRCC4 (ENCSR000FAC-1, motif 1)'; q-value = 0.000503)","frozenset({'activating', 'hg38__refseq-r80__10kb_up_and_down_tss.mc9nr.genes_vs_motifs.rankings', 'top10perTarget'})","[('EIF1AD', 2.345582565741165), ('MBTPS1', 2.4838976892552798), ('REEP2', 7.245899495902504), ('KIAA0586', 10.76377510367696), ('ETS1', 1.354981528378536), ('TBP', 8.980324816475811), ('RUNX2', 8.7706013061233), ('PHTF1', 1.4917693150069131)]",397
XRCC4,dbcorrdb__BCLAF1__ENCSR000BJZ_1__m1,0.06960649262277396,3.1259428786860113,0.000463,1.0,"gene is annotated for similar motif dbcorrdb__XRCC4__ENCSR000FAC_1__m1 ('XRCC4 (ENCSR000FAC-1, motif 1)'; q-value = 0.000463)","frozenset({'activating', 'hg38__refseq-r80__10kb_up_and_down_tss.mc9nr.genes_vs_motifs.rankings', 'top10perTarget'})","[('GOLGA8B', 0.4226340264431659), ('MARCKSL1', 0.2576587801717409), ('WDTC1', 5.7688318855820615), ('SULF2', 2.500362338156665), ('FAM78A', 1.3755599160843968), ('G2E3', 2.3721461103201182), ('TFEB', 7.212868838540827), ('EPC1', 2.49923231423963)]",540
XRCC4,dbcorrdb__POLR2A__ENCSR000EAM_1__m1,0.07448591771364081,3.4771857925937812,0.000419,1.0,"gene is annotated for similar motif dbcorrdb__XRCC4__ENCSR000FAC_1__m1 ('XRCC4 (ENCSR000FAC-1, motif 1)'; q-value = 0.000419)","frozenset({'activating', 'hg38__refseq-r80__10kb_up_and_down_tss.mc9nr.genes_vs_motifs.rankings', 'top10perTarget'})","[('FAM78A', 1.3755599160843968), ('LINS1', 1.6096070549092394), ('RAB3IP', 3.912530336219741), ('SULF2', 2.500362338156665), ('GTF2H2', 2.0793019496308154), ('REEP2', 7.245899495902504), ('EPC1', 2.49923231423963), ('RUNX2', 8.7706013061233), ('SF3A2', 2.0639088789737388), ('LINC00152', 1.1998041958459478)]",924
XRCC4,dbcorrdb__HCFC1__ENCSR000ECH_1__m3,0.08109139793869186,3.952677900536953,0.000419,1.0,"gene is annotated for similar motif dbcorrdb__XRCC4__ENCSR000FAC_1__m1 ('XRCC4 (ENCSR000FAC-1, motif 1)'; q-value = 0.000419)","frozenset({'activating', 'hg38__refseq-r80__10kb_up_and_down_tss.mc9nr.genes_vs_motifs.rankings', 'top10perTarget'})","[('XRCC4', 1.0), ('PHRF1', 2.707782000820672), ('EIF1AD', 2.345582565741165), ('KIAA0586', 10.76377510367696), ('PDPK1', 2.024853218338964), ('GTF2H2', 2.0793019496308154), ('TFEB', 7.212868838540827), ('SULF2', 2.500362338156665), ('SETD5', 1.3239703562479272), ('NACC1', 1.656221049921228), ('GOLGA8B', 0.4226340264431659), ('G2E3', 2.3721461103201182)]",1433
XRCC4,dbcorrdb__GABPA__ENCSR000BGC_1__m1,0.07665178497336232,3.633094637032434,0.000374,1.0,"gene is annotated for similar motif dbcorrdb__XRCC4__ENCSR000FAC_1__m1 ('XRCC4 (ENCSR000FAC-1, motif 1)'; q-value = 0.000374)","frozenset({'activating', 'hg38__refseq-r80__10kb_up_and_down_tss.mc9nr.genes_vs_motifs.rankings', 'top10perTarget'})","[('XRCC4', 1.0), ('IPO4', 2.783573290954656), ('FAM78A', 1.3755599160843968), ('MAP3K11', 4.575960565572667), ('RUNX2', 8.7706013061233), ('PHRF1', 2.707782000820672), ('FURIN', 0.8350978754371836), ('EIF1AD', 2.345582565741165), ('SETD5', 1.3239703562479272), ('PHTF1', 1.4917693150069131), ('PRKD3', 1.1421154732214165), ('G2E3', 2.3721461103201182), ('TBP', 8.980324816475811), ('PVT1', 2.2192326359069927), ('SULF2', 2.500362338156665), ('CAMK2N1', 6.821857093095124), ('GTF2H2', 2.0793019496308154), ('EPC1', 2.49923231423963), ('GOLGA8B', 0.4226340264431659), ('PTGES2', 0.4949745330530085), ('CCSER2', 0.3856400079445768), ('NELFB', 0.7144810441846435), ('MBTPS1', 2.4838976892552798), ('NUDT14', 0.713875464433442), ('PIGC', 0.2470503768553099), ('TCEANC2', 6.284380388845327), ('WDTC1', 5.7688318855820615), ('ETS1', 1.354981528378536), ('TATDN2', 5.414355007598392)]",4989
XRCC4,dbcorrdb__GABPA__ENCSR000BIW_1__m1,0.08307470167460541,4.095445003298784,0.00036,1.0,"gene is annotated for similar motif dbcorrdb__XRCC4__ENCSR000FAC_1__m1 ('XRCC4 (ENCSR000FAC-1, motif 1)'; q-value = 0.00036)","frozenset({'activating', 'hg38__refseq-r80__10kb_up_and_down_tss.mc9nr.genes_vs_motifs.rankings', 'top10perTarget'})","[('MBTPS1', 2.4838976892552798), ('SELL', 5.460897137875518), ('SPN', 0.8854837290760624), ('KIAA0586', 10.76377510367696), ('RUNX2', 8.7706013061233), ('TBP', 8.980324816475811), ('CCNK', 0.7895358005347943), ('EPC1', 2.49923231423963), ('ETS1', 1.354981528378536), ('PHRF1', 2.707782000820672), ('SF3A2', 2.0639088789737388), ('APOL3', 4.097632402953599)]",1325
XRCC4,dbcorrdb__ELK1__ENCSR000DZB_1__m1,0.07352331004265347,3.4078929728432685,0.000332,1.0,"gene is annotated for similar motif dbcorrdb__XRCC4__ENCSR000FAC_1__m1 ('XRCC4 (ENCSR000FAC-1, motif 1)'; q-value = 0.000332)","frozenset({'activating', 'hg38__refseq-r80__10kb_up_and_down_tss.mc9nr.genes_vs_motifs.rankings', 'top10perTarget'})","[('MAP3K11', 4.575960565572667), ('CRTAM', 1.4855451827160655), ('TFEB', 7.212868838540827), ('FURIN', 0.8350978754371836), ('SETD5', 1.3239703562479272), ('MARCKSL1', 0.2576587801717409), ('PLPP5', 1.0621790075190978)]",453
XRCC4,dbcorrdb__SIN3A__ENCSR000BLR_1__m2,0.07481785139329163,3.5010798683698203,0.000293,1.0,"gene is annotated for similar motif dbcorrdb__XRCC4__ENCSR000FAC_1__m1 ('XRCC4 (ENCSR000FAC-1, motif 1)'; q-value = 0.000293)","frozenset({'activating', 'hg38__refseq-r80__10kb_up_and_down_tss.mc9nr.genes_vs_motifs.rankings', 'top10perTarget'})","[('CLK4', 2.444603312626894), ('FURIN', 0.8350978754371836), ('GTF2H2', 2.0793019496308154), ('TFEB', 7.212868838540827), ('RUNX2', 8.7706013061233), ('G2E3', 2.3721461103201182), ('PHRF1', 2.707782000820672), ('EIF1AD', 2.345582565741165), ('SETD5', 1.3239703562479272), ('PRKD3', 1.1421154732214165), ('TCEANC2', 6.284380388845327), ('ETS1', 1.354981528378536), ('GOLGA8B', 0.4226340264431659), ('KIAA0586', 10.76377510367696), ('XRCC4', 1.0), ('RAB3IP', 3.912530336219741), ('APOL3', 4.097632402953599), ('FAM78A', 1.3755599160843968)]",2019
XRCC4,dbcorrdb__POLR2A__ENCSR000EAY_1__m1,0.07927406104260369,3.8218578356631405,0.000293,1.0,"gene is annotated for similar motif dbcorrdb__XRCC4__ENCSR000FAC_1__m1 ('XRCC4 (ENCSR000FAC-1, motif 1)'; q-value = 0.000293)","frozenset({'activating', 'hg38__refseq-r80__10kb_up_and_down_tss.mc9nr.genes_vs_motifs.rankings', 'top10perTarget'})","[('SELL', 5.460897137875518), ('GTF2H2', 2.0793019496308154), ('PVT1', 2.2192326359069927), ('FURIN', 0.8350978754371836), ('CLK4', 2.444603312626894), ('MBTPS1', 2.4838976892552798), ('GOLGA8B', 0.4226340264431659), ('REL', 0.7572080970644104), ('SULF2', 2.500362338156665), ('RAB3IP', 3.912530336219741), ('SETD5', 1.3239703562479272), ('G2E3', 2.3721461103201182)]",1089
XRCC4,dbcorrdb__TAF1__ENCSR000BGS_1__m2,0.06850281313793503,3.046495076730682,0.000273,1.0,"gene is annotated for similar motif dbcorrdb__XRCC4__ENCSR000FAC_1__m1 ('XRCC4 (ENCSR000FAC-1, motif 1)'; q-value = 0.000273)","frozenset({'activating', 'hg38__refseq-r80__10kb_up_and_down_tss.mc9nr.genes_vs_motifs.rankings', 'top10perTarget'})","[('REEP2', 7.245899495902504), ('SETD5', 1.3239703562479272), ('PRKD3', 1.1421154732214165), ('EPC1', 2.49923231423963), ('RUNX2', 8.7706013061233), ('FAM78A', 1.3755599160843968), ('PHRF1', 2.707782000820672), ('SULF2', 2.500362338156665), ('FURIN', 0.8350978754371836)]",613
XRCC4,dbcorrdb__SIN3A__ENCSR000BGL_1__m1,0.0683202496141271,3.033353335053861,0.000236,1.0,"gene is annotated for similar motif dbcorrdb__XRCC4__ENCSR000FAC_1__m1 ('XRCC4 (ENCSR000FAC-1, motif 1)'; q-value = 0.000236)","frozenset({'activating', 'hg38__refseq-r80__10kb_up_and_down_tss.mc9nr.genes_vs_motifs.rankings', 'top10perTarget'})","[('MAP3K11', 4.575960565572667), ('PHRF1', 2.707782000820672), ('XRCC4', 1.0), ('PIGC', 0.2470503768553099), ('EIF5A2', 0.4892677525342039), ('PDPK1', 2.024853218338964), ('ACSL5', 0.91704561385512), ('EIF1AD', 2.345582565741165), ('G2E3', 2.3721461103201182), ('CCNK', 0.7895358005347943), ('ZNFX1', 0.939890712144674), ('CHAC2', 0.8633040824938829), ('GTF2H2', 2.0793019496308154), ('EPC1', 2.49923231423963), ('SETD5', 1.3239703562479272), ('PSME4', 9.195396644665722), ('TFEB', 7.212868838540827), ('MARCKSL1', 0.2576587801717409), ('SULF2', 2.500362338156665), ('FAM78A', 1.3755599160843968)]",2689
XRCC4,dbcorrdb__ELF1__ENCSR000BPT_1__m2,0.07890063565299653,3.7949770004150967,0.000189,1.0,"gene is annotated for similar motif dbcorrdb__XRCC4__ENCSR000FAC_1__m1 ('XRCC4 (ENCSR000FAC-1, motif 1)'; q-value = 0.000189)","frozenset({'activating', 'hg38__refseq-r80__10kb_up_and_down_tss.mc9nr.genes_vs_motifs.rankings', 'top10perTarget'})","[('MARCKSL1', 0.2576587801717409), ('RUNX2', 8.7706013061233), ('SULF2', 2.500362338156665), ('EPC1', 2.49923231423963), ('CAMK2N1', 6.821857093095124), ('FURIN', 0.8350978754371836), ('PHRF1', 2.707782000820672), ('LINS1', 1.6096070549092394), ('GOLGA8B', 0.4226340264431659), ('TFEB', 7.212868838540827), ('PVT1', 2.2192326359069927), ('PLPP5', 1.0621790075190978), ('NACC1', 1.656221049921228)]",1247
XRCC4,dbcorrdb__POLR2A__ENCSR000EBG_1__m1,0.07903340912485686,3.804534630725513,0.00012,1.0,"gene is annotated for similar motif dbcorrdb__XRCC4__ENCSR000FAC_1__m1 ('XRCC4 (ENCSR000FAC-1, motif 1)'; q-value = 0.00012)","frozenset({'activating', 'hg38__refseq-r80__10kb_up_and_down_tss.mc9nr.genes_vs_motifs.rankings', 'top10perTarget'})","[('TBP', 8.980324816475811), ('LINC00152', 1.1998041958459478), ('MAP3K11', 4.575960565572667), ('IPO4', 2.783573290954656), ('TATDN2', 5.414355007598392), ('ARCN1', 0.7396286445290162), ('PHRF1', 2.707782000820672), ('XRCC4', 1.0), ('ETS1', 1.354981528378536), ('GTF2H2', 2.0793019496308154), ('MBTPS1', 2.4838976892552798), ('G2E3', 2.3721461103201182), ('EIF1AD', 2.345582565741165), ('MADD', 2.063656073990747), ('SULF2', 2.500362338156665), ('GOLGA8B', 0.4226340264431659), ('SETD5', 1.3239703562479272), ('CAMK2N1', 6.821857093095124), ('ALDH1B1', 2.5806402291335733), ('WDTC1', 5.7688318855820615), ('PVT1', 2.2192326359069927), ('FAM78A', 1.3755599160843968), ('MMP25-AS1', 4.986063122676652), ('MARCKSL1', 0.2576587801717409), ('RAB3IP', 3.912530336219741), ('PIGC', 0.2470503768553099), ('RUNX2', 8.7706013061233)]",3386
XRCC4,dbcorrdb__PHF8__ENCSR000AQH_1__m1,0.07199641511625977,3.297980224273491,7.9e-05,1.0,"gene is annotated for similar motif dbcorrdb__XRCC4__ENCSR000FAC_1__m1 ('XRCC4 (ENCSR000FAC-1, motif 1)'; q-value = 7.93e-05)","frozenset({'activating', 'hg38__refseq-r80__10kb_up_and_down_tss.mc9nr.genes_vs_motifs.rankings', 'top10perTarget'})","[('PSMB10', 1.8546021814039635), ('ZNFX1', 0.939890712144674), ('MARCKSL1', 0.2576587801717409), ('ACSL5', 0.91704561385512), ('APOL3', 4.097632402953599), ('APOBEC3G', 0.7469195744323324), ('MAP3K11', 4.575960565572667), ('CCSER2', 0.3856400079445768), ('PVT1', 2.2192326359069927), ('DOT1L', 11.431884675937118)]",999
ZBTB49,c2h2_zfs__M5103,0.08714918759231906,3.3171790886512227,0.0,1.0,gene is directly annotated,"frozenset({'activating', 'hg38__refseq-r80__10kb_up_and_down_tss.mc9nr.genes_vs_motifs.rankings', 'top10perTarget'})","[('FBXL20', 9.121985323206776), ('VEZT', 5.566926086270945), ('PTGDR2', 3.636565606076503), ('DGKZ', 3.2047215227329424)]",557
ZNF195,transfac_pro__M06067,0.08918519701385284,3.253459602914567,0.0,1.0,gene is directly annotated,"frozenset({'activating', 'hg38__refseq-r80__10kb_up_and_down_tss.mc9nr.genes_vs_motifs.rankings', 'top10perTarget'})","[('EVI2B', 1.010140236069528), ('APOE', 2.9851575944105373), ('FAM135A', 13.322828300648377), ('PHF3', 6.523955188023328), ('MIR181A1HG', 4.688967563903316)]",494
ZNF740,hocomoco__TBX15_HUMAN.H11MO.0.D,0.106483435323908,3.7272232575723048,4e-06,1.0,gene is annotated for similar motif hocomoco__ZN740_HUMAN.H11MO.0.D ('ZN740_HUMAN'; q-value = 3.8e-06),"frozenset({'activating', 'hg38__refseq-r80__10kb_up_and_down_tss.mc9nr.genes_vs_motifs.rankings', 'top10perTarget'})","[('CSNK1G2', 13.716741886593194), ('GNL3L', 11.52448340297459), ('U2SURP', 2.8456317159971345), ('PTPN6', 1.7582739535480063), ('PKN1', 3.796536744461824), ('FOXP4', 20.14377364600384), ('VAMP4', 2.083803081983199), ('SIT1', 1.081195677052923)]",2663
CHD1,transfac_pro__M04787,0.07026692329498829,3.094379880916342,7.4e-05,1.0,"motif similar to dbcorrdb__CHD1__ENCSR000EFC_1__m1 ('CHD1 (ENCSR000EFC-1, motif 1)'; q-value = 7.4e-05) which is directly annotated","frozenset({'activating', 'top50perTarget', 'hg38__refseq-r80__10kb_up_and_down_tss.mc9nr.genes_vs_motifs.rankings'})","[('XRCC1', 4.4273635940705685), ('BIRC3', 0.9036299757881532), ('GADD45B', 1.75537111455261), ('DUSP2', 0.4105392792501079), ('CCL2', 3.5923241676992843), ('AKNA', 1.9083369843260656), ('ARHGEF2', 7.362579508894313), ('SOCS3', 7.958893267433009), ('CCL21', 1.019604863047059), ('FBXW4', 1.2432774553793606), ('LINC00959', 3.962790732377247), ('IL13', 0.0997499521567185), ('LTB', 2.159891122451276), ('ID3', 1.3120352002873543), ('PHF21A', 1.4551633909880324), ('CELF2', 3.1315653157208687), ('FAM107B', 1.71619616743864), ('ACVR1', 4.671173712732699), ('CXCL12', 0.0808766330270213), ('SLC25A28', 2.9244108264410524), ('FAM213B', 7.018556934218486), ('REL', 0.2843629180660125), ('MYB', 7.498724683494036), ('IL7R', 2.516483019163579), ('SOD3', 0.2187728827726495), ('NFATC2', 2.768251578208288), ('SEPT9', 0.4701481272477273), ('FYN', 0.5546483686378798), ('PTN', 3.676905168826025), ('BEX2', 2.565385504949316), ('THY1', 7.490995947513153), ('CCDC80', 0.4399137217863966)]",1634
ELF1,dbcorrdb__RBBP5__ENCSR000AQC_1__m5,0.05876300632578328,4.285562943292382,0.000625,1.0,"motif similar to dbcorrdb__ELF1__ENCSR000BPT_1__m2 ('ELF1 (ENCSR000BPT-1, motif 2)'; q-value = 0.000625) which is directly annotated","frozenset({'activating', 'top50perTarget', 'hg38__refseq-r80__10kb_up_and_down_tss.mc9nr.genes_vs_motifs.rankings'})","[('SIN3A', 1.1267053187899465), ('ZMYM5', 0.1669314131949934), ('CHD1', 0.0012622665108082), ('MLLT10', 1.037679730017916), ('SCAF1', 6.521647841298079), ('TRERF1', 9.579857120567487), ('FYN', 0.2224739332762476), ('TARBP2', 3.0201075996205176), ('CDKN1B', 1.2352323851592828), ('BGN', 36.33053933496579), ('ACVR1', 0.263504303306885), ('ID3', 0.5246652891522817), ('THUMPD3-AS1', 0.336047727603751), ('SLC17A5', 7.297851303146687), ('PCOLCE', 1.2395573870934178), ('PPM1B', 0.8693551369963913), ('RAB3IP', 0.2264721845812286), ('TGFBR3', 1.8625432790442152e-08), ('ZCCHC2', 2.4247486288431626), ('SIAH1', 3.4696854037638407), ('NUP153', 0.6312567140121992), ('GDPD5', 5.5797381109906015), ('OXNAD1', 1.833612573457285), ('VCAN', 0.9370453222995908), ('CLK4', 1.0079867349529796), ('DKFZP434I0714', 2.352084000667514), ('CFAP97', 0.2341884297850636), ('METTL21A', 0.2482639987199658), ('NUMB', 0.7556849128139482), ('TRIM41', 0.8116456896818949), ('FURIN', 0.5688825446245447), ('CCDC57', 1.4254789198587252)]",939
ELF1,cisbp__M0714,0.052586022305372376,3.385152257105984,0.000533,1.0,motif similar to homer__AACCGGAAGT_ELF1 ('ELF1(ETS)/Jurkat-ELF1-ChIP-Seq(SRA014231)/Homer'; q-value = 0.000533) which is directly annotated,"frozenset({'activating', 'top50perTarget', 'hg38__refseq-r80__10kb_up_and_down_tss.mc9nr.genes_vs_motifs.rankings'})","[('EPSTI1', 0.8879742709729483), ('SOCS1', 3.112202874344705), ('RNF213', 3.2987827706328394), ('ACVR1', 0.263504303306885), ('LINC00869', 0.0021337027789198), ('ZCCHC6', 4.501371077328933), ('IFITM3', 4.35925262083578), ('CASK', 0.7060508782006982), ('GPRIN3', 0.5572175807776962), ('ARL8A', 2.8226564039011093), ('RUNX3', 0.0678665370244281), ('COL6A3', 2.550023613625493), ('PARP8', 2.2120008929769748), ('BIRC3', 0.1885858250837698), ('LINC00936', 0.6517292142671111), ('SIAH1', 3.4696854037638407), ('SLC25A28', 0.077901056824201), ('DDX60L', 9.923153428372618), ('TRAF5', 3.881511179964377), ('ZFP36', 8.555023990514247), ('TOR3A', 0.1179610148165852), ('ANKH', 1.3562172862199933), ('TSPAN2', 1.56227758815256), ('ELK3', 0.1530061869230466), ('FNBP1', 5.088264201940717), ('APOL3', 0.5937962302839701), ('WHAMM', 1.3882149706056408), ('PXN', 0.724551002978681), ('TRERF1', 9.579857120567487), ('SCML4', 1.0872325518160637), ('THUMPD3-AS1', 0.336047727603751), ('SIN3A', 1.1267053187899465), ('FSTL1', 11.285227525630702), ('FURIN', 0.5688825446245447), ('ZNFX1', 0.5172342888719991)]",905
ELF1,transfac_public__M00007,0.050738733899738334,3.1158755007787957,0.000524,1.0,motif similar to homer__AACCGGAAGT_ELF1 ('ELF1(ETS)/Jurkat-ELF1-ChIP-Seq(SRA014231)/Homer'; q-value = 0.000524) which is directly annotated,"frozenset({'activating', 'top50perTarget', 'hg38__refseq-r80__10kb_up_and_down_tss.mc9nr.genes_vs_motifs.rankings'})","[('BGN', 36.33053933496579), ('IDNK', 5.70242681596282), ('TMEM161B', 4.610789360120839), ('PRKACB', 0.8024590584083221), ('TNXB', 22.519439999366377), ('GNAQ', 0.8748795511282663), ('SPECC1L', 6.340157452682249), ('PTPRE', 10.362488364774435), ('SEPT9', 1.031843382470483), ('SULF2', 1.5002572085831256), ('BIN1', 0.1661704423133999), ('SLC39A10', 0.2373289609335127), ('MESDC1', 4.477990504656902), ('GOLGA8A', 12.547389886305108), ('EHMT1', 2.595690442146072), ('SEC24C', 2.298587451403364), ('SLC2A6', 3.690407294434076), ('FURIN', 0.5688825446245447), ('PLXNA1', 23.486053545623093), ('RAB3IP', 0.2264721845812286)]",495
ELF1,taipale_cyt_meth__ERG_NACMGGAARTN_FL_meth,0.05157527609521701,3.237817136011442,0.000362,1.0,motif similar to transfac_pro__M07417 ('V$ELF1_Q4: Elf-1'; q-value = 0.000362) which is directly annotated,"frozenset({'activating', 'top50perTarget', 'hg38__refseq-r80__10kb_up_and_down_tss.mc9nr.genes_vs_motifs.rankings'})","[('TRIM41', 0.8116456896818949), ('ARHGAP30', 0.3993154495888978), ('SH2D3C', 0.4559676233310149), ('NUMB', 0.7556849128139482), ('TRERF1', 9.579857120567487), ('TMEM161B', 4.610789360120839), ('SEPT9', 1.031843382470483), ('PTGDR2', 0.2325291850480521), ('PRKACB', 0.8024590584083221), ('BGN', 36.33053933496579), ('RGS14', 0.9945659398620436), ('ELK3', 0.1530061869230466), ('IL2', 0.4180049446538177), ('ZCCHC6', 4.501371077328933), ('FLI1', 3.4516006498011564), ('ZAP70', 2.3873094646085566), ('PXN', 0.724551002978681), ('CD247', 0.7088632364357995), ('AAK1', 0.4204387570656171), ('TMEM71', 0.5631780162862581), ('PIEZO1', 3.3261845266776966), ('BAG4', 2.4215176864000565)]",506
ELF1,cisbp__M0689,0.051101658930314764,3.1687785963244117,0.000339,1.0,motif similar to homer__AACCGGAAGT_ELF1 ('ELF1(ETS)/Jurkat-ELF1-ChIP-Seq(SRA014231)/Homer'; q-value = 0.000339) which is directly annotated,"frozenset({'activating', 'top50perTarget', 'hg38__refseq-r80__10kb_up_and_down_tss.mc9nr.genes_vs_motifs.rankings'})","[('DKFZP434I0714', 2.352084000667514), ('FOSB', 0.5742777457812122), ('FYN', 0.2224739332762476), ('FURIN', 0.5688825446245447), ('PTPN9', 0.5940593608828639), ('RC3H2', 4.037377300446277), ('PIAS3', 8.223384579706007), ('PTPRE', 10.362488364774435), ('CXCL14', 0.4254982908194096), ('VPS45', 0.3644179589939266), ('TGFBR3', 1.8625432790442152e-08), ('C3', 20.287545306040062), ('SULF2', 1.5002572085831256), ('FLJ37453', 4.736572436351562), ('PPM1B', 0.8693551369963913), ('SLC20A1', 0.2820839930862264), ('SH2D3C', 0.4559676233310149), ('MESDC1', 4.477990504656902), ('AAK1', 0.4204387570656171), ('DCAF12', 1.9512708440283528), ('OXNAD1', 1.833612573457285), ('LINC00869', 0.0021337027789198), ('SIAH1', 3.4696854037638407), ('TRMT10A', 0.9372910351657262), ('CAMK2G', 2.4328111317192262), ('COL6A3', 2.550023613625493), ('ACVR1', 0.263504303306885), ('CELF2', 0.3416351233676832), ('MAPRE2', 2.2953659129767687), ('JARID2', 5.906774356974608), ('PLXDC1', 10.296250032675406), ('ARHGAP15', 2.5582728082513237), ('MCCC2', 7.856140991498676), ('USP8', 0.1723718072005851), ('LENG8', 0.4289733960504491), ('ZAP70', 2.3873094646085566), ('SLC25A28', 0.077901056824201), ('FNBP1', 5.088264201940717), ('CDNF', 8.123541760015907), ('DCN', 6.083730577856673e-06), ('PARP8', 2.2120008929769748), ('USP37', 0.1054532751341931), ('SNX25', 0.1275071319644183), ('RNF2', 2.541118982858629)]",1509
ELF1,dbcorrdb__MXI1__ENCSR000EIA_1__m4,0.0561154682277282,3.8996348612871077,0.000292,1.0,"motif similar to dbcorrdb__ELF1__ENCSR000BMB_1__m1 ('ELF1 (ENCSR000BMB-1, motif 1)'; q-value = 0.000292) which is directly annotated","frozenset({'activating', 'top50perTarget', 'hg38__refseq-r80__10kb_up_and_down_tss.mc9nr.genes_vs_motifs.rankings'})","[('TRERF1', 9.579857120567487), ('FLI1', 3.4516006498011564), ('NUMB', 0.7556849128139482), ('TMEM161B', 4.610789360120839), ('PTPRE', 10.362488364774435), ('TNXB', 22.519439999366377), ('SH2D3C', 0.4559676233310149), ('XRCC4', 0.3561958317170264), ('ARHGAP30', 0.3993154495888978), ('ZFP36', 8.555023990514247), ('CTSK', 6.308793482382279), ('TMEM87B', 7.82403080179588), ('ELK3', 0.1530061869230466), ('ABI3', 3.178389610349159), ('BAG4', 2.4215176864000565)]",283
ELF1,dbcorrdb__EZH2__ENCSR000ARK_1__m4,0.05064255876663558,3.101856180459207,0.000207,1.0,"motif similar to dbcorrdb__ELF1__ENCSR000BPT_1__m2 ('ELF1 (ENCSR000BPT-1, motif 2)'; q-value = 0.000207) which is directly annotated","frozenset({'activating', 'top50perTarget', 'hg38__refseq-r80__10kb_up_and_down_tss.mc9nr.genes_vs_motifs.rankings'})","[('ID3', 0.5246652891522817), ('ELK3', 0.1530061869230466), ('PLK3', 1.0222630840429223), ('HERC4', 0.9022159390266652), ('SOCS3', 0.14793357330584), ('TGFBR3', 1.8625432790442152e-08), ('AQR', 1.782007290201725), ('FYN', 0.2224739332762476), ('ELF1', 1.0), ('FNBP1', 5.088264201940717), ('RUNX2', 0.713322950782671), ('CLIP4', 0.8855867018516348), ('NUMB', 0.7556849128139482), ('RAB3GAP2', 1.491942684020278), ('FURIN', 0.5688825446245447), ('AAK1', 0.4204387570656171), ('TRAF5', 3.881511179964377), ('GRK5', 0.3332662938120324), ('PXN', 0.724551002978681), ('ITGAL', 0.1139696399687405), ('PPM1B', 0.8693551369963913), ('RNF2', 2.541118982858629), ('FBXW4', 1.5254311138169687), ('MYB', 3.010917685824852), ('RUNX3', 0.0678665370244281), ('PRPF39', 0.0790562865257307), ('WDTC1', 5.447915626869458), ('FLJ37453', 4.736572436351562), ('STK11', 0.2878145917294435), ('SLC17A5', 7.297851303146687), ('DCAF12', 1.9512708440283528), ('SPAG9', 1.6922799631652872), ('INTS6', 0.6116388945291437), ('SIAH1', 3.4696854037638407), ('METTL21A', 0.2482639987199658), ('PTPN9', 0.5940593608828639), ('PIEZO1', 3.3261845266776966), ('RFTN1', 1.1509951096402231), ('PLAC9', 1.1847031326023678), ('ITGB7', 1.5437475458097372), ('VCAN', 0.9370453222995908), ('ZBTB43', 1.6102637082494005), ('SCML4', 1.0872325518160637), ('SEPT9', 1.031843382470483), ('KDM5B', 1.511286544082956), ('JARID2', 5.906774356974608), ('BAG4', 2.4215176864000565), ('PLEKHO2', 0.3507178807126519), ('ATL2', 0.7123126250770964), ('SELL', 2.732962211356352), ('ZNF791', 2.0422929275985138), ('FNTB', 8.480713899251962), ('RGCC', 1.2001969824270198), ('LINC00649', 1.01313575736128), ('ZAP70', 2.3873094646085566), ('LINC01184', 3.716841052351076), ('FLCN', 2.663965594116891), ('SIN3A', 1.1267053187899465), ('FLI1', 3.4516006498011564), ('LGALS1', 0.3793041738264135), ('COL3A1', 3.908294852152782), ('ACVR1', 0.263504303306885), ('CCNG2', 0.8337999770082372), ('MAP3K8', 0.2896713422292093), ('GPRIN3', 0.5572175807776962), ('ZC3H18', 1.1851676667275155), ('LPP', 1.0423363093901354), ('SULF2', 1.5002572085831256), ('ARHGAP30', 0.3993154495888978), ('PDPK1', 1.398451888141433), ('SNX25', 0.1275071319644183), ('AKAP10', 0.3671470252620705), ('AHSA2', 0.4264596672058437), ('RIPK3', 2.972135576451876), ('ATXN7L3B', 0.3566631067423793), ('SLC20A1', 0.2820839930862264), ('CEP164', 5.28500563981647), ('TRERF1', 9.579857120567487), ('SPECC1L', 6.340157452682249), ('SUN2', 0.8905952504243912), ('CORO7', 0.2404011940742587), ('GOLGA8A', 12.547389886305108), ('TBC1D23', 7.939686147352721)]",3037
ELF1,homer__ACAGGAAGTG_ERG,0.05098007904507166,3.1510560593166304,4.4e-05,1.0,"gene is annotated for similar motif cisbp__M6203 ('ELF1[gene ID: ""ENSG00000120690"" species: ""Homo sapiens"" TF status: ""direct"" TF family: ""Ets"" DBDs: ""Ets""]; Elf1[gene ID: ""ENSMUSG00000036461"" species: ""Mus musculus"" TF status: ""inferred"" TF family: ""Ets"" DBDs: ""Ets""]'; q-value = 4.43e-05)","frozenset({'activating', 'top50perTarget', 'hg38__refseq-r80__10kb_up_and_down_tss.mc9nr.genes_vs_motifs.rankings'})","[('SLC2A6', 3.690407294434076), ('ACVR1', 0.263504303306885), ('C3', 20.287545306040062), ('MAP2K3', 0.3488281099589609), ('ZNF800', 11.859176534979946), ('TGFBR3', 1.8625432790442152e-08), ('FURIN', 0.5688825446245447), ('RAB3IP', 0.2264721845812286), ('CELF2', 0.3416351233676832), ('FYN', 0.2224739332762476), ('CCND3', 2.2936771197173584), ('RGCC', 1.2001969824270198), ('TTC39B', 5.54400828265382), ('TRAF5', 3.881511179964377), ('PLK3', 1.0222630840429223), ('VCAN', 0.9370453222995908), ('CLU', 1.6262821561691256), ('SIAH1', 3.4696854037638407), ('TRERF1', 9.579857120567487), ('SOCS3', 0.14793357330584), ('CCNG2', 0.8337999770082372), ('ZAP70', 2.3873094646085566), ('CLIP4', 0.8855867018516348), ('LPIN1', 6.377687742099075), ('TNXB', 22.519439999366377), ('PTPN9', 0.5940593608828639), ('MESDC1', 4.477990504656902), ('SNX25', 0.1275071319644183), ('FNTB', 8.480713899251962), ('IFITM3', 4.35925262083578), ('BORA', 0.5370094628473316), ('CHD1', 0.0012622665108082), ('IPCEF1', 0.4337826905093591), ('LINC00869', 0.0021337027789198), ('SULF2', 1.5002572085831256), ('SEPT9', 1.031843382470483), ('IKZF3', 0.3175249291687885), ('COL1A1', 10.206535797398416), ('BGN', 36.33053933496579), ('SUN2', 0.8905952504243912), ('ANKH', 1.3562172862199933), ('DCN', 6.083730577856673e-06), ('GDPD5', 5.5797381109906015), ('PTPRE', 10.362488364774435), ('RUNX3', 0.0678665370244281), ('GPRIN3', 0.5572175807776962), ('DKFZP434I0714', 2.352084000667514), ('MAPRE2', 2.2953659129767687), ('SPRR1B', 0.2960894960350131), ('FLI1', 3.4516006498011564), ('SIN3A', 1.1267053187899465), ('ZBTB43', 1.6102637082494005), ('GRK5', 0.3332662938120324), ('BIN1', 0.1661704423133999), ('SH2D3C', 0.4559676233310149)]",1995
ELF1,taipale_cyt_meth__ETV2_NRCAGGAAGTN_eDBD_meth_repr,0.05121960956525211,3.185972102376738,4.3e-05,1.0,gene is annotated for similar motif transfac_pro__M07417 ('V$ELF1_Q4: Elf-1'; q-value = 4.31e-05),"frozenset({'activating', 'top50perTarget', 'hg38__refseq-r80__10kb_up_and_down_tss.mc9nr.genes_vs_motifs.rankings'})","[('ARHGAP15', 2.5582728082513237), ('TRAF5', 3.881511179964377), ('PTPRC', 1.0622052415303855), ('CAMK2G', 2.4328111317192262), ('DHX40', 0.255945128176004), ('TGFBR3', 1.8625432790442152e-08), ('CELF2', 0.3416351233676832), ('C7orf31', 3.3121886533822877), ('SEPT9', 1.031843382470483), ('TRERF1', 9.579857120567487), ('KCNAB2', 0.181909018884325), ('ANKH', 1.3562172862199933), ('TSPAN2', 1.56227758815256), ('PCBP4', 2.9624940430765755e-08), ('MLLT10', 1.037679730017916), ('SIAH1', 3.4696854037638407), ('CCR2', 0.5547268614519624), ('MAPRE2', 2.2953659129767687), ('FLI1', 3.4516006498011564), ('PXN', 0.724551002978681), ('GRK5', 0.3332662938120324), ('PLXNA1', 23.486053545623093), ('ZFYVE28', 5.432725152341445), ('BGN', 36.33053933496579), ('TARBP2', 3.0201075996205176), ('SULF2', 1.5002572085831256), ('COL1A1', 10.206535797398416), ('BIN1', 0.1661704423133999), ('TNXB', 22.519439999366377), ('COL6A3', 2.550023613625493), ('GOLGA8A', 12.547389886305108)]",897
ELF1,cisbp__M0708,0.050179829352650626,3.034404733638546,3.2e-05,1.0,motif similar to taipale_cyt_meth__ELF1_NACCCGGAAGTN_FL ('ELF1 [ETS]'; q-value = 3.24e-05) which is directly annotated,"frozenset({'activating', 'top50perTarget', 'hg38__refseq-r80__10kb_up_and_down_tss.mc9nr.genes_vs_motifs.rankings'})","[('TRERF1', 9.579857120567487), ('FLI1', 3.4516006498011564), ('TMEM161B', 4.610789360120839), ('NUMB', 0.7556849128139482), ('XRCC4', 0.3561958317170264), ('ZFP36', 8.555023990514247), ('TRIM41', 0.8116456896818949), ('PXN', 0.724551002978681), ('ZCCHC6', 4.501371077328933), ('TMEM87B', 7.82403080179588), ('SH2D3C', 0.4559676233310149), ('BAG4', 2.4215176864000565), ('CTSK', 6.308793482382279), ('LPP', 1.0423363093901354), ('TNXB', 22.519439999366377), ('KCNAB2', 0.181909018884325), ('ELK3', 0.1530061869230466), ('ARHGAP30', 0.3993154495888978), ('PTPRE', 10.362488364774435), ('MTMR9', 0.1465369664922527), ('DCAF12', 1.9512708440283528), ('KDM5A', 0.8781680028872526), ('ACVR1', 0.263504303306885), ('SEPT9', 1.031843382470483), ('MESDC1', 4.477990504656902), ('FURIN', 0.5688825446245447), ('BGN', 36.33053933496579), ('PLAC9', 1.1847031326023678), ('INTS6', 0.6116388945291437), ('ABI3', 3.178389610349159), ('FYN', 0.2224739332762476), ('GRK5', 0.3332662938120324), ('RHOH', 2.03043297392947), ('RGS14', 0.9945659398620436), ('CCR6', 0.7439299023598107), ('FAF2', 3.6034628263965662), ('MAN2A1', 0.2524432419035312), ('REPIN1', 1.9312499033859916), ('TGFBR3', 1.8625432790442152e-08), ('SF3B3', 0.1186426304585678), ('THUMPD3-AS1', 0.336047727603751), ('FLCN', 2.663965594116891), ('SLC20A1', 0.2820839930862264), ('MMP25-AS1', 3.492958855598733), ('BIN1', 0.1661704423133999), ('PLEKHO2', 0.3507178807126519), ('ZAP70', 2.3873094646085566), ('THAP6', 0.4156934971246664)]",1698
ELF1,homer__NRYTTCCGGH_Fli1,0.050726031523668155,3.1140238924346986,3.1e-05,1.0,motif similar to factorbook__ELF1 ('ELF1'; q-value = 3.06e-05) which is directly annotated,"frozenset({'activating', 'top50perTarget', 'hg38__refseq-r80__10kb_up_and_down_tss.mc9nr.genes_vs_motifs.rankings'})","[('RGS14', 0.9945659398620436), ('LPIN1', 6.377687742099075), ('MAP2K3', 0.3488281099589609), ('CELF2', 0.3416351233676832), ('STK11', 0.2878145917294435), ('ABI3', 3.178389610349159), ('TGFBR3', 1.8625432790442152e-08), ('AKT1', 2.3830170159321087), ('JARID2', 5.906774356974608), ('FLI1', 3.4516006498011564), ('IKZF3', 0.3175249291687885), ('IPCEF1', 0.4337826905093591), ('MAP3K8', 0.2896713422292093), ('TMEM71', 0.5631780162862581), ('SNTB1', 2.9393086144476497), ('ZNFX1', 0.5172342888719991), ('ARHGAP15', 2.5582728082513237), ('GDF11', 0.7730233898526003), ('MIR4435-2HG', 0.8017386730259465), ('PRKACB', 0.8024590584083221), ('LINC00152', 0.0536471098833511), ('HERC3', 0.1486355997589396), ('IL18RAP', 0.1017308732426047), ('CD70', 0.2548537526249216), ('LBR', 1.0513419429614772), ('PXN', 0.724551002978681), ('C7orf31', 3.3121886533822877), ('DCAF12', 1.9512708440283528), ('RLN2', 2.801162968500374), ('CCND3', 2.2936771197173584), ('PTPRC', 1.0622052415303855), ('NMT2', 3.671155153648474), ('SETD4', 3.678703672876496), ('PIEZO1', 3.3261845266776966), ('ANKH', 1.3562172862199933), ('NUMB', 0.7556849128139482), ('CLK4', 1.0079867349529796), ('SIAH1', 3.4696854037638407), ('ETS1', 0.3546022615660232), ('ACVR1', 0.263504303306885), ('ZCCHC2', 2.4247486288431626), ('COL3A1', 3.908294852152782), ('RHOH', 2.03043297392947), ('MAPRE2', 2.2953659129767687), ('CXCL13', 3.316429530425326), ('SLC39A10', 0.2373289609335127), ('RFTN1', 1.1509951096402231), ('RGCC', 1.2001969824270198), ('IL2', 0.4180049446538177), ('PLEKHO2', 0.3507178807126519), ('RUNX2', 0.713322950782671), ('SOD3', 1.449881720066607), ('VCAN', 0.9370453222995908), ('NUP153', 0.6312567140121992), ('PTGDR2', 0.2325291850480521), ('GNAQ', 0.8748795511282663), ('GPRIN3', 0.5572175807776962), ('EVI2B', 3.487630508347752), ('COL6A1', 2.1009171115861074), ('TRAF5', 3.881511179964377), ('ID3', 0.5246652891522817), ('RC3H2', 4.037377300446277), ('DKFZP434I0714', 2.352084000667514)]",2559
ELF1,homer__ACAGGAAGTG_ETS1,0.051520837340630544,3.229881671679599,1.1e-05,1.0,"gene is annotated for similar motif cisbp__M6203 ('ELF1[gene ID: ""ENSG00000120690"" species: ""Homo sapiens"" TF status: ""direct"" TF family: ""Ets"" DBDs: ""Ets""]; Elf1[gene ID: ""ENSMUSG00000036461"" species: ""Mus musculus"" TF status: ""inferred"" TF family: ""Ets"" DBDs: ""Ets""]'; q-value = 1.11e-05)","frozenset({'activating', 'top50perTarget', 'hg38__refseq-r80__10kb_up_and_down_tss.mc9nr.genes_vs_motifs.rankings'})","[('FOSB', 0.5742777457812122), ('ABI3', 3.178389610349159), ('SEPT9', 1.031843382470483), ('MAP2K3', 0.3488281099589609), ('CD247', 0.7088632364357995), ('MAPRE2', 2.2953659129767687), ('MYB', 3.010917685824852), ('SYNE3', 3.2245895306107), ('NUP153', 0.6312567140121992), ('TNXB', 22.519439999366377), ('ETS1', 0.3546022615660232), ('PLK3', 1.0222630840429223), ('BIN1', 0.1661704423133999), ('COL1A1', 10.206535797398416), ('MIR4435-2HG', 0.8017386730259465), ('FNBP1', 5.088264201940717), ('LINC00152', 0.0536471098833511), ('INTS6', 0.6116388945291437), ('CCDC57', 1.4254789198587252), ('CCR6', 0.7439299023598107), ('CASK', 0.7060508782006982), ('CELF2', 0.3416351233676832), ('RUNX2', 0.713322950782671), ('LINC01355', 13.34266808610535), ('METTL15', 0.3508633198500254), ('ZBTB43', 1.6102637082494005), ('EVI2B', 3.487630508347752), ('ELK3', 0.1530061869230466)]",749
ELK3,transfac_public__M00007,0.06353013440191878,3.423576839881552,0.00075,1.0,"motif similar to taipale_cyt_meth__ELK3_NACCGGAAGTN_FL_meth_repr ('ELK3 [ETS, CpG-meth]'; q-value = 0.00075) which is directly annotated","frozenset({'activating', 'top50perTarget', 'hg38__refseq-r80__10kb_up_and_down_tss.mc9nr.genes_vs_motifs.rankings'})","[('TBC1D23', 4.28361442114663), ('DHX40', 5.834243848159715), ('ELF1', 1.4717016783978951), ('MIR4435-2HG', 2.018399070816772), ('LINC00152', 0.2575609144152758), ('ACVR1', 10.393707976051475), ('ASCC3', 1.909459300996711), ('RGS1', 0.3437635049952839), ('LINC00936', 8.087066492341211), ('FLCN', 1.085060829478101), ('MLLT10', 15.815390377591466), ('RBM15', 2.6013554535394694), ('KCNAB2', 0.3141284607416184), ('CASK', 3.3947211426356163), ('DCAF12', 3.5138051960507406), ('CDKN1B', 6.24436168107685), ('PTPRE', 0.4930117147090248), ('VAMP4', 2.8051582520549467), ('ADPGK', 0.2536370708102222), ('METTL15', 2.613850646824145), ('PTPRN2', 0.18358349191688), ('ARHGAP15', 0.7634407818352706), ('EOMES', 20.74477754407047), ('CELF2', 0.1580482478877964), ('TGFBR3', 0.3207681890804079), ('FYN', 10.245173690835472), ('JARID2', 0.3021217806906306)]",1571
ELK3,homer__AACAGGAAGT_Ets1-distal,0.06321570118607134,3.3922598502734784,0.000564,0.923833,"gene is orthologous to ENSMUSG00000008398 in M. musculus (identity = 92%) which is annotated for similar motif cisbp__M0692 ('ENSMUSG00000044690[gene ID: ""ENSMUSG00000044690"" species: ""Mus musculus"" TF status: ""inferred"" TF family: ""Ets"" DBDs: ""Ets""]; Elk3[gene ID: ""ENSMUSG00000008398"" species: ""Mus musculus"" TF status: ""direct"" TF family: ""Ets"" DBDs: ""Ets""]; Ets2[gene ID: ""ENSMUSG00000022895"" species: ""Mus musculus"" TF status: ""inferred"" TF family: ""Ets"" DBDs: ""Ets""]; Etv2[gene ID: ""ENSMUSG00000006311"" species: ""Mus musculus"" TF status: ""inferred"" TF family: ""Ets"" DBDs: ""Ets""]; Fev[gene ID: ""ENSMUSG00000055197"" species: ""Mus musculus"" TF status: ""inferred"" TF family: ""Ets"" DBDs: ""Ets""]'; q-value = 0.000564)","frozenset({'activating', 'top50perTarget', 'hg38__refseq-r80__10kb_up_and_down_tss.mc9nr.genes_vs_motifs.rankings'})","[('CAMK2G', 18.530487995339715), ('KCNAB2', 0.3141284607416184), ('SKAP1', 0.76788529033407), ('WAS', 0.5701467013471303), ('CELF2', 0.1580482478877964), ('NMT2', 0.4140732016679166), ('PPM1B', 11.398181191393489), ('INPP4B', 1.6544756805404055), ('CXCR6', 0.482372969854781), ('ATXN7', 1.8023203546819069), ('CD247', 2.242394851653307), ('MIR4435-2HG', 2.018399070816772), ('LINC00152', 0.2575609144152758), ('BIN1', 0.2159277874148871), ('GPRIN3', 0.402261977819602), ('PRIMPOL', 0.6513548346647778), ('SPATA13', 0.8885729498984992), ('CCND3', 1.0928181346245314)]",814
ELK3,hocomoco__EHF_HUMAN.H11MO.0.B,0.05932184798982114,3.0044389905921105,0.000482,1.0,gene is annotated for similar motif transfac_pro__M08824 ('V$NET_Q6_01: NET'; q-value = 0.000482),"frozenset({'activating', 'top50perTarget', 'hg38__refseq-r80__10kb_up_and_down_tss.mc9nr.genes_vs_motifs.rankings'})","[('ATXN7', 1.8023203546819069), ('XCL1', 1.078965413453874), ('XCL2', 1.426089034686752), ('SPATA13', 0.8885729498984992), ('SCML4', 0.1694794804670033), ('ELK3', 1.0), ('WIPF1', 0.0437187968972599), ('PXN', 1.2024027524054064), ('PLEKHO2', 2.0716720168505303), ('USP37', 2.839451711406853), ('LINC00649', 6.453126817773046), ('MIR4435-2HG', 2.018399070816772), ('LINC00152', 0.2575609144152758), ('GZMB', 0.771681699420255), ('GPR82', 3.8958790401418257), ('PRKACB', 2.7863823862641555), ('IL13', 0.2069470651971129), ('FYN', 10.245173690835472), ('ACVR1', 10.393707976051475), ('LPAR6', 0.8919299935980731), ('PTPRN2', 0.18358349191688), ('CXCR6', 0.482372969854781), ('FCER1G', 0.1148514961352387), ('ASCC3', 1.909459300996711), ('GZMA', 0.0459693014935869), ('PLAC8', 1.321390126948807), ('GPRIN3', 0.402261977819602), ('TSC22D3', 0.8950051441739572), ('CXCL13', 3.347230884190069), ('ARHGAP15', 0.7634407818352706), ('TGFBR3', 0.3207681890804079)]",1977
ELK3,transfac_pro__M00771,0.06451730845167235,3.521897621209223,0.000438,1.0,gene is annotated for similar motif transfac_pro__M08824 ('V$NET_Q6_01: NET'; q-value = 0.000438),"frozenset({'activating', 'top50perTarget', 'hg38__refseq-r80__10kb_up_and_down_tss.mc9nr.genes_vs_motifs.rankings'})","[('RGS1', 0.3437635049952839), ('CDKN1B', 6.24436168107685), ('LINC00936', 8.087066492341211), ('LINC00152', 0.2575609144152758), ('MIR4435-2HG', 2.018399070816772), ('FLCN', 1.085060829478101), ('TGFBR3', 0.3207681890804079), ('ASCC3', 1.909459300996711), ('VAMP4', 2.8051582520549467), ('MLLT10', 15.815390377591466), ('ACVR1', 10.393707976051475), ('PTPRE', 0.4930117147090248), ('KCNAB2', 0.3141284607416184), ('KIF2A', 1.9270006270137745), ('ARHGAP15', 0.7634407818352706), ('BIN1', 0.2159277874148871)]",541
ELK3,dbcorrdb__ELF1__ENCSR000BMD_1__m1,0.062078622928762595,3.27900887622568,0.000323,1.0,gene is annotated for similar motif transfac_pro__M03832 ('V$NET_Q6: Net'; q-value = 0.000323),"frozenset({'activating', 'top50perTarget', 'hg38__refseq-r80__10kb_up_and_down_tss.mc9nr.genes_vs_motifs.rankings'})","[('ZMYM5', 3.980656830137151), ('FBRS', 3.2595875132510583), ('CTSW', 0.1561485474952196), ('CHD1', 4.346599740087908), ('MLLT10', 15.815390377591466), ('EPC1', 3.14163055460817), ('SCAF1', 0.9551110368984206), ('FYN', 10.245173690835472), ('CDKN1B', 6.24436168107685), ('ACVR1', 10.393707976051475), ('ID3', 1.7969687751303511), ('SAT1', 0.327717489455716), ('PPM1B', 11.398181191393489), ('TGFBR3', 0.3207681890804079)]",571
ELK3,transfac_pro__M07211,0.07211854863477485,4.278967637432287,0.000284,1.0,gene is annotated for similar motif transfac_pro__M08824 ('V$NET_Q6_01: NET'; q-value = 0.000284),"frozenset({'activating', 'top50perTarget', 'hg38__refseq-r80__10kb_up_and_down_tss.mc9nr.genes_vs_motifs.rankings'})","[('PPM1B', 11.398181191393489), ('SKAP1', 0.76788529033407), ('CXCR6', 0.482372969854781), ('NMT2', 0.4140732016679166), ('CAMK2G', 18.530487995339715), ('KCNAB2', 0.3141284607416184), ('PRIMPOL', 0.6513548346647778), ('DCAF12', 3.5138051960507406), ('ACVR1', 10.393707976051475), ('CELF2', 0.1580482478877964), ('SPATA13', 0.8885729498984992), ('MYB', 13.45684971716621), ('MIR4435-2HG', 2.018399070816772), ('LINC00152', 0.2575609144152758), ('CD247', 2.242394851653307), ('FLCN', 1.085060829478101), ('RC3H2', 10.284099926984172), ('GPRIN3', 0.402261977819602), ('CCL4', 0.270314920528703), ('LINC00936', 8.087066492341211), ('PTPRN2', 0.18358349191688), ('TGFBR3', 0.3207681890804079), ('APBB1IP', 0.2845571135353834), ('ATXN7', 1.8023203546819069), ('EPC1', 3.14163055460817), ('INPP4B', 1.6544756805404055), ('TBC1D19', 14.896096543149769), ('TSC22D3', 0.8950051441739572), ('WAS', 0.5701467013471303), ('PTPRE', 0.4930117147090248)]",1766
ELK3,cisbp__M1922,0.07218436023809176,4.2855223561874665,0.000284,1.0,gene is annotated for similar motif transfac_pro__M08824 ('V$NET_Q6_01: NET'; q-value = 0.000284),"frozenset({'activating', 'top50perTarget', 'hg38__refseq-r80__10kb_up_and_down_tss.mc9nr.genes_vs_motifs.rankings'})","[('EVI2B', 0.1324515668198154), ('MATK', 0.4243511867146302), ('FAM105A', 0.2339916213191707), ('TSC22D3', 0.8950051441739572), ('CELF2', 0.1580482478877964), ('CYTH4', 1.513551323322226e-06), ('RGS14', 0.4568619398694047), ('STK11', 13.362466336401935), ('LBR', 3.685943764291316), ('IPCEF1', 4.630683298970342), ('NUMB', 0.9867887865516458), ('MIR4435-2HG', 2.018399070816772), ('LINC00152', 0.2575609144152758), ('TGFBR3', 0.3207681890804079), ('JARID2', 0.3021217806906306), ('FYN', 10.245173690835472), ('ARHGAP15', 0.7634407818352706), ('DCAF12', 3.5138051960507406), ('CXCR4', 0.5909777643538726), ('PTPRE', 0.4930117147090248)]",681
ELK3,cisbp__M2276,0.0653070476914752,3.600554246271359,0.000247,1.0,gene is annotated for similar motif transfac_pro__M08824 ('V$NET_Q6_01: NET'; q-value = 0.000247),"frozenset({'activating', 'top50perTarget', 'hg38__refseq-r80__10kb_up_and_down_tss.mc9nr.genes_vs_motifs.rankings'})","[('CXCR4', 0.5909777643538726), ('PPM1B', 11.398181191393489), ('RBM15', 2.6013554535394694), ('MIR4435-2HG', 2.018399070816772), ('LINC00152', 0.2575609144152758), ('TGFBR3', 0.3207681890804079), ('LINC00649', 6.453126817773046), ('EPC1', 3.14163055460817), ('CDKN2D', 1.088670497336861), ('FNBP1', 0.6321123799931679), ('ELF1', 1.4717016783978951), ('LINC00936', 8.087066492341211), ('CHD1', 4.346599740087908), ('NUMB', 0.9867887865516458), ('ATXN7', 1.8023203546819069), ('FLCN', 1.085060829478101), ('CELF2', 0.1580482478877964), ('MAN2A1', 0.3246020390883462), ('FYN', 10.245173690835472), ('DCAF12', 3.5138051960507406), ('ATP6V1H', 2.011280775019138), ('PRKACB', 2.7863823862641555), ('WIPF1', 0.0437187968972599), ('SPATA13', 0.8885729498984992), ('FLJ37453', 14.728493608604074)]",1537
ELK3,transfac_pro__M07088,0.06386650481887184,3.45707873574135,0.000247,1.0,gene is annotated for similar motif transfac_pro__M08824 ('V$NET_Q6_01: NET'; q-value = 0.000247),"frozenset({'activating', 'top50perTarget', 'hg38__refseq-r80__10kb_up_and_down_tss.mc9nr.genes_vs_motifs.rankings'})","[('ACVR1', 10.393707976051475), ('LINC00936', 8.087066492341211), ('TBC1D23', 4.28361442114663), ('MIR4435-2HG', 2.018399070816772), ('LINC00152', 0.2575609144152758), ('DHX40', 5.834243848159715), ('FLCN', 1.085060829478101), ('ELF1', 1.4717016783978951), ('RGS1', 0.3437635049952839), ('ASCC3', 1.909459300996711)]",264
ELK3,homer__ACAGGAAGTG_ETS1,0.07399783552949091,4.466141272996817,0.000154,1.0,gene is annotated for similar motif transfac_pro__M03832 ('V$NET_Q6: Net'; q-value = 0.000154),"frozenset({'activating', 'top50perTarget', 'hg38__refseq-r80__10kb_up_and_down_tss.mc9nr.genes_vs_motifs.rankings'})","[('DOK2', 1.1234804296595629), ('STK11', 13.362466336401935), ('CDKN1B', 6.24436168107685), ('ELK3', 1.0), ('SKAP1', 0.76788529033407), ('PPM1B', 11.398181191393489), ('DHX40', 5.834243848159715), ('ADPGK', 0.2536370708102222), ('EOMES', 20.74477754407047), ('WIPF1', 0.0437187968972599), ('MLLT10', 15.815390377591466), ('TGFBR3', 0.3207681890804079), ('TMEM71', 0.3688711359608787), ('SCML4', 0.1694794804670033), ('VAMP4', 2.8051582520549467), ('CCND3', 1.0928181346245314), ('ACVR1', 10.393707976051475), ('LINC00649', 6.453126817773046), ('SCAF1', 0.9551110368984206), ('RGS1', 0.3437635049952839), ('MRI1', 2.0256645825709008), ('FBXL4', 0.5162915386998014), ('FAM175B', 0.0903765837568313), ('TBC1D23', 4.28361442114663), ('CD247', 2.242394851653307), ('RC3H2', 10.284099926984172), ('CAMK2G', 18.530487995339715), ('BROX', 0.3267049901443812), ('LTB', 1.6531146574341653), ('DUSP4', 0.225050954606065), ('IRAK4', 1.4758362607003184), ('FBXW4', 4.511649483497573), ('AAK1', 0.159665237006675), ('LPAR6', 0.8919299935980731), ('GPR82', 3.8958790401418257), ('IL22', 0.302743276546298), ('KCNAB2', 0.3141284607416184)]",2296
ELK3,transfac_pro__M04832,0.06264167775714057,3.3350881366866485,0.000142,1.0,gene is annotated for similar motif transfac_pro__M03832 ('V$NET_Q6: Net'; q-value = 0.000142),"frozenset({'activating', 'top50perTarget', 'hg38__refseq-r80__10kb_up_and_down_tss.mc9nr.genes_vs_motifs.rankings'})","[('MAP3K1', 0.5491743408414483), ('PGM2L1', 1.1379285923499234), ('PXN', 1.2024027524054064), ('DPF2', 3.1214534304265644), ('MLLT10', 15.815390377591466), ('CELF2', 0.1580482478877964), ('MYB', 13.45684971716621), ('FAM105A', 0.2339916213191707), ('STK11', 13.362466336401935), ('CTSW', 0.1561485474952196), ('G2E3', 0.5183810935330444), ('EPC1', 3.14163055460817), ('PPM1B', 11.398181191393489), ('CAMK2G', 18.530487995339715), ('PTPRE', 0.4930117147090248), ('ELF1', 1.4717016783978951), ('SUN2', 0.6217268423051998)]",846
ELK3,cisbp__M2277,0.06580063471635199,3.6497146369351943,0.00011,1.0,gene is annotated for similar motif transfac_pro__M08824 ('V$NET_Q6_01: NET'; q-value = 0.00011),"frozenset({'activating', 'top50perTarget', 'hg38__refseq-r80__10kb_up_and_down_tss.mc9nr.genes_vs_motifs.rankings'})","[('NUMB', 0.9867887865516458), ('CTSW', 0.1561485474952196), ('TMEM161B', 2.7224616030955), ('NABP1', 1.246137922372658), ('PRKACB', 2.7863823862641555), ('RGS14', 0.4568619398694047), ('ELK3', 1.0), ('PXN', 1.2024027524054064), ('CD247', 2.242394851653307), ('TMC6', 1.1225247854382896), ('AAK1', 0.159665237006675), ('TMEM71', 0.3688711359608787), ('BAG4', 2.90636182279392), ('BIN1', 0.2159277874148871), ('DCAF12', 3.5138051960507406), ('CAMK2G', 18.530487995339715), ('KCNAB2', 0.3141284607416184), ('ARHGAP15', 0.7634407818352706), ('PTPRE', 0.4930117147090248), ('FLCN', 1.085060829478101), ('TGFBR3', 0.3207681890804079), ('LPAR6', 0.8919299935980731), ('WIPF1', 0.0437187968972599), ('MAN2A1', 0.3246020390883462), ('SUN2', 0.6217268423051998), ('DENND1C', 2.067215023498122), ('FGR', 5.914741939868566), ('FYN', 10.245173690835472), ('MYL9', 0.4974987667053124), ('EVI2B', 0.1324515668198154), ('DOK2', 1.1234804296595629), ('LINC00152', 0.2575609144152758), ('MIR4435-2HG', 2.018399070816772), ('SAT1', 0.327717489455716), ('XCL2', 1.426089034686752)]",2188
ELK3,transfac_pro__M07089,0.06512423768226158,3.582346694173643,0.00011,1.0,gene is annotated for similar motif transfac_pro__M08824 ('V$NET_Q6_01: NET'; q-value = 0.00011),"frozenset({'activating', 'top50perTarget', 'hg38__refseq-r80__10kb_up_and_down_tss.mc9nr.genes_vs_motifs.rankings'})","[('FBRS', 3.2595875132510583), ('ATL2', 0.8469945817867544), ('BIN1', 0.2159277874148871), ('CXCR4', 0.5909777643538726), ('DOK2', 1.1234804296595629), ('MLLT10', 15.815390377591466), ('REL', 1.7399996488192595), ('ATXN7', 1.8023203546819069), ('EPC1', 3.14163055460817), ('TGFBR3', 0.3207681890804079), ('PPM1B', 11.398181191393489), ('ELF1', 1.4717016783978951), ('PXN', 1.2024027524054064), ('FNBP1', 0.6321123799931679), ('TBC1D23', 4.28361442114663), ('AAK1', 0.159665237006675), ('PECAM1', 3.8676795700903104), ('NABP1', 1.246137922372658), ('WIPF1', 0.0437187968972599), ('RBM15', 2.6013554535394694), ('EOMES', 20.74477754407047), ('ACVR1', 10.393707976051475), ('LINC00936', 8.087066492341211), ('FLCN', 1.085060829478101), ('NUMB', 0.9867887865516458), ('PTPRC', 0.4307502548361989), ('PRPF39', 0.2664565973864855), ('PRKACB', 2.7863823862641555), ('LAT2', 3.74528931026832), ('FLJ37453', 14.728493608604074), ('ELK3', 1.0), ('GPRIN3', 0.402261977819602), ('CD247', 2.242394851653307), ('JARID2', 0.3021217806906306)]",1935
ELK3,stark__CMGGAAR,0.06154481770185881,3.2258428241003467,0.000103,1.0,gene is annotated for similar motif transfac_pro__M08824 ('V$NET_Q6_01: NET'; q-value = 0.000103),"frozenset({'activating', 'top50perTarget', 'hg38__refseq-r80__10kb_up_and_down_tss.mc9nr.genes_vs_motifs.rankings'})","[('TGFBR3', 0.3207681890804079), ('G2E3', 0.5183810935330444), ('MLLT10', 15.815390377591466), ('LPAR6', 0.8919299935980731), ('KCNAB2', 0.3141284607416184), ('PPM1B', 11.398181191393489), ('FYN', 10.245173690835472), ('SCAF1', 0.9551110368984206), ('IPCEF1', 4.630683298970342), ('NMT2', 0.4140732016679166), ('AGPS', 0.1098424967123312), ('NRBF2', 1.675359244437084), ('ELK3', 1.0), ('FBXL4', 0.5162915386998014), ('ACVR1', 10.393707976051475), ('SCML4', 0.1694794804670033), ('EOMES', 20.74477754407047), ('REL', 1.7399996488192595)]",839
ELK3,transfac_pro__M07417,0.06424674963803619,3.494950444104602,8.5e-05,1.0,gene is annotated for similar motif transfac_pro__M08824 ('V$NET_Q6_01: NET'; q-value = 8.5e-05),"frozenset({'activating', 'top50perTarget', 'hg38__refseq-r80__10kb_up_and_down_tss.mc9nr.genes_vs_motifs.rankings'})","[('MATK', 0.4243511867146302), ('FBRS', 3.2595875132510583), ('TSC22D3', 0.8950051441739572), ('FAM105A', 0.2339916213191707), ('RGS14', 0.4568619398694047), ('CELF2', 0.1580482478877964), ('STK11', 13.362466336401935), ('TGFBR3', 0.3207681890804079), ('JARID2', 0.3021217806906306), ('MAP3K1', 0.5491743408414483), ('IPCEF1', 4.630683298970342), ('TMEM71', 0.3688711359608787), ('ARHGAP15', 0.7634407818352706), ('INPP4B', 1.6544756805404055), ('PLAC8', 1.321390126948807), ('PRKACB', 2.7863823862641555), ('MIR4435-2HG', 2.018399070816772), ('LINC00152', 0.2575609144152758), ('CD70', 14.039464186090864), ('NAB1', 4.432364472062539), ('LBR', 3.685943764291316), ('PXN', 1.2024027524054064), ('NABP1', 1.246137922372658), ('DCAF12', 3.5138051960507406), ('WIPF1', 0.0437187968972599), ('PTPRN2', 0.18358349191688), ('NMT2', 0.4140732016679166), ('CCND3', 1.0928181346245314), ('PTPRC', 0.4307502548361989), ('REL', 1.7399996488192595), ('NUMB', 0.9867887865516458), ('CXCR4', 0.5909777643538726), ('CXCL13', 3.347230884190069), ('ACVR1', 10.393707976051475), ('APAF1', 0.1656517346026962), ('SAT1', 0.327717489455716), ('EPC1', 3.14163055460817), ('EVI2B', 0.1324515668198154), ('LTB', 1.6531146574341653), ('PLEKHO2', 2.0716720168505303), ('EOMES', 20.74477754407047), ('ATXN7', 1.8023203546819069), ('ID3', 1.7969687751303511), ('GPRIN3', 0.402261977819602), ('RC3H2', 10.284099926984172), ('ATAD1', 1.565123074382453), ('DUSP4', 0.225050954606065), ('CD247', 2.242394851653307), ('CD79B', 0.3519520732731567), ('ELK3', 1.0), ('FGR', 5.914741939868566), ('TNFRSF1B', 1.1150783404803284), ('KCNAB2', 0.3141284607416184), ('SPRR1B', 1.738618503009108), ('ELF1', 1.4717016783978951), ('IL7R', 1.273038383130917), ('BIN1', 0.2159277874148871), ('FASLG', 2.1264651716385403), ('BROX', 0.3267049901443812), ('ITGB7', 0.3896730462406315), ('DOK2', 1.1234804296595629), ('CTSW', 0.1561485474952196), ('EPB41L4A-AS1', 0.4455281432530055), ('LPAR6', 0.8919299935980731), ('ATP6V1H', 2.011280775019138)]",4558
ELK3,taipale_cyt_meth__ELF4_NACCMGGAAGTN_eDBD_meth,0.059424221594980765,3.0146352197668316,6.5e-05,1.0,gene is annotated for similar motif transfac_pro__M08824 ('V$NET_Q6_01: NET'; q-value = 6.49e-05),"frozenset({'activating', 'top50perTarget', 'hg38__refseq-r80__10kb_up_and_down_tss.mc9nr.genes_vs_motifs.rankings'})","[('PPM1B', 11.398181191393489), ('ELK3', 1.0), ('FYN', 10.245173690835472), ('ACVR1', 10.393707976051475), ('DOK2', 1.1234804296595629), ('LTB', 1.6531146574341653), ('TMEM71', 0.3688711359608787), ('SKAP1', 0.76788529033407), ('CDKN1B', 6.24436168107685), ('TGFBR3', 0.3207681890804079), ('STK11', 13.362466336401935), ('SPRR1B', 1.738618503009108), ('EOMES', 20.74477754407047), ('CD79B', 0.3519520732731567), ('NRBF2', 1.675359244437084), ('CELF2', 0.1580482478877964), ('MYB', 13.45684971716621), ('XRRA1', 1.7747399006522182), ('PXN', 1.2024027524054064), ('CCND3', 1.0928181346245314), ('INPP4B', 1.6544756805404055), ('RGS1', 0.3437635049952839), ('GPRIN3', 0.402261977819602), ('TOR3A', 1.3133676858235204), ('ATXN7', 1.8023203546819069), ('SUN2', 0.6217268423051998), ('JARID2', 0.3021217806906306), ('LPAR6', 0.8919299935980731), ('WIPF1', 0.0437187968972599), ('BROX', 0.3267049901443812), ('IL22', 0.302743276546298), ('PTPRE', 0.4930117147090248), ('GZMB', 0.771681699420255), ('PRKACB', 2.7863823862641555), ('KCNAB2', 0.3141284607416184), ('SCML4', 0.1694794804670033), ('STX12', 2.2875855950344937), ('CD247', 2.242394851653307), ('LINC00649', 6.453126817773046), ('VAMP4', 2.8051582520549467), ('BIN1', 0.2159277874148871), ('LAT2', 3.74528931026832), ('DUSP4', 0.225050954606065)]",3023
ELK3,transfac_pro__M07087,0.06790294982230867,3.859101486058938,5.5e-05,1.0,gene is annotated for similar motif transfac_pro__M03832 ('V$NET_Q6: Net'; q-value = 5.47e-05),"frozenset({'activating', 'top50perTarget', 'hg38__refseq-r80__10kb_up_and_down_tss.mc9nr.genes_vs_motifs.rankings'})","[('CCND3', 1.0928181346245314), ('INPP4B', 1.6544756805404055), ('MLLT10', 15.815390377591466), ('RBM15', 2.6013554535394694), ('DHX40', 5.834243848159715), ('MYB', 13.45684971716621), ('STK11', 13.362466336401935), ('DCAF12', 3.5138051960507406), ('LENG8', 0.7845013978901418), ('USP37', 2.839451711406853), ('CASK', 3.3947211426356163), ('RC3H2', 10.284099926984172), ('TBC1D23', 4.28361442114663), ('NAB1', 4.432364472062539), ('LINC00936', 8.087066492341211), ('KCNAB2', 0.3141284607416184), ('ACVR1', 10.393707976051475), ('CXCR4', 0.5909777643538726), ('MAP3K1', 0.5491743408414483), ('MAN2A1', 0.3246020390883462), ('CHD1', 4.346599740087908)]",1105
ELK3,cisbp__M2275,0.07193208242537695,4.2603959342926165,5.5e-05,1.0,gene is annotated for similar motif transfac_pro__M03832 ('V$NET_Q6: Net'; q-value = 5.47e-05),"frozenset({'activating', 'top50perTarget', 'hg38__refseq-r80__10kb_up_and_down_tss.mc9nr.genes_vs_motifs.rankings'})","[('SKAP1', 0.76788529033407), ('ID3', 1.7969687751303511), ('ELK3', 1.0), ('TGFBR3', 0.3207681890804079), ('AQR', 2.7370891497383605), ('FYN', 10.245173690835472), ('ELF1', 1.4717016783978951), ('FNBP1', 0.6321123799931679), ('CLIP4', 1.6775062532572556), ('NUMB', 0.9867887865516458), ('SLC2A3', 0.936587165440199), ('FGR', 5.914741939868566), ('AAK1', 0.159665237006675), ('PXN', 1.2024027524054064), ('PPM1B', 11.398181191393489), ('FBXW4', 4.511649483497573), ('MYB', 13.45684971716621), ('PRPF39', 0.2664565973864855), ('FLJ37453', 14.728493608604074), ('STK11', 13.362466336401935), ('WIPF1', 0.0437187968972599), ('SPATA13', 0.8885729498984992), ('DCAF12', 3.5138051960507406)]",1017
ELK3,hocomoco__ETS1_HUMAN.H11MO.0.A,0.07177852201763751,4.245101590530535,5.3e-05,1.0,"gene is annotated for similar motif taipale_cyt_meth__ELK3_NACCGGAAGTN_eDBD_meth ('ELK3 [ETS, CpG-meth]'; q-value = 5.27e-05)","frozenset({'activating', 'top50perTarget', 'hg38__refseq-r80__10kb_up_and_down_tss.mc9nr.genes_vs_motifs.rankings'})","[('CELF2', 0.1580482478877964), ('MATK', 0.4243511867146302), ('ARHGAP15', 0.7634407818352706), ('NMT2', 0.4140732016679166), ('TSC22D3', 0.8950051441739572), ('IPCEF1', 4.630683298970342), ('FAM105A', 0.2339916213191707), ('MAP3K1', 0.5491743408414483), ('STK11', 13.362466336401935), ('REL', 1.7399996488192595), ('EVI2B', 0.1324515668198154), ('NUMB', 0.9867887865516458), ('PXN', 1.2024027524054064), ('ELK3', 1.0), ('CXCR4', 0.5909777643538726), ('TNFRSF1B', 1.1150783404803284), ('RGS14', 0.4568619398694047), ('NABP1', 1.246137922372658), ('ACVR1', 10.393707976051475), ('PTPRC', 0.4307502548361989), ('WIPF1', 0.0437187968972599), ('PRKACB', 2.7863823862641555), ('EOMES', 20.74477754407047), ('PGM2L1', 1.1379285923499234), ('SCML4', 0.1694794804670033), ('FYN', 10.245173690835472), ('TGFBR3', 0.3207681890804079), ('TYROBP', 0.6214036010280956), ('DCAF12', 3.5138051960507406), ('PLEKHO2', 2.0716720168505303), ('SPRR1B', 1.738618503009108)]",1882
ELK3,taipale_cyt_meth__ELF2_NACCMGGAAGTN_eDBD_meth_repr,0.06194334352194451,3.26553528767337,5.2e-05,1.0,gene is annotated for similar motif transfac_pro__M08824 ('V$NET_Q6_01: NET'; q-value = 5.18e-05),"frozenset({'activating', 'top50perTarget', 'hg38__refseq-r80__10kb_up_and_down_tss.mc9nr.genes_vs_motifs.rankings'})","[('ELK3', 1.0), ('CAMK2G', 18.530487995339715), ('SKAP1', 0.76788529033407), ('CASK', 3.3947211426356163), ('SCML4', 0.1694794804670033), ('ACVR1', 10.393707976051475), ('ARHGAP15', 0.7634407818352706), ('NABP1', 1.246137922372658), ('GZMB', 0.771681699420255), ('FYN', 10.245173690835472), ('USP37', 2.839451711406853), ('XCL2', 1.426089034686752), ('PXN', 1.2024027524054064), ('NUMB', 0.9867887865516458), ('XCL1', 1.078965413453874), ('GPRIN3', 0.402261977819602), ('EPC1', 3.14163055460817), ('TGFBR3', 0.3207681890804079)]",631
ELK3,homer__ACAGGAAGTG_ERG,0.060795296664082954,3.1511918604997082,3.6e-05,1.0,gene is annotated for similar motif transfac_pro__M08824 ('V$NET_Q6_01: NET'; q-value = 3.64e-05),"frozenset({'activating', 'top50perTarget', 'hg38__refseq-r80__10kb_up_and_down_tss.mc9nr.genes_vs_motifs.rankings'})","[('WIPF1', 0.0437187968972599), ('KCNAB2', 0.3141284607416184), ('LPAR6', 0.8919299935980731), ('LINC00649', 6.453126817773046), ('PPM1B', 11.398181191393489), ('CLIP4', 1.6775062532572556), ('MAP3K1', 0.5491743408414483), ('TGFBR3', 0.3207681890804079), ('DCAF12', 3.5138051960507406), ('CD247', 2.242394851653307), ('PXN', 1.2024027524054064), ('LENG8', 0.7845013978901418), ('ASCC3', 1.909459300996711), ('SAT1', 0.327717489455716), ('FLCN', 1.085060829478101), ('SUSD3', 1.875809147354792), ('G2E3', 0.5183810935330444)]",742
ELK3,hocomoco__ETS1_MOUSE.H11MO.0.A,0.060817233865188586,3.153376766751434,3.5e-05,1.0,"gene is annotated for similar motif taipale_cyt_meth__ELK3_NACCGGAAGTN_eDBD_meth ('ELK3 [ETS, CpG-meth]'; q-value = 3.46e-05)","frozenset({'activating', 'top50perTarget', 'hg38__refseq-r80__10kb_up_and_down_tss.mc9nr.genes_vs_motifs.rankings'})","[('MATK', 0.4243511867146302), ('FBRS', 3.2595875132510583), ('TSC22D3', 0.8950051441739572), ('FAM105A', 0.2339916213191707), ('RGS14', 0.4568619398694047), ('CELF2', 0.1580482478877964), ('STK11', 13.362466336401935), ('TGFBR3', 0.3207681890804079), ('JARID2', 0.3021217806906306), ('MAP3K1', 0.5491743408414483), ('IPCEF1', 4.630683298970342), ('TMEM71', 0.3688711359608787), ('ARHGAP15', 0.7634407818352706), ('PLAC8', 1.321390126948807), ('MIR4435-2HG', 2.018399070816772), ('PRKACB', 2.7863823862641555), ('LINC00152', 0.2575609144152758), ('INPP4B', 1.6544756805404055), ('CD70', 14.039464186090864), ('NAB1', 4.432364472062539), ('LBR', 3.685943764291316), ('PXN', 1.2024027524054064), ('DCAF12', 3.5138051960507406), ('NABP1', 1.246137922372658), ('CCND3', 1.0928181346245314), ('WIPF1', 0.0437187968972599), ('PTPRN2', 0.18358349191688), ('PTPRC', 0.4307502548361989), ('REL', 1.7399996488192595), ('NMT2', 0.4140732016679166)]",1179
ELK3,taipale_tf_pairs__FOXO1_ELK3_RTMAACAGGAAGTN_CAP,0.060495488248972606,3.1213314750594523,0.0,1.0,gene is directly annotated,"frozenset({'activating', 'top50perTarget', 'hg38__refseq-r80__10kb_up_and_down_tss.mc9nr.genes_vs_motifs.rankings'})","[('ACVR1', 10.393707976051475), ('UHRF1BP1L', 10.552332932634677), ('LINC00152', 0.2575609144152758), ('MIR4435-2HG', 2.018399070816772), ('DOK2', 1.1234804296595629), ('CELF2', 0.1580482478877964), ('EOMES', 20.74477754407047), ('ATXN7', 1.8023203546819069), ('NABP1', 1.246137922372658), ('SCML4', 0.1694794804670033), ('TSC22D3', 0.8950051441739572), ('ID3', 1.7969687751303511), ('JARID2', 0.3021217806906306), ('NAB1', 4.432364472062539), ('MYB', 13.45684971716621), ('PRPF39', 0.2664565973864855), ('TGFBR3', 0.3207681890804079), ('ASCC3', 1.909459300996711), ('CXCR4', 0.5909777643538726), ('PGM2L1', 1.1379285923499234), ('AGPS', 0.1098424967123312), ('PTPRE', 0.4930117147090248), ('FBRS', 3.2595875132510583), ('IL22', 0.302743276546298)]",1337
EOMES,transfac_pro__M07901,0.09908911866075824,3.40526339474266,0.000112,1.0,motif similar to taipale_cyt_meth__EOMES_NAGGTGTGAN_eDBD_repr ('EOMES [T_box]'; q-value = 0.000112) which is directly annotated,"frozenset({'activating', 'top50perTarget', 'hg38__refseq-r80__10kb_up_and_down_tss.mc9nr.genes_vs_motifs.rankings'})","[('CASK', 10.722297202026908), ('NAB1', 4.158660728293272), ('ELK3', 6.209053972624799), ('INPP4B', 1.8790379954014904), ('ATXN7', 1.054277407453509), ('FYN', 5.238096262158595), ('EOMES', 1.0), ('PECAM1', 0.3223180287981456), ('TSC22D3', 0.6647401969626897), ('ASCC3', 6.682988392119836), ('PLAC8', 5.125666376206572)]",1981
EOMES,taipale__TBX4_DBD_AGGTGTNANWWNTNACACCT,0.12901807695013012,4.917679463750405,0.000106,1.0,motif similar to swissregulon__hs__EOMES.p2 ('hs__EOMES.p2'; q-value = 0.000106) which is directly annotated,"frozenset({'activating', 'top50perTarget', 'hg38__refseq-r80__10kb_up_and_down_tss.mc9nr.genes_vs_motifs.rankings'})","[('ATXN7', 1.054277407453509), ('XCL1', 2.251624194403523), ('XCL2', 3.169153083190684), ('ELK3', 6.209053972624799), ('GZMB', 1.339018082962277), ('GPR82', 8.665611357938824), ('FYN', 5.238096262158595), ('FCER1G', 1.0991092776121425), ('ASCC3', 6.682988392119836), ('PLAC8', 5.125666376206572), ('TSC22D3', 0.6647401969626897)]",1817
EOMES,taipale__TBX5_DBD_AGGTGTNANWWNTNACACCT,0.10923542238165576,3.917991991580186,7.1e-05,1.0,motif similar to swissregulon__hs__EOMES.p2 ('hs__EOMES.p2'; q-value = 7.05e-05) which is directly annotated,"frozenset({'activating', 'top50perTarget', 'hg38__refseq-r80__10kb_up_and_down_tss.mc9nr.genes_vs_motifs.rankings'})","[('TSC22D3', 0.6647401969626897), ('XCL1', 2.251624194403523), ('FGR', 18.983004761164384), ('ELK3', 6.209053972624799), ('FCER1G', 1.0991092776121425), ('PLAC8', 5.125666376206572), ('GZMB', 1.339018082962277), ('XCL2', 3.169153083190684), ('KIF2A', 7.382371463632587), ('ATXN7', 1.054277407453509), ('NKG7', 2.610070535265155), ('KCNAB2', 2.8126327825005064), ('INPP4B', 1.8790379954014904), ('TYROBP', 1.0151327817784217), ('NAB1', 4.158660728293272), ('ASCC3', 6.682988392119836)]",3519
EOMES,taipale_cyt_meth__TBX3_NAGGTGTGAN_eDBD,0.09975733277062672,3.4390306160248545,5.6e-05,1.0,gene is annotated for similar motif taipale_cyt_meth__EOMES_NAGGTGTGAN_eDBD_repr ('EOMES [T_box]'; q-value = 5.58e-05),"frozenset({'activating', 'top50perTarget', 'hg38__refseq-r80__10kb_up_and_down_tss.mc9nr.genes_vs_motifs.rankings'})","[('EOMES', 1.0), ('ELK3', 6.209053972624799), ('ATXN7', 1.054277407453509), ('INPP4B', 1.8790379954014904), ('FYN', 5.238096262158595)]",237
EOMES,taipale_cyt_meth__TBX18_NRAGGTGTGAAN_eDBD,0.09416543574593796,3.1564522905580725,5.1e-05,1.0,gene is annotated for similar motif taipale_cyt_meth__EOMES_NAGGTGTGAN_eDBD_repr ('EOMES [T_box]'; q-value = 5.11e-05),"frozenset({'activating', 'top50perTarget', 'hg38__refseq-r80__10kb_up_and_down_tss.mc9nr.genes_vs_motifs.rankings'})","[('FGR', 18.983004761164384), ('KIF2A', 7.382371463632587), ('ATXN7', 1.054277407453509), ('INPP4B', 1.8790379954014904), ('FYN', 5.238096262158595), ('CASK', 10.722297202026908), ('KCNAB2', 2.8126327825005064)]",1041
EOMES,cisbp__M5897,0.12718928043891117,4.825263910767558,4e-05,1.0,motif similar to swissregulon__hs__EOMES.p2 ('hs__EOMES.p2'; q-value = 4.03e-05) which is directly annotated,"frozenset({'activating', 'top50perTarget', 'hg38__refseq-r80__10kb_up_and_down_tss.mc9nr.genes_vs_motifs.rankings'})","[('TSC22D3', 0.6647401969626897), ('EOMES', 1.0), ('KCNAB2', 2.8126327825005064), ('CCND3', 0.1963917570109615), ('ELK3', 6.209053972624799), ('CTSW', 0.3168691427272427), ('XCL2', 3.169153083190684), ('XCL1', 2.251624194403523)]",1239
EOMES,cisbp__M5899,0.10909474572694661,3.9108831028891977,2e-05,1.0,motif similar to swissregulon__hs__EOMES.p2 ('hs__EOMES.p2'; q-value = 2.04e-05) which is directly annotated,"frozenset({'activating', 'top50perTarget', 'hg38__refseq-r80__10kb_up_and_down_tss.mc9nr.genes_vs_motifs.rankings'})","[('FYN', 5.238096262158595), ('LAT2', 4.625675867488435), ('FGR', 18.983004761164384), ('ELK3', 6.209053972624799), ('KCNAB2', 2.8126327825005064), ('GNLY', 1.3856594234689323), ('NAB1', 4.158660728293272), ('TSC22D3', 0.6647401969626897), ('KIF2A', 7.382371463632587), ('CCND3', 0.1963917570109615), ('CD7', 1.357704190014957), ('FASLG', 6.451738933633027)]",2868
EOMES,taipale_cyt_meth__T_NANGTGTGANNNNTNACACCTN_eDBD_meth_repr,0.1043996623760287,3.6736239428274655,1.6e-05,1.0,"gene is annotated for similar motif taipale_cyt_meth__EOMES_NAGGTGTGAN_eDBD_meth ('EOMES [T_box, CpG-meth]'; q-value = 1.58e-05)","frozenset({'activating', 'top50perTarget', 'hg38__refseq-r80__10kb_up_and_down_tss.mc9nr.genes_vs_motifs.rankings'})","[('CD7', 1.357704190014957), ('KCNAB2', 2.8126327825005064), ('ELK3', 6.209053972624799), ('INPP4B', 1.8790379954014904), ('FGR', 18.983004761164384)]",558
EOMES,taipale_cyt_meth__TBX15_NAGGTGTGAN_eDBD,0.1284026165857776,4.886578075727331,9e-06,1.0,motif similar to taipale_cyt_meth__EOMES_NAGGTGTGAN_eDBD_repr ('EOMES [T_box]'; q-value = 8.94e-06) which is directly annotated,"frozenset({'activating', 'top50perTarget', 'hg38__refseq-r80__10kb_up_and_down_tss.mc9nr.genes_vs_motifs.rankings'})","[('EOMES', 1.0), ('FYN', 5.238096262158595), ('ELK3', 6.209053972624799), ('INPP4B', 1.8790379954014904), ('CASK', 10.722297202026908), ('ATXN7', 1.054277407453509)]",877
EOMES,taipale_cyt_meth__T_NANGTGTGANNNNTNACACCTN_eDBD,0.09940564113385383,3.4212583942973844,7e-06,1.0,"gene is annotated for similar motif taipale_cyt_meth__EOMES_NAGGTGTGAN_eDBD_meth ('EOMES [T_box, CpG-meth]'; q-value = 6.94e-06)","frozenset({'activating', 'top50perTarget', 'hg38__refseq-r80__10kb_up_and_down_tss.mc9nr.genes_vs_motifs.rankings'})","[('CD7', 1.357704190014957), ('KCNAB2', 2.8126327825005064), ('ELK3', 6.209053972624799), ('FGR', 18.983004761164384), ('INPP4B', 1.8790379954014904), ('TSC22D3', 0.6647401969626897), ('CCND3', 0.1963917570109615), ('FYN', 5.238096262158595)]",1328
EOMES,transfac_pro__M02747,0.09894844200604909,3.3981545060516716,0.0,0.906383,gene is orthologous to ENSMUSG00000032446 in M. musculus (identity = 90%) which is directly annotated for motif,"frozenset({'activating', 'top50perTarget', 'hg38__refseq-r80__10kb_up_and_down_tss.mc9nr.genes_vs_motifs.rankings'})","[('TSC22D3', 0.6647401969626897), ('KCNAB2', 2.8126327825005064), ('ATXN7', 1.054277407453509), ('INPP4B', 1.8790379954014904), ('KIF2A', 7.382371463632587), ('CCL4', 4.033492881391632), ('PECAM1', 0.3223180287981456)]",960
EOMES,taipale_tf_pairs__MEIS1_EOMES_AGGTGTTGACAN_CAP_repr,0.1005134697896884,3.4772408927389162,0.0,1.0,gene is directly annotated,"frozenset({'activating', 'top50perTarget', 'hg38__refseq-r80__10kb_up_and_down_tss.mc9nr.genes_vs_motifs.rankings'})","[('EOMES', 1.0), ('ELK3', 6.209053972624799), ('FYN', 5.238096262158595), ('INPP4B', 1.8790379954014904), ('ATXN7', 1.054277407453509)]",418
ETS1,tfdimers__MD00145,0.063942418524432,3.2982626759746276,0.0,1.0,gene is directly annotated,"frozenset({'activating', 'top50perTarget', 'hg38__refseq-r80__10kb_up_and_down_tss.mc9nr.genes_vs_motifs.rankings'})","[('EVI2B', 0.4234906918664353), ('TSC22D3', 0.7031757473900648), ('MAP3K11', 1.1881849834216325), ('RGS14', 0.2804738022439693), ('CYSLTR1', 1.0714747278004355), ('LINC00152', 0.1160994043516489), ('TGFBR3', 0.2439794341596918), ('PLEKHA2', 5.15483583410214), ('KIAA1033', 1.4402719365481311), ('MYH11', 13.585423460276076), ('GLIPR1', 0.0676378051737791), ('CXCR4', 0.3074523730971688), ('PTPRE', 4.911682857162023), ('PLCL2', 6.239230080700297), ('ANKRD44', 0.1321937823629183), ('GNAQ', 0.7889647021374283), ('NABP1', 0.1417498390007847), ('GIMAP2', 0.1161736230049703), ('PTPN22', 1.0234873232277246), ('LPIN1', 0.995131732040832), ('ETS1', 1.0), ('RUNX2', 3.2424912754153574), ('CDC42EP3', 0.6566133767043631), ('LRCH4', 5.421303563649064), ('ID3', 0.4108617165618023), ('CLK4', 0.4913104794163069), ('IRAK1', 6.182135974719398), ('GADD45B', 2.097940363190253), ('LPP', 1.5229913819990406), ('SH2D1A', 0.0097021732620154), ('DOCK2', 0.296339774193785), ('DKFZP434I0714', 4.106265831505685), ('NIN', 9.78142705540718), ('MBTPS1', 1.2011068859085443)]",2777
ETS1,tfdimers__MD00299,0.06687101373792916,3.5709266728404,0.0,1.0,gene is directly annotated,"frozenset({'activating', 'top50perTarget', 'hg38__refseq-r80__10kb_up_and_down_tss.mc9nr.genes_vs_motifs.rankings'})","[('ARHGAP19', 5.267546534682166), ('RUNX2', 3.2424912754153574), ('CXCR4', 0.3074523730971688), ('PHRF1', 4.132708798647391), ('LINC00152', 0.1160994043516489), ('TGFBR3', 0.2439794341596918), ('EPC1', 0.6791499423714664), ('CDKN2D', 0.1561540150712847), ('FNBP1', 0.2816136832307553), ('MBTPS1', 1.2011068859085443), ('C1orf228', 0.1027536198846269), ('SNX25', 0.5039254150641094), ('ETS1', 1.0), ('GNAQ', 0.7889647021374283)]",713
ETS1,tfdimers__MD00044,0.07009417610846902,3.8710160571460235,0.0,1.0,gene is directly annotated,"frozenset({'activating', 'top50perTarget', 'hg38__refseq-r80__10kb_up_and_down_tss.mc9nr.genes_vs_motifs.rankings'})","[('SBSN', 4.64297303374798), ('S100A2', 0.143590560751833), ('PLEKHA2', 5.15483583410214), ('FURIN', 4.179720973151326), ('IKZF3', 1.1497830472799455), ('TGFBR3', 0.2439794341596918), ('IRAK1', 6.182135974719398), ('CD247', 0.6255494908577256), ('GADD45B', 2.097940363190253), ('CASK', 1.3544721263434234), ('TNFRSF1B', 0.0619271845401349), ('ETS1', 1.0), ('FANK1', 0.9709301708843135), ('SYNE3', 0.1215848826533406), ('LPIN1', 0.995131732040832), ('PTPRE', 4.911682857162023), ('CCDC57', 7.427750128755779), ('LINC00152', 0.1160994043516489), ('PLPP5', 1.619743659004775), ('PSME4', 7.91844039082258), ('SPAG9', 2.9093699234169823), ('CDC42EP3', 0.6566133767043631), ('ERAP1', 1.933688676704601), ('REPIN1', 3.971302432119289), ('SLC20A1', 0.0395668736177685), ('DUSP2', 0.0852817539617314), ('BLVRB', 0.1049947085900057), ('LPP', 1.5229913819990406), ('DKFZP434I0714', 4.106265831505685)]",1982
ETS1,hdpi__ETS1,0.06096259424014481,3.020829046510621,0.0,1.0,gene is directly annotated,"frozenset({'activating', 'top50perTarget', 'hg38__refseq-r80__10kb_up_and_down_tss.mc9nr.genes_vs_motifs.rankings'})","[('BLVRB', 0.1049947085900057), ('IL7R', 0.279513357612568), ('S100A2', 0.143590560751833), ('TGFBR3', 0.2439794341596918), ('SBSN', 4.64297303374798), ('LINC00152', 0.1160994043516489), ('SYNE3', 0.1215848826533406), ('CD247', 0.6255494908577256), ('FANK1', 0.9709301708843135), ('SPAG9', 2.9093699234169823), ('PLEKHA2', 5.15483583410214), ('RUNX2', 3.2424912754153574), ('FURIN', 4.179720973151326), ('CDC42EP3', 0.6566133767043631), ('NABP1', 0.1417498390007847), ('CEP85L', 0.671583110138539), ('DKFZP434I0714', 4.106265831505685), ('IKZF3', 1.1497830472799455), ('TSC22D3', 0.7031757473900648), ('LPIN1', 0.995131732040832), ('RGS9', 0.9975013645842568), ('GIMAP7', 0.1213716676483775), ('CCDC57', 7.427750128755779)]",1407
FLI1,dbcorrdb__ELK4__ENCSR000EVI_1__m1,0.05711336167851343,3.2268547390134223,2.6e-05,1.0,motif similar to taipale_cyt_meth__FLI1_NACCGGAARTN_FL ('FLI1 [ETS]'; q-value = 2.63e-05) which is directly annotated,"frozenset({'activating', 'top50perTarget', 'hg38__refseq-r80__10kb_up_and_down_tss.mc9nr.genes_vs_motifs.rankings'})","[('PLEKHO2', 0.6794276405544272), ('ACVR2A', 0.3367324472666198), ('RGS19', 0.3821848170952255), ('MLYCD', 1.822426682648751), ('ACTB', 0.2904743137727463), ('ZCCHC6', 5.140667092156583), ('NAPEPLD', 2.70614225577264), ('MPZL3', 0.1663363242936144), ('MAPKAPK2', 2.262083343914647), ('STK39', 4.550569269321709), ('POU2F1', 7.566975673056265), ('BOD1L1', 3.6082781139285216), ('NUP214', 0.3982037471134416), ('MICAL1', 0.2375006738211074), ('MFN1', 2.2506809631655886), ('AMIGO2', 26.83272503115605), ('BIN2', 0.3206132152918633), ('CTDSPL2', 1.3889343831763636), ('AHSA2', 0.7800271294780501), ('TRRAP', 2.7566879146067813), ('MAP3K14', 2.9803640344319717), ('FAM120B', 2.510358489544529), ('SUN2', 0.8678614086060332), ('GOLGA8B', 13.993140682474328), ('ANKRD54', 2.000823836185307)]",1735
FLI1,dbcorrdb__POLR2AphosphoS5__ENCSR000BQC_1__m1,0.057541803700106905,3.2707412204025457,2e-06,1.0,motif similar to taipale_cyt_meth__FLI1_NACCGGAARTN_FL ('FLI1 [ETS]'; q-value = 1.5e-06) which is directly annotated,"frozenset({'activating', 'top50perTarget', 'hg38__refseq-r80__10kb_up_and_down_tss.mc9nr.genes_vs_motifs.rankings'})","[('SUN2', 0.8678614086060332), ('PLEKHO2', 0.6794276405544272), ('SYNE3', 6.561477467448117), ('PLK3', 0.1901179785670108), ('ACVR2A', 0.3367324472666198), ('GDPD5', 8.854676093061274), ('GRK5', 3.622318241792247), ('RBM26', 0.1746406271546954), ('TSC22D3', 0.0008012588629918), ('RGS9', 0.8890430805348213), ('BIRC3', 0.9432652696008272), ('MAP3K14', 2.9803640344319717), ('JAZF1', 0.8247761348202716), ('INPP4B', 0.0533790504749995), ('CYSLTR1', 0.6047945190722602), ('LINC01358', 4.64307691333525)]",975
FOXK1,dbcorrdb__FOXA1__ENCSR000BLE_1__m1,0.06789553586082389,3.0649075459698776,0.000274,1.0,motif similar to taipale_cyt_meth__FOXK1_NWYGTAAAYAN_eDBD ('FOXK1 [Forkhead]'; q-value = 0.000274) which is directly annotated,"frozenset({'activating', 'top50perTarget', 'hg38__refseq-r80__10kb_up_and_down_tss.mc9nr.genes_vs_motifs.rankings'})","[('CYP1B1', 8.916660925829147), ('COL6A1', 2.8616666584134216), ('MTMR2', 3.621217980658207), ('CFH', 3.5684824442677483), ('EFEMP1', 9.530706770709104), ('USP53', 2.403353318329135)]",450
IKZF3,transfac_pro__M05507,0.06470416695722736,3.0390174512872012,0.0,1.0,gene is directly annotated,"frozenset({'activating', 'top50perTarget', 'hg38__refseq-r80__10kb_up_and_down_tss.mc9nr.genes_vs_motifs.rankings'})","[('ZBTB2', 1.6077236320176431), ('MIDN', 0.3094559370170647), ('SH2D3C', 3.05398481601574), ('DKFZP434I0714', 2.1390398195546503), ('SP3', 0.4150055654636826), ('TRERF1', 0.3042992536347444), ('CCNG2', 4.68155083228904), ('CASK', 1.6276666727362512), ('CDK13', 4.205687307392091), ('DUSP16', 2.149657813523705), ('INTS6', 1.6547243188183602), ('TGFBR3', 0.2077021492614755), ('ANKRD28', 0.0398851210004388)]",335
KLF2,transfac_pro__M05301,0.05334656573116691,3.019327494315807,0.000628,1.0,motif similar to transfac_pro__M05499 ('V$LKLF_02: LKLF'; q-value = 0.000628) which is directly annotated,"frozenset({'activating', 'top50perTarget', 'hg38__refseq-r80__10kb_up_and_down_tss.mc9nr.genes_vs_motifs.rankings'})","[('LBH', 2.133895415789016), ('PCM1', 7.282844516887069), ('UBE3A', 5.517176614952348), ('CTSW', 0.0231738158655926), ('SBNO2', 35.119707323581736), ('SIN3A', 1.3056564201667424), ('TRIM41', 3.841765471762983), ('SYTL3', 0.5865469954728311), ('SLC6A6', 1.3673508717890035), ('VCAN', 2.826485176310849), ('PDPK1', 0.4540277721612359), ('GSN', 1.2433406173343595), ('KANSL1-AS1', 0.1332717876714889), ('EGLN2', 3.69460378943545), ('TINAGL1', 27.0122623849506), ('BLVRB', 0.5084019936808207)]",1006
KLF2,transfac_pro__M05444,0.054265140324963074,3.1146196154002728,0.000534,1.0,motif similar to transfac_pro__M05499 ('V$LKLF_02: LKLF'; q-value = 0.000534) which is directly annotated,"frozenset({'activating', 'top50perTarget', 'hg38__refseq-r80__10kb_up_and_down_tss.mc9nr.genes_vs_motifs.rankings'})","[('SYNC', 4.162463743093939), ('FABP5', 0.0045614722215427), ('MARCKSL1', 1.8220103033644584), ('KLF2', 1.0), ('SKAP1', 1.6142972497018775), ('SIN3A', 1.3056564201667424), ('CRELD2', 0.0456277012123738), ('INTS6', 0.1930253642864576), ('NACC1', 0.2289764669411459), ('RNF2', 3.5019104396409406), ('ACSL3', 16.920214047243416), ('NDUFA4L2', 18.503277192198397)]",804
KLF2,transfac_pro__M05437,0.05481905465288035,3.1720822009788443,0.000505,0.876056,gene is orthologous to ENSMUSG00000055148 in M. musculus (identity = 87%) which is annotated for similar motif transfac_pro__M05391 ('V$LKLF_01: LKLF'; q-value = 0.000505),"frozenset({'activating', 'top50perTarget', 'hg38__refseq-r80__10kb_up_and_down_tss.mc9nr.genes_vs_motifs.rankings'})","[('CCSER2', 3.74203144094014), ('PRKX', 0.1205471244082636), ('PTPN9', 0.2692930740933554), ('AP2A2', 20.94063471829172), ('APOE', 1.6495681248345286), ('VCAN', 2.826485176310849), ('KCNAB2', 1.3178318796829955), ('ACTA2', 9.214596971147111), ('DHRS12', 0.986569602218666), ('ADRB2', 9.268011568125036), ('KLF2', 1.0), ('RHOH', 0.2203897220952868), ('FABP4', 17.12331394940805)]",843
KLF2,transfac_pro__M05319,0.05789327917282127,3.490999550939919,0.000505,0.876056,gene is orthologous to ENSMUSG00000055148 in M. musculus (identity = 87%) which is annotated for similar motif transfac_pro__M05391 ('V$LKLF_01: LKLF'; q-value = 0.000505),"frozenset({'activating', 'top50perTarget', 'hg38__refseq-r80__10kb_up_and_down_tss.mc9nr.genes_vs_motifs.rankings'})","[('CDSN', 12.433335525445337), ('ANKRD44', 1.4792617158304855), ('TNRC6B', 4.948882517964811), ('FMNL3', 5.129837453686002), ('RNF2', 3.5019104396409406), ('ADGRG1', 4.65603246354933), ('PLXNA3', 0.5778000909459), ('SKAP1', 1.6142972497018775), ('DEDD2', 0.6009929693483896), ('PDPK1', 0.4540277721612359)]",436
KLF2,transfac_pro__M05318,0.05391432791728213,3.078226644533844,0.000505,0.876056,gene is orthologous to ENSMUSG00000055148 in M. musculus (identity = 87%) which is annotated for similar motif transfac_pro__M05391 ('V$LKLF_01: LKLF'; q-value = 0.000505),"frozenset({'activating', 'top50perTarget', 'hg38__refseq-r80__10kb_up_and_down_tss.mc9nr.genes_vs_motifs.rankings'})","[('PKN1', 0.6272444933802417), ('CCDC86', 0.3951169544113096), ('ADGRG1', 4.65603246354933), ('MARCKSL1', 1.8220103033644584), ('ZNF683', 0.3141789909580361), ('NDUFA4L2', 18.503277192198397), ('NKG7', 0.7807872752191662), ('FAM118A', 3.5486298996276), ('BLVRB', 0.5084019936808207), ('NACC1', 0.2289764669411459), ('LBH', 2.133895415789016), ('SYNC', 4.162463743093939), ('TAGLN', 7.1418536557094585), ('KCNAB2', 1.3178318796829955), ('FOSB', 0.4688035162070459), ('FMNL3', 5.129837453686002), ('SOCS3', 1.6363388921253668), ('SIN3A', 1.3056564201667424), ('SBNO2', 35.119707323581736), ('TNFRSF1B', 0.0409640361805512), ('ZAP70', 0.0482395707904766), ('SYTL3', 0.5865469954728311), ('TNFSF14', 0.7499614760091495), ('STMN3', 0.0893154885701293), ('CCL4', 2.4860822763840256), ('ZNF600', 11.34295600284872), ('KRT15', 10.09196591978272), ('AP2A2', 20.94063471829172), ('SIT1', 1.4151119923101512), ('PLAC9', 7.854759215838653), ('GSN', 1.2433406173343595)]",3067
KLF2,transfac_pro__M05391,0.05388663220088626,3.075353515254915,0.0,0.878531,motif is annotated for orthologous gene ENSMUSG00000055148 in M. musculus (identity = 87%),"frozenset({'activating', 'top50perTarget', 'hg38__refseq-r80__10kb_up_and_down_tss.mc9nr.genes_vs_motifs.rankings'})","[('KCNAB2', 1.3178318796829955), ('SBNO2', 35.119707323581736), ('ACTA2', 9.214596971147111), ('INTS6', 0.1930253642864576), ('ADGRG1', 4.65603246354933), ('TNRC6B', 4.948882517964811), ('DDX60L', 0.6644865060864364), ('LBH', 2.133895415789016), ('RNF2', 3.5019104396409406), ('IFITM3', 2.255709170983711), ('ANKRD44', 1.4792617158304855), ('STMN3', 0.0893154885701293), ('GSN', 1.2433406173343595), ('PBX4', 0.115506925128685), ('CCDC57', 0.1393233141380959), ('NACC1', 0.2289764669411459)]",1264
KLF2,transfac_pro__M05499,0.05341118906942393,3.0260314626333074,0.0,1.0,gene is directly annotated,"frozenset({'activating', 'top50perTarget', 'hg38__refseq-r80__10kb_up_and_down_tss.mc9nr.genes_vs_motifs.rankings'})","[('MBD5', 7.063094112197964), ('THEMIS', 5.839761817039885), ('CCSER2', 3.74203144094014), ('HIST2H2BE', 1.2348398330589974), ('ING3', 2.0794868385342613), ('KLRC1', 4.793381839206133), ('ZNF33B', 1.6081787506384078), ('KRT10', 0.5489783969568651), ('BIRC2', 0.4781448727187581), ('HERC3', 0.675321106635591), ('SP140L', 4.213907838147569), ('JAKMIP2', 11.987534837024231), ('GZMH', 4.518285071185567), ('UBE3A', 5.517176614952348), ('ZCCHC2', 4.867918573165405), ('TTC19', 0.3648287511318455), ('SLC6A6', 1.3673508717890035), ('IGFBP7', 1.2686165818590316)]",1364
POU2F1,dbcorrdb__POU2F2__ENCSR000BGP_1__m1,0.09970457902511078,3.051811921631668,0.000125,1.0,gene is annotated for similar motif transfac_public__M00161 ('V$OCT1_05: Oct-1'; q-value = 0.000125),"frozenset({'activating', 'top50perTarget', 'hg38__refseq-r80__10kb_up_and_down_tss.mc9nr.genes_vs_motifs.rankings'})","[('FLI1', 1.6800477425849167), ('MAP3K14', 7.33215436317952), ('NAPEPLD', 7.244082280101755), ('PTPRC', 0.1381237891874416), ('ARHGAP15', 0.6280485847585622), ('MAP2K3', 3.3947657456855613), ('BOD1L1', 17.304391423241462), ('MICAL1', 3.01784230475854), ('PTPN6', 1.712047242568319), ('MAN2A2', 14.03314933789921), ('POU2F1', 1.0)]",2653
POU2F1,cisbp__M6133,0.11358041269414977,3.6637981977360017,1e-06,1.0,"motif similar to cisbp__M6423 ('POU2F1[gene ID: ""ENSG00000143190"" species: ""Homo sapiens"" TF status: ""direct"" TF family: ""Homeodomain,POU"" DBDs: ""Homeobox,Pou""]; pdm2[gene ID: ""FBgn0004394"" species: ""Drosophila melanogaster"" TF status: ""inferred"" TF family: ""Homeodomain,POU"" DBDs: ""Homeobox,Pou""]'; q-value = 1.04e-06) which is directly annotated","frozenset({'activating', 'top50perTarget', 'hg38__refseq-r80__10kb_up_and_down_tss.mc9nr.genes_vs_motifs.rankings'})","[('ARHGAP15', 0.6280485847585622), ('FLI1', 1.6800477425849167), ('C1orf228', 2.794799260980582), ('MAN2A2', 14.03314933789921), ('BOD1L1', 17.304391423241462), ('PTPRC', 0.1381237891874416), ('BIRC3', 0.3326865127387429), ('CXCL14', 0.4890992606287075)]",1922
POU2F1,cisbp__M3676,0.10433731704041896,3.256136371879405,0.0,1.0,gene is directly annotated,"frozenset({'activating', 'top50perTarget', 'hg38__refseq-r80__10kb_up_and_down_tss.mc9nr.genes_vs_motifs.rankings'})","[('FLI1', 1.6800477425849167), ('BLOC1S5', 12.112380145660078), ('CYSLTR1', 0.4596224395244979), ('PTPRC', 0.1381237891874416), ('MAP3K14', 7.33215436317952)]",576
POU2F1,tfdimers__MD00258,0.11393849872431852,3.679591391958049,0.0,1.0,gene is directly annotated,"frozenset({'activating', 'top50perTarget', 'hg38__refseq-r80__10kb_up_and_down_tss.mc9nr.genes_vs_motifs.rankings'})","[('MAP2K3', 3.3947657456855613), ('FLI1', 1.6800477425849167), ('BLOC1S5', 12.112380145660078), ('STMN3', 0.9186266104935996), ('LYAR', 5.72898447771696)]",590
POU2F1,transfac_public__M00136,0.10534443400026856,3.3005547306289134,0.0,1.0,gene is directly annotated,"frozenset({'activating', 'top50perTarget', 'hg38__refseq-r80__10kb_up_and_down_tss.mc9nr.genes_vs_motifs.rankings'})","[('POU2F1', 1.0), ('MAP3K14', 7.33215436317952), ('PTPRC', 0.1381237891874416), ('FLI1', 1.6800477425849167), ('NAPEPLD', 7.244082280101755)]",790
RBBP5,hocomoco__TBX15_HUMAN.H11MO.0.D,0.09448085918266863,3.253881358142088,4e-06,1.0,"gene is annotated for similar motif dbcorrdb__RBBP5__ENCSR000AQC_1__m5 ('RBBP5 (ENCSR000AQC-1, motif 5)'; q-value = 3.75e-06)","frozenset({'activating', 'top50perTarget', 'hg38__refseq-r80__10kb_up_and_down_tss.mc9nr.genes_vs_motifs.rankings'})","[('TSC22D3', 0.1104014362416557), ('C1R', 3.1303474243200977), ('INPP4B', 1.292099200418798), ('IGFBP4', 4.569851874316309), ('ZNF407', 9.89493708399078), ('COL1A1', 1.998876794049369), ('FAM219B', 0.7908774988368994), ('CXCR6', 0.509743541771107), ('C1orf216', 2.5831233680189025), ('TRAF5', 2.055411370234168), ('IGFBP5', 1.1897369119548962), ('FAM107B', 0.519455215189188), ('ARSG', 4.446554846386627), ('MGST1', 1.2493408894230411), ('PTGER4', 0.5408927728215561), ('LUM', 3.695866241287912)]",1258
REL,transfac_pro__M08891,0.05835650360587366,3.1391619797039567,0.000705,1.0,gene is annotated for similar motif transfac_pro__M03545 ('V$CREL_Q6: c-Rel'; q-value = 0.000705),"frozenset({'activating', 'top50perTarget', 'hg38__refseq-r80__10kb_up_and_down_tss.mc9nr.genes_vs_motifs.rankings'})","[('SPATA13', 1.055525977365507), ('TNFRSF4', 0.5694402569169236), ('TNFRSF1B', 0.0448229032668567), ('BIRC3', 0.0817689355029422), ('FBXW4', 0.767955674462014), ('SETD5', 0.1481171425630117), ('MYB', 3.864478695687482), ('RUNX2', 0.2913497175759305), ('CCL1', 1.5764704210317575), ('SEMA4A', 10.03285049495275), ('MAP3K11', 0.5359997176383724), ('CCL5', 0.5398085695379384), ('LTB', 0.0996118353596987), ('REL', 1.0), ('CD70', 4.866205410421598), ('POLD1', 2.436984697658391), ('NMT2', 0.0656865087628701), ('FBRS', 0.9747910259649568), ('DUSP2', 3.019131507312934), ('CD69', 1.1115377098255568), ('CRTAM', 0.0643525885817718), ('PRPF39', 1.267646810802329), ('ELK3', 2.581800379965798), ('ZC3HAV1', 0.3742267198255878), ('IGFBP2', 4.702703843229672), ('DNAJB1', 0.4715807662058716), ('RC3H2', 3.6107566230965498), ('PPCDC', 3.3028332677486607), ('RNF138', 3.994651980745152), ('FYN', 0.4775909767435023), ('SLC2A6', 3.1243175190192782), ('GZMK', 1.8497477700053404), ('TFEB', 2.230672343199372), ('CAMK2G', 4.434799000511764), ('NACC1', 0.0496531765897066)]",1891
REL,homer__GGAAATTCCC_NFkB-p65-Rel,0.058084976974541666,3.1117752724519065,0.000463,1.0,gene is annotated for similar motif transfac_pro__M03545 ('V$CREL_Q6: c-Rel'; q-value = 0.000463),"frozenset({'activating', 'top50perTarget', 'hg38__refseq-r80__10kb_up_and_down_tss.mc9nr.genes_vs_motifs.rankings'})","[('RUNX2', 0.2913497175759305), ('PTPN22', 0.4824533204359005), ('ATXN7', 4.4694569959968256), ('XCL1', 0.6582518254963183), ('XCL2', 0.3245474295030953), ('SPATA13', 1.055525977365507), ('SCML4', 0.5952098022510168), ('ELK3', 2.581800379965798), ('USP37', 0.4938485603784269), ('BIRC3', 0.0817689355029422), ('LINC00649', 2.158081670560388), ('PPCDC', 3.3028332677486607), ('MIR4435-2HG', 0.0785443139162735), ('GZMB', 0.618851718383988), ('PRKACB', 0.2409918516102213), ('CEP85L', 0.0031887789678265), ('FYN', 0.4775909767435023), ('ACVR1', 4.5399327670229965), ('CRTAM', 0.0643525885817718), ('LPAR6', 0.0011085013529928), ('CXCR6', 0.3896874313376722), ('CAMK2D', 1.428816265797094), ('PLAC8', 6.579744558865197), ('CLK4', 0.3946448602084987), ('FURIN', 0.072697419106449), ('CDC42EP3', 0.3538335023605786), ('CDC42SE2', 3.3210824406791444), ('PVT1', 0.269879415533825), ('RGS14', 0.2810977449127783), ('KRT10', 2.806351051471781e-05), ('EPC1', 4.010686568499811), ('CCL1', 1.5764704210317575), ('DUSP2', 3.019131507312934), ('FBXW4', 0.767955674462014), ('MBTPS1', 1.0853334431655428), ('SPTSSB', 2.755733220305857), ('PSME4', 0.599728394151561), ('ETS1', 1.2986150966018344), ('SETD5', 0.1481171425630117), ('APBB1IP', 0.6993681100873123), ('GZMK', 1.8497477700053404), ('PLPP5', 0.7024810109288424), ('ITGB7', 0.784962514200346), ('ANKRD28', 0.2004698469218303), ('CXCR4', 0.9630173777355244)]",3242
REL,transfac_pro__M01223,0.07146580936658267,4.461392205832973,0.000307,1.0,motif similar to transfac_pro__M03545 ('V$CREL_Q6: c-Rel'; q-value = 0.000307) which is directly annotated,"frozenset({'activating', 'top50perTarget', 'hg38__refseq-r80__10kb_up_and_down_tss.mc9nr.genes_vs_motifs.rankings'})","[('ZMYM5', 0.6867343969322034), ('FBRS', 0.9747910259649568), ('CEP85L', 0.0031887789678265), ('CHD1', 0.1290627162637541), ('MLLT10', 4.71816450487802), ('SETD5', 0.1481171425630117), ('EPC1', 4.010686568499811), ('SCAF1', 1.187792987703698), ('FYN', 0.4775909767435023), ('CDKN1B', 1.393290338079895), ('ACVR1', 4.5399327670229965), ('ID3', 0.1402816866432247), ('SLC17A5', 0.3732139970469458), ('PCOLCE', 0.5709185866160637), ('SAT1', 2.6447314750897184), ('PPM1B', 3.5363360504574604), ('RCBTB2', 0.926582212823505), ('MIDN', 4.0504301276334775), ('CLK4', 0.3946448602084987), ('SPATA13', 1.055525977365507), ('FURIN', 0.072697419106449), ('CXCR4', 0.9630173777355244), ('MAP3K11', 0.5359997176383724), ('PDK1', 0.8715674037525248), ('ETS1', 1.2986150966018344), ('ELK3', 2.581800379965798), ('NABP1', 1.137071586401285), ('HOXB2', 3.17296525127455), ('CAMK2N1', 1.7660838661621805)]",1496
REL,cisbp__M6369,0.05881266834651143,3.185171647887403,0.000112,1.0,"gene is annotated for similar motif cisbp__M6449 ('REL[gene ID: ""ENSG00000162924"" species: ""Homo sapiens"" TF status: ""direct"" TF family: ""Rel"" DBDs: ""RHD""]; Rel[gene ID: ""ENSMUSG00000020275"" species: ""Mus musculus"" TF status: ""inferred"" TF family: ""Rel"" DBDs: ""RHD""]'; q-value = 0.000112)","frozenset({'activating', 'top50perTarget', 'hg38__refseq-r80__10kb_up_and_down_tss.mc9nr.genes_vs_motifs.rankings'})","[('MIDN', 4.0504301276334775), ('FBRS', 0.9747910259649568), ('RC3H2', 3.6107566230965498), ('SETD5', 0.1481171425630117), ('ZMYM5', 0.6867343969322034), ('LINC00936', 0.7251095874973684), ('MLLT10', 4.71816450487802), ('NACC1', 0.0496531765897066), ('ANKRD28', 0.2004698469218303), ('FYN', 0.4775909767435023), ('MAN2A1', 4.525195137566691), ('RCBTB2', 0.926582212823505), ('ACVR1', 4.5399327670229965), ('FLJ37453', 4.311430179036712), ('PRKD3', 3.8370956492509873), ('CHD1', 0.1290627162637541), ('SEMA4A', 10.03285049495275), ('MYB', 3.864478695687482), ('RUNX2', 0.2913497175759305), ('PCED1B', 4.637716287490646), ('MAP3K11', 0.5359997176383724), ('VAMP4', 0.1400553403640719), ('CAMK2N1', 1.7660838661621805), ('ELK3', 2.581800379965798), ('LBR', 1.2245506497369774), ('HOXB2', 3.17296525127455), ('PPM1B', 3.5363360504574604), ('CDKN1B', 1.393290338079895), ('SLC2A6', 3.1243175190192782), ('TFEB', 2.230672343199372), ('SPTSSB', 2.755733220305857), ('TNFRSF1B', 0.0448229032668567), ('PVT1', 0.269879415533825), ('CAMK2D', 1.428816265797094), ('CXCR4', 0.9630173777355244), ('SCML4', 0.5952098022510168), ('EPC1', 4.010686568499811), ('FURIN', 0.072697419106449), ('REL', 1.0)]",2549
REL,transfac_pro__M08952,0.05849045674399745,3.152672755281636,0.000101,1.0,motif similar to swissregulon__hs__NFKB1_REL_RELA.p2 ('hs__NFKB1_REL_RELA.p2'; q-value = 0.000101) which is directly annotated,"frozenset({'activating', 'top50perTarget', 'hg38__refseq-r80__10kb_up_and_down_tss.mc9nr.genes_vs_motifs.rankings'})","[('RUNX2', 0.2913497175759305), ('CXCR4', 0.9630173777355244), ('PPM1B', 3.5363360504574604), ('PHRF1', 2.225615187081895), ('RCBTB2', 0.926582212823505), ('MIR4435-2HG', 0.0785443139162735), ('LINC00649', 2.158081670560388), ('EPC1', 4.010686568499811), ('CDKN2D', 0.3793053997563154), ('MBTPS1', 1.0853334431655428), ('C1orf228', 0.6310114102567295), ('LINC00936', 0.7251095874973684), ('CHD1', 0.1290627162637541), ('ETS1', 1.2986150966018344), ('ATXN7', 4.4694569959968256), ('TCEB3', 4.072125676522869), ('RHOH', 0.7895418995498055), ('MAN2A1', 4.525195137566691), ('FYN', 0.4775909767435023), ('ZC3HAV1', 0.3742267198255878), ('PNPLA8', 4.515671898929225), ('ATP6V1H', 1.1293325349783234), ('PRKACB', 0.2409918516102213), ('KIAA0586', 4.661033354565725), ('SPATA13', 1.055525977365507), ('FLJ37453', 4.311430179036712)]",1537
REL,homer__GGGGGAATCCCC_NFkB-p50_p52,0.05916746314478524,3.2209569453634157,7.5e-05,0.25525,gene is orthologous to FBgn0011274 in D. melanogaster (identity = 25%) which is annotated for similar motif bergman__dif_Rel ('dif/Rel'; q-value = 7.49e-05),"frozenset({'activating', 'top50perTarget', 'hg38__refseq-r80__10kb_up_and_down_tss.mc9nr.genes_vs_motifs.rankings'})","[('FBRS', 0.9747910259649568), ('SPTSSB', 2.755733220305857), ('NCAPD3', 2.716917567567691), ('FYN', 0.4775909767435023), ('VAMP4', 0.1400553403640719), ('CEP85L', 0.0031887789678265), ('CDC42EP3', 0.3538335023605786), ('ETS1', 1.2986150966018344), ('CDC42SE2', 3.3210824406791444), ('EPB41L4A-AS1', 0.3766435666018888), ('SEMA4A', 10.03285049495275), ('ELK3', 2.581800379965798), ('RGS14', 0.2810977449127783), ('CCND3', 1.168731554253596), ('ID3', 0.1402816866432247)]",504
REL,transfac_public__M00052,0.05699525009412923,3.0018632873470086,5.1e-05,1.0,gene is annotated for similar motif jaspar__MA0101.1 ('REL'; q-value = 5.14e-05),"frozenset({'activating', 'top50perTarget', 'hg38__refseq-r80__10kb_up_and_down_tss.mc9nr.genes_vs_motifs.rankings'})","[('SPATA13', 1.055525977365507), ('TNFRSF1B', 0.0448229032668567), ('TNFRSF4', 0.5694402569169236), ('SETD5', 0.1481171425630117), ('FBXW4', 0.767955674462014), ('CCL1', 1.5764704210317575), ('BIRC3', 0.0817689355029422), ('LTB', 0.0996118353596987), ('MYB', 3.864478695687482), ('CD69', 1.1115377098255568), ('SEMA4A', 10.03285049495275), ('RUNX2', 0.2913497175759305), ('CCL5', 0.5398085695379384), ('REL', 1.0), ('CRTAM', 0.0643525885817718), ('MAP3K11', 0.5359997176383724), ('FBRS', 0.9747910259649568), ('NMT2', 0.0656865087628701), ('DNAJB1', 0.4715807662058716), ('RC3H2', 3.6107566230965498), ('IGFBP2', 4.702703843229672), ('PRPF39', 1.267646810802329), ('FYN', 0.4775909767435023), ('SLC2A6', 3.1243175190192782), ('TFEB', 2.230672343199372), ('SPTSSB', 2.755733220305857), ('GZMK', 1.8497477700053404), ('POLD1', 2.436984697658391)]",1163
REL,cisbp__M1930,0.05734280418223419,3.0369182726296335,4.1e-05,1.0,"gene is annotated for similar motif cisbp__M6449 ('REL[gene ID: ""ENSG00000162924"" species: ""Homo sapiens"" TF status: ""direct"" TF family: ""Rel"" DBDs: ""RHD""]; Rel[gene ID: ""ENSMUSG00000020275"" species: ""Mus musculus"" TF status: ""inferred"" TF family: ""Rel"" DBDs: ""RHD""]'; q-value = 4.1e-05)","frozenset({'activating', 'top50perTarget', 'hg38__refseq-r80__10kb_up_and_down_tss.mc9nr.genes_vs_motifs.rankings'})","[('SPATA13', 1.055525977365507), ('DUSP2', 3.019131507312934), ('TNFRSF4', 0.5694402569169236), ('FBXW4', 0.767955674462014), ('REL', 1.0), ('LTB', 0.0996118353596987), ('RUNX2', 0.2913497175759305), ('CCL1', 1.5764704210317575), ('ACVR1', 4.5399327670229965), ('SETD5', 0.1481171425630117), ('ELK3', 2.581800379965798)]",255
REL,cisbp__M3623,0.061915312653865094,3.4981104227541713,4.1e-05,1.0,"gene is annotated for similar motif cisbp__M6449 ('REL[gene ID: ""ENSG00000162924"" species: ""Homo sapiens"" TF status: ""direct"" TF family: ""Rel"" DBDs: ""RHD""]; Rel[gene ID: ""ENSMUSG00000020275"" species: ""Mus musculus"" TF status: ""inferred"" TF family: ""Rel"" DBDs: ""RHD""]'; q-value = 4.1e-05)","frozenset({'activating', 'top50perTarget', 'hg38__refseq-r80__10kb_up_and_down_tss.mc9nr.genes_vs_motifs.rankings'})","[('SPATA13', 1.055525977365507), ('MAP3K11', 0.5359997176383724), ('TNFRSF4', 0.5694402569169236), ('DUSP2', 3.019131507312934), ('BIRC3', 0.0817689355029422), ('REL', 1.0), ('MYB', 3.864478695687482), ('SETD5', 0.1481171425630117), ('SEMA4A', 10.03285049495275), ('FBXW4', 0.767955674462014), ('CCL1', 1.5764704210317575), ('PHRF1', 2.225615187081895), ('CD69', 1.1115377098255568), ('TNFRSF1B', 0.0448229032668567), ('RUNX2', 0.2913497175759305), ('CCL5', 0.5398085695379384), ('FURIN', 0.072697419106449), ('CRTAM', 0.0643525885817718), ('NACC1', 0.0496531765897066), ('SCML4', 0.5952098022510168), ('TFEB', 2.230672343199372), ('SPTSSB', 2.755733220305857), ('FYN', 0.4775909767435023), ('IGFBP2', 4.702703843229672), ('CD70', 4.866205410421598), ('FBRS', 0.9747910259649568), ('VAMP4', 0.1400553403640719), ('LCK', 0.183544845011628), ('ID3', 0.1402816866432247), ('DNAJB1', 0.4715807662058716), ('ELK3', 2.581800379965798), ('MEN1', 1.3159371336247712), ('CD247', 0.4618275517962642), ('SPRR1B', 0.3712832950244183), ('NMT2', 0.0656865087628701)]",2553
REL,hocomoco__RELB_HUMAN.H11MO.0.C,0.05963448895067628,3.2680620818369435,1.8e-05,1.0,"gene is annotated for similar motif cisbp__M6449 ('REL[gene ID: ""ENSG00000162924"" species: ""Homo sapiens"" TF status: ""direct"" TF family: ""Rel"" DBDs: ""RHD""]; Rel[gene ID: ""ENSMUSG00000020275"" species: ""Mus musculus"" TF status: ""inferred"" TF family: ""Rel"" DBDs: ""RHD""]'; q-value = 1.82e-05)","frozenset({'activating', 'top50perTarget', 'hg38__refseq-r80__10kb_up_and_down_tss.mc9nr.genes_vs_motifs.rankings'})","[('EPC1', 4.010686568499811), ('TCEB3', 4.072125676522869), ('ZNF638', 0.0001758670621532), ('CEP85L', 0.0031887789678265), ('SPTSSB', 2.755733220305857), ('SPATA13', 1.055525977365507), ('LBR', 1.2245506497369774), ('CDC42EP3', 0.3538335023605786), ('RHOH', 0.7895418995498055), ('CDC42SE2', 3.3210824406791444), ('CXCR4', 0.9630173777355244), ('ATXN7', 4.4694569959968256), ('REL', 1.0), ('LPAR6', 0.0011085013529928), ('BEX2', 8.093965198153612), ('LINC00936', 0.7251095874973684), ('PCED1B', 4.637716287490646), ('DOT1L', 0.969719148045538), ('ELK3', 2.581800379965798), ('TBC1D23', 3.957389706488773), ('CHD1', 0.1290627162637541), ('PRKACB', 0.2409918516102213), ('RC3H2', 3.6107566230965498), ('USP37', 0.4938485603784269), ('NABP1', 1.137071586401285)]",1311
REL,transfac_pro__M01239,0.06271903148260781,3.57917507622024,1.6e-05,1.0,"gene is annotated for similar motif cisbp__M6449 ('REL[gene ID: ""ENSG00000162924"" species: ""Homo sapiens"" TF status: ""direct"" TF family: ""Rel"" DBDs: ""RHD""]; Rel[gene ID: ""ENSMUSG00000020275"" species: ""Mus musculus"" TF status: ""inferred"" TF family: ""Rel"" DBDs: ""RHD""]'; q-value = 1.6e-05)","frozenset({'activating', 'top50perTarget', 'hg38__refseq-r80__10kb_up_and_down_tss.mc9nr.genes_vs_motifs.rankings'})","[('SPATA13', 1.055525977365507), ('MAP3K11', 0.5359997176383724), ('CRTAM', 0.0643525885817718), ('MYB', 3.864478695687482), ('TFEB', 2.230672343199372), ('FURIN', 0.072697419106449), ('SETD5', 0.1481171425630117), ('FBRS', 0.9747910259649568), ('PLPP5', 0.7024810109288424), ('FYN', 0.4775909767435023), ('SEMA4A', 10.03285049495275), ('CCL5', 0.5398085695379384), ('DUSP2', 3.019131507312934), ('RC3H2', 3.6107566230965498), ('CD70', 4.866205410421598), ('REL', 1.0), ('ZNF638', 0.0001758670621532), ('VAMP4', 0.1400553403640719), ('FBXW4', 0.767955674462014), ('TNFRSF1B', 0.0448229032668567), ('ANKRD28', 0.2004698469218303), ('CAMK2G', 4.434799000511764), ('RNF138', 3.994651980745152), ('HID1', 2.7840658923308235), ('POLG', 0.5031074539382404), ('SPTSSB', 2.755733220305857), ('CD247', 0.4618275517962642), ('CEP85L', 0.0031887789678265), ('CAMK2N1', 1.7660838661621805), ('EPC1', 4.010686568499811), ('CCL1', 1.5764704210317575), ('BIN1', 0.3557882266676875)]",2148
REL,cisbp__M6448,0.06303400237495294,3.6109436566326196,1.5e-05,1.0,"gene is annotated for similar motif cisbp__M6449 ('REL[gene ID: ""ENSG00000162924"" species: ""Homo sapiens"" TF status: ""direct"" TF family: ""Rel"" DBDs: ""RHD""]; Rel[gene ID: ""ENSMUSG00000020275"" species: ""Mus musculus"" TF status: ""inferred"" TF family: ""Rel"" DBDs: ""RHD""]'; q-value = 1.55e-05)","frozenset({'activating', 'top50perTarget', 'hg38__refseq-r80__10kb_up_and_down_tss.mc9nr.genes_vs_motifs.rankings'})","[('SPATA13', 1.055525977365507), ('TNFRSF4', 0.5694402569169236), ('BIRC3', 0.0817689355029422), ('DUSP2', 3.019131507312934), ('RUNX2', 0.2913497175759305), ('REL', 1.0), ('CCL5', 0.5398085695379384), ('FBXW4', 0.767955674462014)]",208
REL,hocomoco__NFKB1_MOUSE.H11MO.0.A,0.08038998464969445,5.361501984183712,1.3e-05,1.0,"gene is annotated for similar motif cisbp__M6449 ('REL[gene ID: ""ENSG00000162924"" species: ""Homo sapiens"" TF status: ""direct"" TF family: ""Rel"" DBDs: ""RHD""]; Rel[gene ID: ""ENSMUSG00000020275"" species: ""Mus musculus"" TF status: ""inferred"" TF family: ""Rel"" DBDs: ""RHD""]'; q-value = 1.32e-05)","frozenset({'activating', 'top50perTarget', 'hg38__refseq-r80__10kb_up_and_down_tss.mc9nr.genes_vs_motifs.rankings'})","[('SPATA13', 1.055525977365507), ('DUSP2', 3.019131507312934), ('MAP3K11', 0.5359997176383724), ('SEMA4A', 10.03285049495275), ('FBXW4', 0.767955674462014), ('FURIN', 0.072697419106449), ('SCML4', 0.5952098022510168), ('MYB', 3.864478695687482), ('TNFRSF4', 0.5694402569169236), ('RUNX2', 0.2913497175759305), ('HOXB2', 3.17296525127455), ('CAMK2G', 4.434799000511764), ('REL', 1.0), ('EPC1', 4.010686568499811), ('ANKRD28', 0.2004698469218303), ('SPTSSB', 2.755733220305857), ('ETS1', 1.2986150966018344), ('PHRF1', 2.225615187081895), ('APBB1IP', 0.6993681100873123)]",792
REL,hocomoco__TF65_HUMAN.H11MO.0.A,0.05890679757870652,3.194665706401447,9e-06,1.0,"gene is annotated for similar motif cisbp__M6449 ('REL[gene ID: ""ENSG00000162924"" species: ""Homo sapiens"" TF status: ""direct"" TF family: ""Rel"" DBDs: ""RHD""]; Rel[gene ID: ""ENSMUSG00000020275"" species: ""Mus musculus"" TF status: ""inferred"" TF family: ""Rel"" DBDs: ""RHD""]'; q-value = 8.99e-06)","frozenset({'activating', 'top50perTarget', 'hg38__refseq-r80__10kb_up_and_down_tss.mc9nr.genes_vs_motifs.rankings'})","[('FBRS', 0.9747910259649568), ('IGFBP2', 4.702703843229672), ('RUNX2', 0.2913497175759305), ('FYN', 0.4775909767435023), ('RC3H2', 3.6107566230965498), ('GPR65', 2.355636761771528), ('SCML4', 0.5952098022510168), ('EHMT1', 2.1093529725386304), ('MLLT10', 4.71816450487802), ('PRKACB', 0.2409918516102213), ('ELK3', 2.581800379965798), ('FURIN', 0.072697419106449), ('PRKD3', 3.8370956492509873), ('SPTSSB', 2.755733220305857), ('RASA2', 3.240524146173069), ('PRPF39', 1.267646810802329), ('EVI2A', 0.0635876943614748), ('BEX2', 8.093965198153612), ('FBXW4', 0.767955674462014), ('EPC1', 4.010686568499811), ('USP37', 0.4938485603784269), ('CEP85L', 0.0031887789678265), ('STK11', 1.533965777038425), ('BIRC3', 0.0817689355029422), ('CXCR4', 0.9630173777355244), ('CDC42EP3', 0.3538335023605786), ('RCBTB2', 0.926582212823505)]",1410
REL,cisbp__M1928,0.06499985518579662,3.809223417137468,8e-06,1.0,"gene is annotated for similar motif cisbp__M6449 ('REL[gene ID: ""ENSG00000162924"" species: ""Homo sapiens"" TF status: ""direct"" TF family: ""Rel"" DBDs: ""RHD""]; Rel[gene ID: ""ENSMUSG00000020275"" species: ""Mus musculus"" TF status: ""inferred"" TF family: ""Rel"" DBDs: ""RHD""]'; q-value = 7.6e-06)","frozenset({'activating', 'top50perTarget', 'hg38__refseq-r80__10kb_up_and_down_tss.mc9nr.genes_vs_motifs.rankings'})","[('LPAR6', 0.0011085013529928), ('PHRF1', 2.225615187081895), ('ACVR1', 4.5399327670229965), ('FBXW4', 0.767955674462014), ('SPATA13', 1.055525977365507), ('DNAJB1', 0.4715807662058716), ('CEP85L', 0.0031887789678265), ('SEMA4A', 10.03285049495275), ('SCML4', 0.5952098022510168), ('PLA2G4C', 1.561624748972029e-06), ('RNASET2', 0.1375387346242421), ('C1orf228', 0.6310114102567295), ('USP37', 0.4938485603784269), ('APBB1IP', 0.6993681100873123), ('MBTPS1', 1.0853334431655428), ('MIDN', 4.0504301276334775), ('PNPLA8', 4.515671898929225)]",863
REL,transfac_pro__M07221,0.06386306368928664,3.6945644027755478,8e-06,1.0,"gene is annotated for similar motif cisbp__M6449 ('REL[gene ID: ""ENSG00000162924"" species: ""Homo sapiens"" TF status: ""direct"" TF family: ""Rel"" DBDs: ""RHD""]; Rel[gene ID: ""ENSMUSG00000020275"" species: ""Mus musculus"" TF status: ""inferred"" TF family: ""Rel"" DBDs: ""RHD""]'; q-value = 7.6e-06)","frozenset({'activating', 'top50perTarget', 'hg38__refseq-r80__10kb_up_and_down_tss.mc9nr.genes_vs_motifs.rankings'})","[('SPATA13', 1.055525977365507), ('CD69', 1.1115377098255568), ('FBXW4', 0.767955674462014), ('MYB', 3.864478695687482), ('TNFRSF4', 0.5694402569169236), ('SLC2A6', 3.1243175190192782), ('TFEB', 2.230672343199372), ('VAMP4', 0.1400553403640719), ('DNAJB1', 0.4715807662058716), ('TNFRSF1B', 0.0448229032668567), ('ANKRD28', 0.2004698469218303), ('RC3H2', 3.6107566230965498), ('RNF138', 3.994651980745152), ('REL', 1.0), ('PTPRC', 0.0123250957822863), ('SCML4', 0.5952098022510168), ('GPR65', 2.355636761771528), ('DOK2', 3.4516505732558502), ('SEMA4A', 10.03285049495275), ('ZC3HAV1', 0.3742267198255878), ('CD70', 4.866205410421598), ('MAP3K11', 0.5359997176383724), ('PRKD3', 3.8370956492509873), ('NACC1', 0.0496531765897066), ('CRTAM', 0.0643525885817718), ('SPTSSB', 2.755733220305857)]",1517
REL,hocomoco__NFKB2_HUMAN.H11MO.0.B,0.07483635995018391,4.801352531855097,5e-06,1.0,motif similar to swissregulon__hs__NFKB1_REL_RELA.p2 ('hs__NFKB1_REL_RELA.p2'; q-value = 5.27e-06) which is directly annotated,"frozenset({'activating', 'top50perTarget', 'hg38__refseq-r80__10kb_up_and_down_tss.mc9nr.genes_vs_motifs.rankings'})","[('SPATA13', 1.055525977365507), ('SETD5', 0.1481171425630117), ('FBRS', 0.9747910259649568), ('CD69', 1.1115377098255568), ('FBXW4', 0.767955674462014), ('DUSP2', 3.019131507312934), ('CCL1', 1.5764704210317575), ('CCL5', 0.5398085695379384), ('RC3H2', 3.6107566230965498), ('FYN', 0.4775909767435023), ('RUNX2', 0.2913497175759305), ('TNFRSF4', 0.5694402569169236), ('FURIN', 0.072697419106449), ('SPTSSB', 2.755733220305857), ('MYB', 3.864478695687482), ('REL', 1.0), ('MAP3K11', 0.5359997176383724), ('NACC1', 0.0496531765897066), ('TFEB', 2.230672343199372), ('IGFBP2', 4.702703843229672), ('CRTAM', 0.0643525885817718), ('SEMA4A', 10.03285049495275), ('BIRC3', 0.0817689355029422)]",970
REL,cisbp__M5669,0.06169085063863064,3.475470744759142,2e-06,0.160081,motif similar to bergman__dif_Rel ('dif/Rel'; q-value = 1.89e-06) which is annotated for orthologous gene FBgn0011274 in D. melanogaster (identity = 16%),"frozenset({'activating', 'top50perTarget', 'hg38__refseq-r80__10kb_up_and_down_tss.mc9nr.genes_vs_motifs.rankings'})","[('SPATA13', 1.055525977365507), ('TNFRSF1B', 0.0448229032668567), ('TNFRSF4', 0.5694402569169236), ('BIRC3', 0.0817689355029422), ('CCL1', 1.5764704210317575), ('DUSP2', 3.019131507312934), ('FBXW4', 0.767955674462014), ('MAP3K11', 0.5359997176383724), ('SETD5', 0.1481171425630117), ('SEMA4A', 10.03285049495275), ('RUNX2', 0.2913497175759305), ('CD69', 1.1115377098255568), ('ELK3', 2.581800379965798), ('REL', 1.0), ('NACC1', 0.0496531765897066), ('LTB', 0.0996118353596987), ('RC3H2', 3.6107566230965498), ('CRTAM', 0.0643525885817718), ('PPCDC', 3.3028332677486607), ('NMT2', 0.0656865087628701), ('VAMP4', 0.1400553403640719), ('GZMK', 1.8497477700053404), ('SPTSSB', 2.755733220305857), ('CD70', 4.866205410421598)]",1121
REL,taipale__NFKB2_DBD_NGGGGAWTCCCCN,0.062371477394502856,3.544120090937616,2e-06,0.25525,gene is orthologous to FBgn0011274 in D. melanogaster (identity = 25%) which is annotated for similar motif bergman__dif_Rel ('dif/Rel'; q-value = 1.9e-06),"frozenset({'activating', 'top50perTarget', 'hg38__refseq-r80__10kb_up_and_down_tss.mc9nr.genes_vs_motifs.rankings'})","[('SPATA13', 1.055525977365507), ('TNFRSF1B', 0.0448229032668567), ('TNFRSF4', 0.5694402569169236), ('FBXW4', 0.767955674462014), ('BIRC3', 0.0817689355029422), ('RUNX2', 0.2913497175759305), ('MAP3K11', 0.5359997176383724), ('SEMA4A', 10.03285049495275), ('REL', 1.0), ('LTB', 0.0996118353596987), ('CCL1', 1.5764704210317575), ('CD70', 4.866205410421598), ('SETD5', 0.1481171425630117), ('ELK3', 2.581800379965798), ('NACC1', 0.0496531765897066), ('NMT2', 0.0656865087628701), ('IGFBP2', 4.702703843229672), ('MYB', 3.864478695687482), ('DUSP2', 3.019131507312934), ('CRTAM', 0.0643525885817718), ('RC3H2', 3.6107566230965498), ('CCL5', 0.5398085695379384), ('CD69', 1.1115377098255568), ('PVT1', 0.269879415533825), ('PRPF39', 1.267646810802329)]",1217
REL,cisbp__M4491,0.0785255017812147,5.173446594386295,1e-06,1.0,"gene is annotated for similar motif cisbp__M6449 ('REL[gene ID: ""ENSG00000162924"" species: ""Homo sapiens"" TF status: ""direct"" TF family: ""Rel"" DBDs: ""RHD""]; Rel[gene ID: ""ENSMUSG00000020275"" species: ""Mus musculus"" TF status: ""inferred"" TF family: ""Rel"" DBDs: ""RHD""]'; q-value = 6.83e-07)","frozenset({'activating', 'top50perTarget', 'hg38__refseq-r80__10kb_up_and_down_tss.mc9nr.genes_vs_motifs.rankings'})","[('SPATA13', 1.055525977365507), ('TNFRSF4', 0.5694402569169236), ('TNFRSF1B', 0.0448229032668567), ('FBXW4', 0.767955674462014), ('BIRC3', 0.0817689355029422), ('RUNX2', 0.2913497175759305), ('LTB', 0.0996118353596987), ('ELK3', 2.581800379965798), ('SEMA4A', 10.03285049495275), ('MAP3K11', 0.5359997176383724), ('DUSP2', 3.019131507312934), ('REL', 1.0), ('SETD5', 0.1481171425630117), ('CCL1', 1.5764704210317575), ('CD70', 4.866205410421598), ('CRTAM', 0.0643525885817718), ('MYB', 3.864478695687482), ('IGFBP2', 4.702703843229672), ('CD69', 1.1115377098255568), ('PRPF39', 1.267646810802329), ('NMT2', 0.0656865087628701), ('RC3H2', 3.6107566230965498), ('GZMK', 1.8497477700053404)]",989
REL,cisbp__M4496,0.07432226952819533,4.749500366124549,1e-06,1.0,"gene is annotated for similar motif cisbp__M6449 ('REL[gene ID: ""ENSG00000162924"" species: ""Homo sapiens"" TF status: ""direct"" TF family: ""Rel"" DBDs: ""RHD""]; Rel[gene ID: ""ENSMUSG00000020275"" species: ""Mus musculus"" TF status: ""inferred"" TF family: ""Rel"" DBDs: ""RHD""]'; q-value = 8.48e-07)","frozenset({'activating', 'top50perTarget', 'hg38__refseq-r80__10kb_up_and_down_tss.mc9nr.genes_vs_motifs.rankings'})","[('SPATA13', 1.055525977365507), ('BIRC3', 0.0817689355029422), ('TNFRSF4', 0.5694402569169236), ('DUSP2', 3.019131507312934), ('TFEB', 2.230672343199372), ('LTB', 0.0996118353596987), ('SETD5', 0.1481171425630117), ('CEP85L', 0.0031887789678265), ('GZMK', 1.8497477700053404), ('FBXW4', 0.767955674462014), ('TNFRSF1B', 0.0448229032668567), ('RUNX2', 0.2913497175759305), ('REL', 1.0), ('CD69', 1.1115377098255568), ('NACC1', 0.0496531765897066), ('PPM1B', 3.5363360504574604), ('SPTSSB', 2.755733220305857), ('CDC42EP3', 0.3538335023605786), ('ANKRD28', 0.2004698469218303), ('FYN', 0.4775909767435023), ('RNF138', 3.994651980745152), ('MYB', 3.864478695687482), ('SLC2A6', 3.1243175190192782), ('CRTAM', 0.0643525885817718), ('ACVR1', 4.5399327670229965), ('IGFBP2', 4.702703843229672), ('ID3', 0.1402816866432247), ('PHRF1', 2.225615187081895), ('NMT2', 0.0656865087628701), ('NABP1', 1.137071586401285), ('PRKD3', 3.8370956492509873), ('SCML4', 0.5952098022510168), ('POLD1', 2.436984697658391), ('VAMP4', 0.1400553403640719), ('DNAJB1', 0.4715807662058716), ('CCL1', 1.5764704210317575), ('SEMA4A', 10.03285049495275), ('SH2D1A', 1.259295706677398e-07), ('RGS14', 0.2810977449127783), ('PVT1', 0.269879415533825), ('EPC1', 4.010686568499811), ('FBRS', 0.9747910259649568)]",2961
REL,cisbp__M4468,0.07170113244707041,4.485127352118083,1e-06,1.0,"gene is annotated for similar motif cisbp__M6449 ('REL[gene ID: ""ENSG00000162924"" species: ""Homo sapiens"" TF status: ""direct"" TF family: ""Rel"" DBDs: ""RHD""]; Rel[gene ID: ""ENSMUSG00000020275"" species: ""Mus musculus"" TF status: ""inferred"" TF family: ""Rel"" DBDs: ""RHD""]'; q-value = 6.83e-07)","frozenset({'activating', 'top50perTarget', 'hg38__refseq-r80__10kb_up_and_down_tss.mc9nr.genes_vs_motifs.rankings'})","[('SPATA13', 1.055525977365507), ('TNFRSF4', 0.5694402569169236), ('BIRC3', 0.0817689355029422), ('RUNX2', 0.2913497175759305), ('REL', 1.0), ('DUSP2', 3.019131507312934), ('CD69', 1.1115377098255568), ('CCL5', 0.5398085695379384), ('FBXW4', 0.767955674462014), ('SETD5', 0.1481171425630117), ('CRTAM', 0.0643525885817718), ('RC3H2', 3.6107566230965498), ('SEMA4A', 10.03285049495275), ('DNAJB1', 0.4715807662058716)]",665
REL,cisbp__M4498,0.07349682856894604,4.6662447760783134,1e-06,1.0,"gene is annotated for similar motif cisbp__M6449 ('REL[gene ID: ""ENSG00000162924"" species: ""Homo sapiens"" TF status: ""direct"" TF family: ""Rel"" DBDs: ""RHD""]; Rel[gene ID: ""ENSMUSG00000020275"" species: ""Mus musculus"" TF status: ""inferred"" TF family: ""Rel"" DBDs: ""RHD""]'; q-value = 8.48e-07)","frozenset({'activating', 'top50perTarget', 'hg38__refseq-r80__10kb_up_and_down_tss.mc9nr.genes_vs_motifs.rankings'})","[('MAP3K11', 0.5359997176383724), ('ELK3', 2.581800379965798), ('CD247', 0.4618275517962642), ('DOK2', 3.4516505732558502), ('IGFBP2', 4.702703843229672), ('NABP1', 1.137071586401285), ('SEMA4A', 10.03285049495275), ('PHRF1', 2.225615187081895), ('ACVR1', 4.5399327670229965), ('CEP85L', 0.0031887789678265), ('CD79B', 0.5302942197990095), ('TMC6', 3.607132953273152), ('ITGB7', 0.784962514200346), ('MIR4435-2HG', 0.0785443139162735), ('FYN', 0.4775909767435023), ('RGS14', 0.2810977449127783), ('CAMK2G', 4.434799000511764), ('PPM1B', 3.5363360504574604), ('RHOH', 0.7895418995498055), ('GPR65', 2.355636761771528), ('PRKACB', 0.2409918516102213), ('LPAR6', 0.0011085013529928), ('DUSP2', 3.019131507312934), ('PVT1', 0.269879415533825), ('PCED1B', 4.637716287490646)]",1327
REL,cisbp__M4494,0.07989761635821241,5.311840755033325,1e-06,1.0,"gene is annotated for similar motif cisbp__M6449 ('REL[gene ID: ""ENSG00000162924"" species: ""Homo sapiens"" TF status: ""direct"" TF family: ""Rel"" DBDs: ""RHD""]; Rel[gene ID: ""ENSMUSG00000020275"" species: ""Mus musculus"" TF status: ""inferred"" TF family: ""Rel"" DBDs: ""RHD""]'; q-value = 6.83e-07)","frozenset({'activating', 'top50perTarget', 'hg38__refseq-r80__10kb_up_and_down_tss.mc9nr.genes_vs_motifs.rankings'})","[('FYN', 0.4775909767435023), ('TBC1D23', 3.957389706488773), ('REL', 1.0), ('FBRS', 0.9747910259649568), ('ADPGK', 0.863371873729586), ('MIDN', 4.0504301276334775), ('LINC00936', 0.7251095874973684), ('HID1', 2.7840658923308235), ('DHX40', 0.5540805132669142), ('MIR4435-2HG', 0.0785443139162735), ('GPR65', 2.355636761771528), ('PHRF1', 2.225615187081895), ('MBTPS1', 1.0853334431655428), ('DOK2', 3.4516505732558502), ('CAMK2D', 1.428816265797094), ('RCBTB2', 0.926582212823505), ('CEP85L', 0.0031887789678265), ('PPM1B', 3.5363360504574604), ('PLPP5', 0.7024810109288424), ('MLLT10', 4.71816450487802), ('CLK4', 0.3946448602084987), ('DUSP2', 3.019131507312934), ('OTUD6B', 2.065231262524587), ('CAMK2G', 4.434799000511764), ('CD69', 1.1115377098255568), ('VAMP4', 0.1400553403640719), ('CDKN1B', 1.393290338079895)]",1587
REL,cisbp__M6511,0.06313175196223246,3.6208028712433586,1e-06,1.0,"gene is annotated for similar motif cisbp__M6449 ('REL[gene ID: ""ENSG00000162924"" species: ""Homo sapiens"" TF status: ""direct"" TF family: ""Rel"" DBDs: ""RHD""]; Rel[gene ID: ""ENSMUSG00000020275"" species: ""Mus musculus"" TF status: ""inferred"" TF family: ""Rel"" DBDs: ""RHD""]'; q-value = 6.83e-07)","frozenset({'activating', 'top50perTarget', 'hg38__refseq-r80__10kb_up_and_down_tss.mc9nr.genes_vs_motifs.rankings'})","[('LINC00936', 0.7251095874973684), ('EPC1', 4.010686568499811), ('HOXB2', 3.17296525127455), ('ATP6V1H', 1.1293325349783234), ('CAMK2D', 1.428816265797094), ('TMC6', 3.607132953273152), ('ZNF512', 6.948975626549404), ('SLC2A6', 3.1243175190192782), ('RC3H2', 3.6107566230965498)]",231
REL,transfac_pro__M07884,0.06250181017754221,3.5572657104185996,0.0,0.25525,gene is orthologous to FBgn0011274 in D. melanogaster (identity = 25%) which is directly annotated for motif,"frozenset({'activating', 'top50perTarget', 'hg38__refseq-r80__10kb_up_and_down_tss.mc9nr.genes_vs_motifs.rankings'})","[('SPATA13', 1.055525977365507), ('TNFRSF4', 0.5694402569169236), ('TNFRSF1B', 0.0448229032668567), ('SETD5', 0.1481171425630117), ('BIRC3', 0.0817689355029422), ('FBXW4', 0.767955674462014), ('MYB', 3.864478695687482), ('CCL1', 1.5764704210317575), ('RUNX2', 0.2913497175759305), ('SEMA4A', 10.03285049495275), ('REL', 1.0), ('LTB', 0.0996118353596987), ('CCL5', 0.5398085695379384), ('CD69', 1.1115377098255568), ('MAP3K11', 0.5359997176383724), ('PRPF39', 1.267646810802329), ('POLD1', 2.436984697658391), ('NMT2', 0.0656865087628701), ('FBRS', 0.9747910259649568), ('CRTAM', 0.0643525885817718), ('FYN', 0.4775909767435023), ('RC3H2', 3.6107566230965498), ('IGFBP2', 4.702703843229672), ('PPCDC', 3.3028332677486607), ('SLC2A6', 3.1243175190192782), ('SPTSSB', 2.755733220305857), ('ELK3', 2.581800379965798), ('DNAJB1', 0.4715807662058716), ('TFEB', 2.230672343199372), ('DUSP2', 3.019131507312934)]",1422
REL,transfac_pro__M07883,0.0582261708228343,3.1260163602229727,0.0,0.25525,gene is orthologous to FBgn0011274 in D. melanogaster (identity = 25%) which is directly annotated for motif,"frozenset({'activating', 'top50perTarget', 'hg38__refseq-r80__10kb_up_and_down_tss.mc9nr.genes_vs_motifs.rankings'})","[('SPATA13', 1.055525977365507), ('BIRC3', 0.0817689355029422), ('CD69', 1.1115377098255568), ('TNFRSF4', 0.5694402569169236), ('FBXW4', 0.767955674462014), ('CCL5', 0.5398085695379384), ('RUNX2', 0.2913497175759305), ('MYB', 3.864478695687482), ('DUSP2', 3.019131507312934), ('REL', 1.0), ('SEMA4A', 10.03285049495275), ('SPRR1B', 0.3712832950244183), ('VAMP4', 0.1400553403640719), ('SETD5', 0.1481171425630117), ('TNFRSF1B', 0.0448229032668567), ('DNAJB1', 0.4715807662058716)]",698
REL,cisbp__M1855,0.06066266979465346,3.371766413298042,0.0,0.290792,gene is orthologous to FBgn0260632 in D. melanogaster (identity = 29%) which is directly annotated for motif,"frozenset({'activating', 'top50perTarget', 'hg38__refseq-r80__10kb_up_and_down_tss.mc9nr.genes_vs_motifs.rankings'})","[('SPATA13', 1.055525977365507), ('BIRC3', 0.0817689355029422), ('TNFRSF4', 0.5694402569169236), ('DUSP2', 3.019131507312934), ('LTB', 0.0996118353596987), ('CEP85L', 0.0031887789678265), ('GZMK', 1.8497477700053404), ('SETD5', 0.1481171425630117), ('TFEB', 2.230672343199372), ('TNFRSF1B', 0.0448229032668567), ('FBXW4', 0.767955674462014), ('REL', 1.0), ('RUNX2', 0.2913497175759305), ('CD69', 1.1115377098255568), ('NACC1', 0.0496531765897066), ('SPTSSB', 2.755733220305857), ('ANKRD28', 0.2004698469218303), ('FYN', 0.4775909767435023), ('RNF138', 3.994651980745152), ('CDC42EP3', 0.3538335023605786), ('PPM1B', 3.5363360504574604), ('MYB', 3.864478695687482), ('CRTAM', 0.0643525885817718), ('ACVR1', 4.5399327670229965), ('IGFBP2', 4.702703843229672), ('PHRF1', 2.225615187081895), ('ID3', 0.1402816866432247), ('NMT2', 0.0656865087628701), ('NABP1', 1.137071586401285), ('PRKD3', 3.8370956492509873), ('POLD1', 2.436984697658391), ('SLC2A6', 3.1243175190192782), ('SCML4', 0.5952098022510168), ('CCL1', 1.5764704210317575), ('VAMP4', 0.1400553403640719), ('PVT1', 0.269879415533825), ('SEMA4A', 10.03285049495275), ('EPC1', 4.010686568499811), ('DNAJB1', 0.4715807662058716), ('FBRS', 0.9747910259649568), ('GPR65', 2.355636761771528), ('DDX11', 0.7592589780177241), ('BEX2', 8.093965198153612), ('ATXN7', 4.4694569959968256)]",3291
REL,transfac_public__M00054,0.05843615141773105,3.1471954138312253,0.0,0.760204,motif is annotated for orthologous gene ENSMUSG00000020275 in M. musculus (identity = 76%),"frozenset({'activating', 'top50perTarget', 'hg38__refseq-r80__10kb_up_and_down_tss.mc9nr.genes_vs_motifs.rankings'})","[('RUNX2', 0.2913497175759305), ('XCL1', 0.6582518254963183), ('PTPN22', 0.4824533204359005), ('ACVR1', 4.5399327670229965), ('PPCDC', 3.3028332677486607), ('CRTAM', 0.0643525885817718), ('MB', 1.0658429455376004), ('ELK3', 2.581800379965798), ('ATXN7', 4.4694569959968256), ('GPR65', 2.355636761771528), ('SPATA13', 1.055525977365507), ('XCL2', 0.3245474295030953), ('ANKRD28', 0.2004698469218303), ('RHOH', 0.7895418995498055), ('CLK4', 0.3946448602084987), ('SCML4', 0.5952098022510168), ('CCND3', 1.168731554253596), ('FBXW4', 0.767955674462014), ('PSME4', 0.599728394151561)]",891
REL,transfac_pro__M00774,0.057603469748312916,3.063209511591603,0.0,0.760204,motif is annotated for orthologous gene ENSMUSG00000020275 in M. musculus (identity = 76%),"frozenset({'activating', 'top50perTarget', 'hg38__refseq-r80__10kb_up_and_down_tss.mc9nr.genes_vs_motifs.rankings'})","[('RUNX2', 0.2913497175759305), ('PTPN22', 0.4824533204359005), ('RHOH', 0.7895418995498055), ('SPATA13', 1.055525977365507), ('XCL1', 0.6582518254963183), ('ELK3', 2.581800379965798), ('CCND3', 1.168731554253596), ('PPCDC', 3.3028332677486607), ('CRTAM', 0.0643525885817718), ('XCL2', 0.3245474295030953), ('SCML4', 0.5952098022510168), ('ACVR1', 4.5399327670229965), ('MB', 1.0658429455376004), ('LINC00649', 2.158081670560388), ('GPR65', 2.355636761771528), ('SH2D1A', 1.259295706677398e-07), ('CEP85L', 0.0031887789678265), ('SEMA4A', 10.03285049495275), ('CLK4', 0.3946448602084987), ('ATXN7', 4.4694569959968256), ('PRKACB', 0.2409918516102213), ('PLAC8', 6.579744558865197), ('BIRC3', 0.0817689355029422), ('PVT1', 0.269879415533825)]",1313
REL,cisbp__M4499,0.07624829843311032,4.943763409565762,0.0,1.0,"gene is annotated for similar motif cisbp__M6449 ('REL[gene ID: ""ENSG00000162924"" species: ""Homo sapiens"" TF status: ""direct"" TF family: ""Rel"" DBDs: ""RHD""]; Rel[gene ID: ""ENSMUSG00000020275"" species: ""Mus musculus"" TF status: ""inferred"" TF family: ""Rel"" DBDs: ""RHD""]'; q-value = 2.04e-07)","frozenset({'activating', 'top50perTarget', 'hg38__refseq-r80__10kb_up_and_down_tss.mc9nr.genes_vs_motifs.rankings'})","[('CD247', 0.4618275517962642), ('USP37', 0.4938485603784269), ('ANKRD28', 0.2004698469218303), ('IL22', 0.1467032208821168), ('TBC1D23', 3.957389706488773), ('SPATA13', 1.055525977365507), ('CHD1', 0.1290627162637541), ('ETS1', 1.2986150966018344), ('SEMA4A', 10.03285049495275), ('BIN1', 0.3557882266676875), ('SPTSSB', 2.755733220305857)]",322
REL,cisbp__M4444,0.08340574043502187,5.665677012729823,0.0,1.0,"gene is annotated for similar motif cisbp__M6449 ('REL[gene ID: ""ENSG00000162924"" species: ""Homo sapiens"" TF status: ""direct"" TF family: ""Rel"" DBDs: ""RHD""]; Rel[gene ID: ""ENSMUSG00000020275"" species: ""Mus musculus"" TF status: ""inferred"" TF family: ""Rel"" DBDs: ""RHD""]'; q-value = 2.18e-07)","frozenset({'activating', 'top50perTarget', 'hg38__refseq-r80__10kb_up_and_down_tss.mc9nr.genes_vs_motifs.rankings'})","[('ID3', 0.1402816866432247), ('FBRS', 0.9747910259649568), ('NRBF2', 3.117560406069018), ('FYN', 0.4775909767435023), ('EPC1', 4.010686568499811), ('MBTPS1', 1.0853334431655428), ('MYB', 3.864478695687482), ('MLLT10', 4.71816450487802), ('PRKD3', 3.8370956492509873), ('RASA2', 3.240524146173069), ('ELK3', 2.581800379965798), ('DOK2', 3.4516505732558502), ('LINC00936', 0.7251095874973684), ('PRPF39', 1.267646810802329), ('PPM1B', 3.5363360504574604), ('CDC42EP3', 0.3538335023605786), ('LPAR6', 0.0011085013529928), ('RCBTB2', 0.926582212823505)]",951
REL,swissregulon__hs__NFKB1_REL_RELA.p2,0.07786297680076462,5.106623028691292,0.0,1.0,gene is directly annotated,"frozenset({'activating', 'top50perTarget', 'hg38__refseq-r80__10kb_up_and_down_tss.mc9nr.genes_vs_motifs.rankings'})","[('SPATA13', 1.055525977365507), ('TNFRSF4', 0.5694402569169236), ('TNFRSF1B', 0.0448229032668567), ('FBXW4', 0.767955674462014), ('SETD5', 0.1481171425630117), ('RUNX2', 0.2913497175759305), ('CCL1', 1.5764704210317575), ('LTB', 0.0996118353596987), ('REL', 1.0), ('BIRC3', 0.0817689355029422), ('SEMA4A', 10.03285049495275), ('MYB', 3.864478695687482), ('CRTAM', 0.0643525885817718), ('CD69', 1.1115377098255568), ('FBRS', 0.9747910259649568), ('NMT2', 0.0656865087628701), ('CCL5', 0.5398085695379384), ('PPCDC', 3.3028332677486607), ('DNAJB1', 0.4715807662058716), ('PRPF39', 1.267646810802329), ('POLD1', 2.436984697658391), ('IGFBP2', 4.702703843229672), ('MAP3K11', 0.5359997176383724), ('FYN', 0.4775909767435023), ('RC3H2', 3.6107566230965498), ('GZMK', 1.8497477700053404), ('SLC2A6', 3.1243175190192782), ('ELK3', 2.581800379965798), ('SPTSSB', 2.755733220305857), ('EPC1', 4.010686568499811), ('PVT1', 0.269879415533825)]",1576
REL,dbcorrdb__RELA__ENCSR000EAQ_1__m1,0.07900700900744345,5.222012355246599,0.0,1.0,"gene is annotated for similar motif cisbp__M6449 ('REL[gene ID: ""ENSG00000162924"" species: ""Homo sapiens"" TF status: ""direct"" TF family: ""Rel"" DBDs: ""RHD""]; Rel[gene ID: ""ENSMUSG00000020275"" species: ""Mus musculus"" TF status: ""inferred"" TF family: ""Rel"" DBDs: ""RHD""]'; q-value = 1.48e-07)","frozenset({'activating', 'top50perTarget', 'hg38__refseq-r80__10kb_up_and_down_tss.mc9nr.genes_vs_motifs.rankings'})","[('SPATA13', 1.055525977365507), ('RUNX2', 0.2913497175759305), ('TNFRSF1B', 0.0448229032668567), ('FBXW4', 0.767955674462014), ('ELK3', 2.581800379965798), ('TNFRSF4', 0.5694402569169236), ('LTB', 0.0996118353596987), ('SEMA4A', 10.03285049495275), ('BIRC3', 0.0817689355029422), ('IGFBP2', 4.702703843229672), ('REL', 1.0), ('CD69', 1.1115377098255568), ('CRTAM', 0.0643525885817718), ('SETD5', 0.1481171425630117), ('GZMK', 1.8497477700053404), ('MYB', 3.864478695687482)]",605
REL,dbcorrdb__RELA__ENCSR000EBM_1__m1,0.07775798650331625,5.096033501887166,0.0,1.0,"gene is annotated for similar motif cisbp__M6449 ('REL[gene ID: ""ENSG00000162924"" species: ""Homo sapiens"" TF status: ""direct"" TF family: ""Rel"" DBDs: ""RHD""]; Rel[gene ID: ""ENSMUSG00000020275"" species: ""Mus musculus"" TF status: ""inferred"" TF family: ""Rel"" DBDs: ""RHD""]'; q-value = 1.01e-07)","frozenset({'activating', 'top50perTarget', 'hg38__refseq-r80__10kb_up_and_down_tss.mc9nr.genes_vs_motifs.rankings'})","[('LINC00936', 0.7251095874973684), ('HOXB2', 3.17296525127455), ('EPC1', 4.010686568499811), ('CAMK2D', 1.428816265797094), ('ATP6V1H', 1.1293325349783234), ('RC3H2', 3.6107566230965498), ('TMC6', 3.607132953273152), ('XRRA1', 3.371733001067393), ('ZNF512', 6.948975626549404), ('APBB1IP', 0.6993681100873123), ('MLLT10', 4.71816450487802), ('TFEB', 2.230672343199372), ('BIN1', 0.3557882266676875), ('TRMT1', 2.277139790939516), ('BROX', 1.8273039771085835), ('PRKACB', 0.2409918516102213), ('CCNT2', 14.151942418117244), ('PHRF1', 2.225615187081895)]",982
REL,dbcorrdb__RELA__ENCSR000EAN_1__m1,0.0779281431922843,5.113195838431784,0.0,1.0,"gene is annotated for similar motif cisbp__M6449 ('REL[gene ID: ""ENSG00000162924"" species: ""Homo sapiens"" TF status: ""direct"" TF family: ""Rel"" DBDs: ""RHD""]; Rel[gene ID: ""ENSMUSG00000020275"" species: ""Mus musculus"" TF status: ""inferred"" TF family: ""Rel"" DBDs: ""RHD""]'; q-value = 9.55e-08)","frozenset({'activating', 'top50perTarget', 'hg38__refseq-r80__10kb_up_and_down_tss.mc9nr.genes_vs_motifs.rankings'})","[('ZMYM5', 0.6867343969322034), ('FBRS', 0.9747910259649568), ('CEP85L', 0.0031887789678265), ('CHD1', 0.1290627162637541), ('MLLT10', 4.71816450487802), ('SETD5', 0.1481171425630117), ('SCAF1', 1.187792987703698), ('EPC1', 4.010686568499811), ('FYN', 0.4775909767435023), ('CDKN1B', 1.393290338079895), ('ACVR1', 4.5399327670229965), ('ID3', 0.1402816866432247), ('SAT1', 2.6447314750897184), ('SLC17A5', 0.3732139970469458), ('PCOLCE', 0.5709185866160637), ('PPM1B', 3.5363360504574604), ('RCBTB2', 0.926582212823505), ('MIDN', 4.0504301276334775), ('CLK4', 0.3946448602084987), ('SPATA13', 1.055525977365507), ('FURIN', 0.072697419106449), ('MAP3K11', 0.5359997176383724), ('CXCR4', 0.9630173777355244), ('PDK1', 0.8715674037525248), ('ETS1', 1.2986150966018344), ('ELK3', 2.581800379965798)]",1181
REL,cisbp__M1924,0.058990065745648336,3.20306429662541,0.0,1.0,gene is directly annotated,"frozenset({'activating', 'top50perTarget', 'hg38__refseq-r80__10kb_up_and_down_tss.mc9nr.genes_vs_motifs.rankings'})","[('RUNX2', 0.2913497175759305), ('PTPN22', 0.4824533204359005), ('SCML4', 0.5952098022510168), ('CCND3', 1.168731554253596), ('SPATA13', 1.055525977365507), ('PPCDC', 3.3028332677486607), ('XCL1', 0.6582518254963183), ('ACVR1', 4.5399327670229965), ('XCL2', 0.3245474295030953), ('ELK3', 2.581800379965798), ('GPR65', 2.355636761771528), ('MB', 1.0658429455376004), ('ATXN7', 4.4694569959968256), ('CRTAM', 0.0643525885817718), ('RHOH', 0.7895418995498055), ('LINC00649', 2.158081670560388)]",708
REL,cisbp__M3091,0.05867871520838764,3.1716608723097246,0.0,1.0,gene is directly annotated,"frozenset({'activating', 'top50perTarget', 'hg38__refseq-r80__10kb_up_and_down_tss.mc9nr.genes_vs_motifs.rankings'})","[('BIRC3', 0.0817689355029422), ('MAP3K11', 0.5359997176383724), ('FBXW4', 0.767955674462014), ('CRTAM', 0.0643525885817718), ('IGFBP2', 4.702703843229672), ('SETD5', 0.1481171425630117), ('NACC1', 0.0496531765897066), ('DUSP2', 3.019131507312934), ('TFEB', 2.230672343199372), ('TNFRSF4', 0.5694402569169236), ('CDC42EP3', 0.3538335023605786), ('SUSD3', 1.2152244157839012), ('NMT2', 0.0656865087628701), ('FYN', 0.4775909767435023), ('CD69', 1.1115377098255568), ('RNF138', 3.994651980745152), ('RUNX2', 0.2913497175759305), ('PVT1', 0.269879415533825), ('SPTSSB', 2.755733220305857), ('GZMK', 1.8497477700053404), ('SPATA13', 1.055525977365507), ('MYB', 3.864478695687482), ('FBRS', 0.9747910259649568), ('PLAC8', 6.579744558865197), ('SH2D1A', 1.259295706677398e-07), ('SEMA4A', 10.03285049495275), ('EPC1', 4.010686568499811), ('SPRR1B', 0.3712832950244183), ('MBTPS1', 1.0853334431655428), ('ETS1', 1.2986150966018344), ('TNFRSF1B', 0.0448229032668567)]",1834
REL,cisbp__M4495,0.07914458250065166,5.2358882869209715,0.0,1.0,"gene is annotated for similar motif cisbp__M6449 ('REL[gene ID: ""ENSG00000162924"" species: ""Homo sapiens"" TF status: ""direct"" TF family: ""Rel"" DBDs: ""RHD""]; Rel[gene ID: ""ENSMUSG00000020275"" species: ""Mus musculus"" TF status: ""inferred"" TF family: ""Rel"" DBDs: ""RHD""]'; q-value = 1.51e-07)","frozenset({'activating', 'top50perTarget', 'hg38__refseq-r80__10kb_up_and_down_tss.mc9nr.genes_vs_motifs.rankings'})","[('IGFBP2', 4.702703843229672), ('MLLT10', 4.71816450487802), ('PRKD3', 3.8370956492509873), ('FURIN', 0.072697419106449), ('CAMK2G', 4.434799000511764), ('SCML4', 0.5952098022510168), ('PPM1B', 3.5363360504574604), ('RASA2', 3.240524146173069), ('FYN', 0.4775909767435023), ('ATP6V1H', 1.1293325349783234), ('PRKACB', 0.2409918516102213), ('STK11', 1.533965777038425), ('CEP85L', 0.0031887789678265), ('GPR65', 2.355636761771528), ('LINC00936', 0.7251095874973684), ('SPTSSB', 2.755733220305857), ('CDC42EP3', 0.3538335023605786), ('PLPP5', 0.7024810109288424), ('ETS1', 1.2986150966018344)]",898
REL,dbcorrdb__RELA__ENCSR000EAG_1__m1,0.06774408433979205,4.086011738431529,0.0,1.0,"gene is annotated for similar motif cisbp__M6449 ('REL[gene ID: ""ENSG00000162924"" species: ""Homo sapiens"" TF status: ""direct"" TF family: ""Rel"" DBDs: ""RHD""]; Rel[gene ID: ""ENSMUSG00000020275"" species: ""Mus musculus"" TF status: ""inferred"" TF family: ""Rel"" DBDs: ""RHD""]'; q-value = 3.59e-07)","frozenset({'activating', 'top50perTarget', 'hg38__refseq-r80__10kb_up_and_down_tss.mc9nr.genes_vs_motifs.rankings'})","[('SPATA13', 1.055525977365507), ('TNFRSF4', 0.5694402569169236), ('RUNX2', 0.2913497175759305), ('REL', 1.0), ('FBXW4', 0.767955674462014), ('BIRC3', 0.0817689355029422), ('TNFRSF1B', 0.0448229032668567), ('CD69', 1.1115377098255568), ('DNAJB1', 0.4715807662058716), ('RC3H2', 3.6107566230965498)]",378
REL,dbcorrdb__RELA__ENCSR000EAW_1__m1,0.07401815970110348,4.7188272540022504,0.0,1.0,"gene is annotated for similar motif cisbp__M6449 ('REL[gene ID: ""ENSG00000162924"" species: ""Homo sapiens"" TF status: ""direct"" TF family: ""Rel"" DBDs: ""RHD""]; Rel[gene ID: ""ENSMUSG00000020275"" species: ""Mus musculus"" TF status: ""inferred"" TF family: ""Rel"" DBDs: ""RHD""]'; q-value = 1.07e-07)","frozenset({'activating', 'top50perTarget', 'hg38__refseq-r80__10kb_up_and_down_tss.mc9nr.genes_vs_motifs.rankings'})","[('SPATA13', 1.055525977365507), ('TNFRSF4', 0.5694402569169236), ('TNFRSF1B', 0.0448229032668567), ('FBXW4', 0.767955674462014), ('SETD5', 0.1481171425630117), ('SEMA4A', 10.03285049495275), ('RUNX2', 0.2913497175759305), ('BIRC3', 0.0817689355029422), ('CCL1', 1.5764704210317575), ('MYB', 3.864478695687482), ('REL', 1.0), ('NMT2', 0.0656865087628701), ('LTB', 0.0996118353596987), ('CRTAM', 0.0643525885817718), ('MAP3K11', 0.5359997176383724), ('FBRS', 0.9747910259649568), ('CD69', 1.1115377098255568), ('DNAJB1', 0.4715807662058716), ('POLD1', 2.436984697658391), ('CCL5', 0.5398085695379384), ('GZMK', 1.8497477700053404), ('PRPF39', 1.267646810802329), ('ELK3', 2.581800379965798), ('PPCDC', 3.3028332677486607)]",1036
REL,dbcorrdb__RELA__ENCSR000EBD_1__m1,0.07674066672459234,4.993424638716148,0.0,1.0,"gene is annotated for similar motif cisbp__M6449 ('REL[gene ID: ""ENSG00000162924"" species: ""Homo sapiens"" TF status: ""direct"" TF family: ""Rel"" DBDs: ""RHD""]; Rel[gene ID: ""ENSMUSG00000020275"" species: ""Mus musculus"" TF status: ""inferred"" TF family: ""Rel"" DBDs: ""RHD""]'; q-value = 9.55e-08)","frozenset({'activating', 'top50perTarget', 'hg38__refseq-r80__10kb_up_and_down_tss.mc9nr.genes_vs_motifs.rankings'})","[('LINC00936', 0.7251095874973684), ('DHX40', 0.5540805132669142), ('TBC1D23', 3.957389706488773), ('HID1', 2.7840658923308235), ('MIDN', 4.0504301276334775), ('MIR4435-2HG', 0.0785443139162735), ('CDKN1B', 1.393290338079895), ('PLPP5', 0.7024810109288424), ('ACVR1', 4.5399327670229965), ('MLLT10', 4.71816450487802), ('DUSP2', 3.019131507312934), ('RCBTB2', 0.926582212823505)]",382
REL,cisbp__M4485,0.07618313204159063,4.93719059982527,0.0,1.0,"gene is annotated for similar motif cisbp__M6449 ('REL[gene ID: ""ENSG00000162924"" species: ""Homo sapiens"" TF status: ""direct"" TF family: ""Rel"" DBDs: ""RHD""]; Rel[gene ID: ""ENSMUSG00000020275"" species: ""Mus musculus"" TF status: ""inferred"" TF family: ""Rel"" DBDs: ""RHD""]'; q-value = 1.02e-07)","frozenset({'activating', 'top50perTarget', 'hg38__refseq-r80__10kb_up_and_down_tss.mc9nr.genes_vs_motifs.rankings'})","[('PTPN22', 0.4824533204359005), ('RUNX2', 0.2913497175759305), ('SPATA13', 1.055525977365507), ('SEMA4A', 10.03285049495275), ('ELK3', 2.581800379965798), ('LINC00649', 2.158081670560388), ('PPCDC', 3.3028332677486607), ('PLAC8', 6.579744558865197), ('NACC1', 0.0496531765897066), ('SCML4', 0.5952098022510168), ('ITGB7', 0.784962514200346), ('XCL1', 0.6582518254963183), ('RHOH', 0.7895418995498055), ('USP37', 0.4938485603784269), ('DPF2', 0.8951572386307168), ('CEP85L', 0.0031887789678265), ('NKG7', 2.8814640188635576)]",848
REL,dbcorrdb__RELA__ENCSR000DYM_1__m1,0.07235279636226721,4.550855449523006,0.0,1.0,"gene is annotated for similar motif cisbp__M6449 ('REL[gene ID: ""ENSG00000162924"" species: ""Homo sapiens"" TF status: ""direct"" TF family: ""Rel"" DBDs: ""RHD""]; Rel[gene ID: ""ENSMUSG00000020275"" species: ""Mus musculus"" TF status: ""inferred"" TF family: ""Rel"" DBDs: ""RHD""]'; q-value = 1.02e-07)","frozenset({'activating', 'top50perTarget', 'hg38__refseq-r80__10kb_up_and_down_tss.mc9nr.genes_vs_motifs.rankings'})","[('CDKN1B', 1.393290338079895), ('FLJ37453', 4.311430179036712), ('SPTSSB', 2.755733220305857), ('PHRF1', 2.225615187081895), ('PRKACB', 0.2409918516102213), ('ATXN7', 4.4694569959968256), ('EPB41L4A-AS1', 0.3766435666018888), ('TBC1D23', 3.957389706488773), ('RCBTB2', 0.926582212823505), ('RASA2', 3.240524146173069), ('PDK1', 0.8715674037525248), ('DHX40', 0.5540805132669142), ('ACVR1', 4.5399327670229965), ('VAMP4', 0.1400553403640719), ('TFEB', 2.230672343199372), ('LPAR6', 0.0011085013529928), ('LBR', 1.2245506497369774), ('PRKD3', 3.8370956492509873), ('PNPLA8', 4.515671898929225), ('EVI2A', 0.0635876943614748), ('RHOH', 0.7895418995498055), ('REL', 1.0), ('XCL1', 0.6582518254963183)]",1300
REL,cisbp__M6449,0.06790337996350682,4.102078606686065,0.0,1.0,gene is directly annotated,"frozenset({'activating', 'top50perTarget', 'hg38__refseq-r80__10kb_up_and_down_tss.mc9nr.genes_vs_motifs.rankings'})","[('SPATA13', 1.055525977365507), ('DUSP2', 3.019131507312934), ('FBXW4', 0.767955674462014), ('TNFRSF4', 0.5694402569169236), ('LTB', 0.0996118353596987), ('RUNX2', 0.2913497175759305), ('REL', 1.0), ('ACVR1', 4.5399327670229965), ('SETD5', 0.1481171425630117), ('CCL1', 1.5764704210317575), ('ELK3', 2.581800379965798)]",258
REL,dbcorrdb__RELA__ENCSR000EAI_1__m1,0.07347148608335506,4.663688683401456,0.0,1.0,"gene is annotated for similar motif cisbp__M6449 ('REL[gene ID: ""ENSG00000162924"" species: ""Homo sapiens"" TF status: ""direct"" TF family: ""Rel"" DBDs: ""RHD""]; Rel[gene ID: ""ENSMUSG00000020275"" species: ""Mus musculus"" TF status: ""inferred"" TF family: ""Rel"" DBDs: ""RHD""]'; q-value = 1.02e-07)","frozenset({'activating', 'top50perTarget', 'hg38__refseq-r80__10kb_up_and_down_tss.mc9nr.genes_vs_motifs.rankings'})","[('SPATA13', 1.055525977365507), ('TNFRSF4', 0.5694402569169236), ('TNFRSF1B', 0.0448229032668567), ('FBXW4', 0.767955674462014), ('RUNX2', 0.2913497175759305), ('ELK3', 2.581800379965798), ('LTB', 0.0996118353596987), ('BIRC3', 0.0817689355029422), ('SEMA4A', 10.03285049495275), ('REL', 1.0), ('SETD5', 0.1481171425630117), ('MAP3K11', 0.5359997176383724), ('CCL1', 1.5764704210317575), ('CRTAM', 0.0643525885817718), ('IGFBP2', 4.702703843229672), ('NMT2', 0.0656865087628701), ('CD69', 1.1115377098255568), ('NACC1', 0.0496531765897066), ('DUSP2', 3.019131507312934), ('MYB', 3.864478695687482), ('PRPF39', 1.267646810802329), ('CD70', 4.866205410421598), ('PVT1', 0.269879415533825), ('GZMK', 1.8497477700053404)]",1118
REL,dbcorrdb__RELA__ENCSR000EBA_1__m1,0.0720921307961885,4.524564210561037,0.0,1.0,"gene is annotated for similar motif cisbp__M6449 ('REL[gene ID: ""ENSG00000162924"" species: ""Homo sapiens"" TF status: ""direct"" TF family: ""Rel"" DBDs: ""RHD""]; Rel[gene ID: ""ENSMUSG00000020275"" species: ""Mus musculus"" TF status: ""inferred"" TF family: ""Rel"" DBDs: ""RHD""]'; q-value = 2.04e-07)","frozenset({'activating', 'top50perTarget', 'hg38__refseq-r80__10kb_up_and_down_tss.mc9nr.genes_vs_motifs.rankings'})","[('MBTPS1', 1.0853334431655428), ('HOXB2', 3.17296525127455), ('MLLT10', 4.71816450487802), ('SMG5', 1.612447302068865), ('CAMK2D', 1.428816265797094), ('ITGB7', 0.784962514200346), ('RC3H2', 3.6107566230965498), ('SLC17A5', 0.3732139970469458), ('ACVR1', 4.5399327670229965), ('CXCR4', 0.9630173777355244), ('CDC42EP3', 0.3538335023605786), ('TFEB', 2.230672343199372), ('NMT2', 0.0656865087628701), ('TRAPPC2', 1.7547762460284222), ('SETD5', 0.1481171425630117), ('FYN', 0.4775909767435023), ('PNPLA8', 4.515671898929225), ('PPCDC', 3.3028332677486607)]",933
REL,hocomoco__TF65_MOUSE.H11MO.0.A,0.07041590639209894,4.35549693779171,0.0,1.0,"gene is annotated for similar motif cisbp__M6449 ('REL[gene ID: ""ENSG00000162924"" species: ""Homo sapiens"" TF status: ""direct"" TF family: ""Rel"" DBDs: ""RHD""]; Rel[gene ID: ""ENSMUSG00000020275"" species: ""Mus musculus"" TF status: ""inferred"" TF family: ""Rel"" DBDs: ""RHD""]'; q-value = 3.03e-07)","frozenset({'activating', 'top50perTarget', 'hg38__refseq-r80__10kb_up_and_down_tss.mc9nr.genes_vs_motifs.rankings'})","[('SPATA13', 1.055525977365507), ('TNFRSF1B', 0.0448229032668567), ('TNFRSF4', 0.5694402569169236), ('RUNX2', 0.2913497175759305), ('FBXW4', 0.767955674462014), ('BIRC3', 0.0817689355029422), ('SEMA4A', 10.03285049495275), ('LTB', 0.0996118353596987), ('REL', 1.0), ('DUSP2', 3.019131507312934), ('PPCDC', 3.3028332677486607), ('ELK3', 2.581800379965798), ('CCL1', 1.5764704210317575), ('SETD5', 0.1481171425630117), ('MAP3K11', 0.5359997176383724), ('NACC1', 0.0496531765897066), ('CRTAM', 0.0643525885817718), ('IGFBP2', 4.702703843229672), ('CD69', 1.1115377098255568), ('MYB', 3.864478695687482), ('NMT2', 0.0656865087628701), ('GZMK', 1.8497477700053404), ('PRPF39', 1.267646810802329), ('PVT1', 0.269879415533825), ('VAMP4', 0.1400553403640719)]",1185
REL,cisbp__M4497,0.0639789150519883,3.706249397869757,0.0,1.0,"gene is annotated for similar motif cisbp__M6449 ('REL[gene ID: ""ENSG00000162924"" species: ""Homo sapiens"" TF status: ""direct"" TF family: ""Rel"" DBDs: ""RHD""]; Rel[gene ID: ""ENSMUSG00000020275"" species: ""Mus musculus"" TF status: ""inferred"" TF family: ""Rel"" DBDs: ""RHD""]'; q-value = 9.55e-08)","frozenset({'activating', 'top50perTarget', 'hg38__refseq-r80__10kb_up_and_down_tss.mc9nr.genes_vs_motifs.rankings'})","[('SPATA13', 1.055525977365507), ('FBXW4', 0.767955674462014), ('TNFRSF4', 0.5694402569169236), ('REL', 1.0), ('RUNX2', 0.2913497175759305), ('SEMA4A', 10.03285049495275), ('CD70', 4.866205410421598), ('MAP3K11', 0.5359997176383724), ('BIRC3', 0.0817689355029422), ('MYB', 3.864478695687482), ('CD69', 1.1115377098255568), ('DUSP2', 3.019131507312934), ('GZMK', 1.8497477700053404), ('SCML4', 0.5952098022510168), ('TNFRSF1B', 0.0448229032668567), ('FURIN', 0.072697419106449), ('LTB', 0.0996118353596987), ('CCL1', 1.5764704210317575), ('CCL5', 0.5398085695379384), ('SPTSSB', 2.755733220305857), ('DNAJB1', 0.4715807662058716), ('FYN', 0.4775909767435023), ('VAMP4', 0.1400553403640719), ('CRTAM', 0.0643525885817718), ('SETD5', 0.1481171425630117), ('CDC42EP3', 0.3538335023605786), ('PRKACB', 0.2409918516102213), ('PHRF1', 2.225615187081895), ('ID3', 0.1402816866432247), ('IGFBP2', 4.702703843229672), ('NACC1', 0.0496531765897066), ('ACVR1', 4.5399327670229965), ('ZC3HAV1', 0.3742267198255878), ('ANKRD28', 0.2004698469218303), ('PVT1', 0.269879415533825), ('NABP1', 1.137071586401285), ('MEN1', 1.3159371336247712), ('FBRS', 0.9747910259649568), ('ELK3', 2.581800379965798), ('ETS1', 1.2986150966018344), ('GPR65', 2.355636761771528), ('RNF138', 3.994651980745152), ('SLC2A6', 3.1243175190192782), ('RHOH', 0.7895418995498055), ('NMT2', 0.0656865087628701), ('RGS14', 0.2810977449127783), ('EPC1', 4.010686568499811), ('SPRR1B', 0.3712832950244183), ('CAMK2G', 4.434799000511764), ('PPCDC', 3.3028332677486607)]",4159
REL,dbcorrdb__RELA__ENCSR000EBI_1__m1,0.07600573464245373,4.919297951087263,0.0,1.0,"gene is annotated for similar motif cisbp__M6449 ('REL[gene ID: ""ENSG00000162924"" species: ""Homo sapiens"" TF status: ""direct"" TF family: ""Rel"" DBDs: ""RHD""]; Rel[gene ID: ""ENSMUSG00000020275"" species: ""Mus musculus"" TF status: ""inferred"" TF family: ""Rel"" DBDs: ""RHD""]'; q-value = 2.71e-07)","frozenset({'activating', 'top50perTarget', 'hg38__refseq-r80__10kb_up_and_down_tss.mc9nr.genes_vs_motifs.rankings'})","[('ZMYM5', 0.6867343969322034), ('FBRS', 0.9747910259649568), ('CEP85L', 0.0031887789678265), ('CHD1', 0.1290627162637541), ('MLLT10', 4.71816450487802), ('SETD5', 0.1481171425630117), ('EPC1', 4.010686568499811), ('SCAF1', 1.187792987703698), ('FYN', 0.4775909767435023), ('CDKN1B', 1.393290338079895), ('ACVR1', 4.5399327670229965), ('ID3', 0.1402816866432247), ('SLC17A5', 0.3732139970469458), ('PCOLCE', 0.5709185866160637), ('SAT1', 2.6447314750897184), ('PPM1B', 3.5363360504574604), ('RCBTB2', 0.926582212823505), ('MIDN', 4.0504301276334775), ('CLK4', 0.3946448602084987), ('SPATA13', 1.055525977365507), ('FURIN', 0.072697419106449), ('CXCR4', 0.9630173777355244), ('MAP3K11', 0.5359997176383724), ('PDK1', 0.8715674037525248), ('ETS1', 1.2986150966018344), ('ELK3', 2.581800379965798), ('NABP1', 1.137071586401285), ('HOXB2', 3.17296525127455), ('CAMK2N1', 1.7660838661621805)]",1506
REL,factorbook__NFKB1,0.07544819995945203,4.8630639121963855,0.0,1.0,"gene is annotated for similar motif cisbp__M6449 ('REL[gene ID: ""ENSG00000162924"" species: ""Homo sapiens"" TF status: ""direct"" TF family: ""Rel"" DBDs: ""RHD""]; Rel[gene ID: ""ENSMUSG00000020275"" species: ""Mus musculus"" TF status: ""inferred"" TF family: ""Rel"" DBDs: ""RHD""]'; q-value = 1.11e-07)","frozenset({'activating', 'top50perTarget', 'hg38__refseq-r80__10kb_up_and_down_tss.mc9nr.genes_vs_motifs.rankings'})","[('MAP3K11', 0.5359997176383724), ('XRCC4', 3.1172304060831366), ('ELK3', 2.581800379965798), ('DOK2', 3.4516505732558502), ('CAMK2G', 4.434799000511764), ('BROX', 1.8273039771085835), ('SEMA4A', 10.03285049495275), ('CD79B', 0.5302942197990095), ('GPR65', 2.355636761771528), ('ACVR1', 4.5399327670229965), ('PPM1B', 3.5363360504574604), ('TMEM161B', 4.039458016690069), ('MIR4435-2HG', 0.0785443139162735), ('NABP1', 1.137071586401285), ('FYN', 0.4775909767435023), ('PHRF1', 2.225615187081895), ('DENND1C', 0.86975593699791), ('DUSP2', 3.019131507312934), ('CD247', 0.4618275517962642)]",749
RORA,transfac_pro__M03884,0.07767371696156385,3.8842108631247925,0.000508,1.0,gene is annotated for similar motif transfac_pro__M01138 ('V$RORA_Q4: RORalpha'; q-value = 0.000508),"frozenset({'activating', 'top50perTarget', 'hg38__refseq-r80__10kb_up_and_down_tss.mc9nr.genes_vs_motifs.rankings'})","[('XRCC1', 0.540928289540002), ('BIRC3', 1.4055166093186642), ('SPATA13', 0.3048938874361383), ('GADD45B', 0.4836665294832293), ('DUSP2', 0.0226448456051017), ('CDC42SE1', 3.824420143614127), ('TGFBR3', 4.882122460697829), ('AKNA', 0.51709571844193), ('TFEB', 0.7539387680034643), ('MAP3K8', 2.273690290523723), ('PRDM2', 2.0568690668102056), ('SOCS3', 0.3319511383032151), ('PDE4B', 2.443174182788855), ('IL13', 1.5111584405194618)]",277
RUNX2,transfac_pro__M07891,0.06445795688303685,3.8469810203901216,0.0,0.255278,gene is orthologous to FBgn0002576 in D. melanogaster (identity = 25%) which is directly annotated for motif,"frozenset({'activating', 'top50perTarget', 'hg38__refseq-r80__10kb_up_and_down_tss.mc9nr.genes_vs_motifs.rankings'})","[('SEPT9', 0.184993184370443), ('RUNX2', 1.0), ('CXCR4', 2.416986738590621), ('SPN', 1.3489382652815276), ('PHRF1', 5.346901353033329), ('LINC00152', 2.108255977918494), ('EPC1', 0.8824084017393438), ('ELF1', 0.1154388783884837), ('MBTPS1', 1.65063946779473), ('C1orf228', 0.2351861572520002), ('CCSER2', 0.2704846400042822), ('ETS1', 1.6706914377785087)]",651
RUNX3,transfac_pro__M07889,0.06435064197250312,3.1408008166565224,0.0,0.305361,gene is orthologous to FBgn0002576 in D. melanogaster (identity = 30%) which is directly annotated for motif,"frozenset({'activating', 'top50perTarget', 'hg38__refseq-r80__10kb_up_and_down_tss.mc9nr.genes_vs_motifs.rankings'})","[('MIDN', 0.118993567612797), ('FKBP11', 1.9745313529383373), ('MARCH9', 13.57099439909196), ('SEPT9', 0.0352806334851008), ('ELF1', 0.0666540792703274), ('SPAG9', 6.06530958301926), ('INTS6', 1.6325166242274989), ('RGS1', 2.5570359621896723)]",268
SP2,c2h2_zfs__M3928,0.0982274741506647,3.3035903773606927,0.000555,0.158238,gene is orthologous to FBgn0000233 in D. melanogaster (identity = 15%) which is annotated for similar motif jaspar__MA0443.1 ('btd'; q-value = 0.000555),"frozenset({'activating', 'top50perTarget', 'hg38__refseq-r80__10kb_up_and_down_tss.mc9nr.genes_vs_motifs.rankings'})","[('DNAJB1', 3.229163936749107), ('EGLN2', 1.404672545513613), ('SP2', 1.0), ('CXCR4', 0.8698533044438308), ('HPCAL1', 15.34213907251781)]",688
SP2,flyfactorsurvey__Bteb2_SOLEXA_2.5_FBgn0025679,0.09543738716559987,3.172646489831488,0.000555,0.158238,gene is orthologous to FBgn0000233 in D. melanogaster (identity = 15%) which is annotated for similar motif jaspar__MA0443.1 ('btd'; q-value = 0.000555),"frozenset({'activating', 'top50perTarget', 'hg38__refseq-r80__10kb_up_and_down_tss.mc9nr.genes_vs_motifs.rankings'})","[('PRRC2B', 2.39518968688221), ('CD8A', 1.1189244920644283), ('ACVR2A', 7.153853855499942), ('PRKX', 2.707632616062612)]",351
SP2,cisbp__M5856,0.09264730018053505,3.041702602302284,0.000539,1.0,motif similar to transfac_pro__M00932 ('V$SP1_Q4_01: Sp1'; q-value = 0.000539) which is directly annotated,"frozenset({'activating', 'top50perTarget', 'hg38__refseq-r80__10kb_up_and_down_tss.mc9nr.genes_vs_motifs.rankings'})","[('CXCR4', 0.8698533044438308), ('GIMAP7', 3.006263330205014), ('FBXW11', 8.274588756243316)]",136
SP2,taipale__SP8_DBD_NMCMCGCCCMCN,0.09744789102248481,3.267003114668709,0.000508,1.0,motif similar to transfac_pro__M00932 ('V$SP1_Q4_01: Sp1'; q-value = 0.000508) which is directly annotated,"frozenset({'activating', 'top50perTarget', 'hg38__refseq-r80__10kb_up_and_down_tss.mc9nr.genes_vs_motifs.rankings'})","[('SETD5', 4.551006136015698), ('NACC1', 7.538692132863962), ('ACVR2A', 7.153853855499942), ('FAM168A', 32.535734259391994), ('HPCAL1', 15.34213907251781), ('FBXW11', 8.274588756243316), ('KCTD10', 21.36016388528705), ('CXCR4', 0.8698533044438308), ('STMN3', 5.064729365816176), ('DNAJB1', 3.229163936749107), ('EGLN2', 1.404672545513613), ('PRIM2', 5.768880928936162)]",2963
SP2,hocomoco__E2F4_MOUSE.H11MO.0.A,0.09393976694567537,3.1023604325547827,4.3e-05,1.0,gene is annotated for similar motif hocomoco__SP2_HUMAN.H11MO.1.B ('SP2_HUMAN'; q-value = 4.33e-05),"frozenset({'activating', 'top50perTarget', 'hg38__refseq-r80__10kb_up_and_down_tss.mc9nr.genes_vs_motifs.rankings'})","[('FKBP11', 0.5628822939746123), ('USP8', 3.842436160705496), ('NACC1', 7.538692132863962), ('CD8A', 1.1189244920644283), ('SP2', 1.0), ('HPCAL1', 15.34213907251781)]",999
SP2,dbcorrdb__SP1__ENCSR000BKO_1__m2,0.09287296898079764,3.0522936520289106,7e-06,1.0,gene is annotated for similar motif hocomoco__SP2_HUMAN.H11MO.0.A ('SP2_HUMAN'; q-value = 6.65e-06),"frozenset({'activating', 'top50perTarget', 'hg38__refseq-r80__10kb_up_and_down_tss.mc9nr.genes_vs_motifs.rankings'})","[('USP8', 3.842436160705496), ('ACVR2A', 7.153853855499942), ('AKT1', 5.951847560922498), ('CXCR4', 0.8698533044438308), ('HPCAL1', 15.34213907251781)]",544
SP2,hocomoco__KLF9_HUMAN.H11MO.0.C,0.09445265058263581,3.1264310001152986,6e-06,1.0,gene is annotated for similar motif transfac_pro__M03807 ('V$SP2_Q3_01: SP2'; q-value = 6.39e-06),"frozenset({'activating', 'top50perTarget', 'hg38__refseq-r80__10kb_up_and_down_tss.mc9nr.genes_vs_motifs.rankings'})","[('ZFP36', 5.819789858434004), ('SP2', 1.0), ('CXCR4', 0.8698533044438308), ('SETD5', 4.551006136015698), ('DHX40', 14.667387327521142), ('FAM168A', 32.535734259391994)]",1094
SP2,transfac_pro__M00931,0.09787871327753159,3.287222391419542,0.0,1.0,gene is annotated for similar motif transfac_pro__M00932 ('V$SP1_Q4_01: Sp1'; q-value = 7.3e-09),"frozenset({'activating', 'top50perTarget', 'hg38__refseq-r80__10kb_up_and_down_tss.mc9nr.genes_vs_motifs.rankings'})","[('SETD5', 4.551006136015698), ('GABARAPL1', 9.271940699108733), ('ACVR2A', 7.153853855499942), ('SPON2', 42.56751342310461), ('APBB1IP', 2.9106584488822014), ('MED15', 6.712640804508995), ('GIMAP7', 3.006263330205014)]",1359
SP2,transfac_pro__M01783,0.11322419169538815,4.0074137728301675,0.0,1.0,gene is directly annotated,"frozenset({'activating', 'top50perTarget', 'hg38__refseq-r80__10kb_up_and_down_tss.mc9nr.genes_vs_motifs.rankings'})","[('NACC1', 7.538692132863962), ('AKT1', 5.951847560922498), ('ACVR2A', 7.153853855499942), ('HPCAL1', 15.34213907251781), ('FBXW11', 8.274588756243316), ('SPON2', 42.56751342310461), ('ZFP36', 5.819789858434004), ('FAM168A', 32.535734259391994)]",2023
SP2,taipale_cyt_meth__SP2_NYWAGYCCCGCCCMCYN_eDBD_meth,0.1089159691449204,3.8052210053218367,0.0,1.0,gene is directly annotated,"frozenset({'activating', 'top50perTarget', 'hg38__refseq-r80__10kb_up_and_down_tss.mc9nr.genes_vs_motifs.rankings'})","[('CXCR4', 0.8698533044438308), ('SETD5', 4.551006136015698), ('EGLN2', 1.404672545513613), ('DNAJB1', 3.229163936749107), ('ACVR2A', 7.153853855499942), ('AKT1', 5.951847560922498), ('NACC1', 7.538692132863962)]",1369
XRCC4,dbcorrdb__GABPA__ENCSR000BPY_1__m1,0.06228611796654954,3.5127700572983636,0.000953,1.0,"gene is annotated for similar motif dbcorrdb__XRCC4__ENCSR000FAC_1__m1 ('XRCC4 (ENCSR000FAC-1, motif 1)'; q-value = 0.000953)","frozenset({'activating', 'top50perTarget', 'hg38__refseq-r80__10kb_up_and_down_tss.mc9nr.genes_vs_motifs.rankings'})","[('PTPN22', 1.7118022696108144), ('CCDC91', 0.7428080691620063), ('XCL1', 0.4724203657656545), ('WIPF1', 0.3640059131868625), ('DOK2', 0.2743936589036401), ('RUNX2', 8.7706013061233), ('PRKACB', 0.2417978303998364), ('LINS1', 1.6096070549092394), ('MBTPS1', 2.4838976892552798), ('GTF2H2', 2.0793019496308154), ('CXCR4', 0.7094478983186017), ('CEP85L', 0.9149254423473472), ('SLC25A38', 0.0449142892600466), ('XRCC4', 1.0), ('ETS1', 1.354981528378536)]",944
XRCC4,dbcorrdb__GABPA__ENCSR000BIW_1__m1,0.06098791709863574,3.3868235573417986,0.00036,1.0,"gene is annotated for similar motif dbcorrdb__XRCC4__ENCSR000FAC_1__m1 ('XRCC4 (ENCSR000FAC-1, motif 1)'; q-value = 0.00036)","frozenset({'activating', 'top50perTarget', 'hg38__refseq-r80__10kb_up_and_down_tss.mc9nr.genes_vs_motifs.rankings'})","[('BLVRB', 0.6252045641753508), ('KCNAB2', 0.0456257608264426), ('POLD1', 6.585076308135725), ('NABP1', 0.0249759943683663), ('SULF2', 2.500362338156665), ('CEP85L', 0.9149254423473472), ('DUSP2', 0.7836056470998187), ('WDTC1', 5.7688318855820615), ('TNIK', 0.5469564750015775), ('PHRF1', 2.707782000820672), ('TFEB', 7.212868838540827)]",434
XRCC4,dbcorrdb__POLR2A__ENCSR000EAY_1__m1,0.0595016376597521,3.2426303913137877,0.000293,1.0,"gene is annotated for similar motif dbcorrdb__XRCC4__ENCSR000FAC_1__m1 ('XRCC4 (ENCSR000FAC-1, motif 1)'; q-value = 0.000293)","frozenset({'activating', 'top50perTarget', 'hg38__refseq-r80__10kb_up_and_down_tss.mc9nr.genes_vs_motifs.rankings'})","[('BLVRB', 0.6252045641753508), ('S100A2', 0.1425409639750362), ('SEPT9', 0.6841338769526498), ('LINC00152', 1.1998041958459478), ('ACSL5', 0.91704561385512), ('CD247', 0.4171018853187359), ('CWC22', 0.1301667052178222), ('FAM78A', 1.3755599160843968), ('RUNX2', 8.7706013061233), ('FURIN', 0.8350978754371836), ('WIPF1', 0.3640059131868625), ('SULF2', 2.500362338156665), ('NABP1', 0.0249759943683663), ('CEP85L', 0.9149254423473472), ('GOLGA8B', 0.4226340264431659), ('G2E3', 2.3721461103201182), ('TSC22D3', 0.2025974225179143), ('CCDC57', 0.2769890995930323), ('GTF2H2', 2.0793019496308154)]",1414
ZNF195,transfac_pro__M06067,0.09335654498136034,3.6990689752393706,0.0,1.0,gene is directly annotated,"frozenset({'activating', 'top50perTarget', 'hg38__refseq-r80__10kb_up_and_down_tss.mc9nr.genes_vs_motifs.rankings'})","[('EVI2B', 1.010140236069528), ('APOE', 2.9851575944105373), ('CCND3', 0.449820025294956), ('FAM135A', 13.322828300648377), ('PHF3', 6.523955188023328), ('MIR181A1HG', 4.688967563903316)]",494
ZNF740,hocomoco__TBX15_HUMAN.H11MO.0.D,0.09909212090643801,3.890151206980713,4e-06,1.0,gene is annotated for similar motif hocomoco__ZN740_HUMAN.H11MO.0.D ('ZN740_HUMAN'; q-value = 3.8e-06),"frozenset({'activating', 'top50perTarget', 'hg38__refseq-r80__10kb_up_and_down_tss.mc9nr.genes_vs_motifs.rankings'})","[('FOXP4', 20.14377364600384), ('TIMP1', 0.1909400349921869), ('PPCDC', 0.4191579927262348), ('ZNF740', 1.0), ('SIT1', 1.081195677052923), ('PHF1', 1.6354600820673832), ('GSN', 0.8474665562979575), ('MIAT', 5.5048354677272044), ('CTSW', 0.3873926477763155), ('PKN1', 3.796536744461824), ('ID3', 5.073065997179166), ('CST7', 0.1711638916059286), ('RCBTB2', 0.6456285345795204), ('C11orf21', 18.4739019162752), ('FAM105A', 1.9604318201194904)]",3936
